split,npy_index,image_filename,mask_filename,mask_sha256,image_mae,image_correlation
train,0,ISIC_0000240.jpg,ISIC_0000240_segmentation.png,386214f010bf42430d4ae3ef20bd0f8e61ade46ae1f6283dbd1eb4a07b885ea6,0.109848022,0.999945380
train,1,ISIC_0006940.jpg,ISIC_0006940_segmentation.png,1429516f9400e98547eb3f9f67a8430b68566cdffb9ca0deb8ab69db8d95ea04,0.108510335,0.999958466
train,2,ISIC_0011328.jpg,ISIC_0011328_segmentation.png,82ecbcf2ea31948fd0c8925faa37a3677bcfa8ead792414e14b8bd8de2e4760d,0.194966634,0.999850952
train,3,ISIC_0012377.jpg,ISIC_0012377_segmentation.png,3f00baf6db496cbda7117561af481a9445eadc415cc9a784f143e9b4e4d49020,0.275431315,0.999789720
train,4,ISIC_0013365.jpg,ISIC_0013365_segmentation.png,d5caa9baa089ed7d1b19a306323e9ec4e9c150408d2d72969c30bb68510771b2,0.455744425,0.999585635
train,5,ISIC_0010590.jpg,ISIC_0010590_segmentation.png,f9f14643407484b7f7b7ad876c65cf4573dfe61353b1bc0fdd863ff6698e6d25,0.078989665,0.999940378
train,6,ISIC_0011344.jpg,ISIC_0011344_segmentation.png,88c31dd0278db392cbf7a068af9683500061f0bb5b7e9da2f8aaa9e273bd3129,0.355097453,0.999648011
train,7,ISIC_0010089.jpg,ISIC_0010089_segmentation.png,6fc8bfdeac24304244aaea727f0770e116b45aa613a905a926744f5917ad65ae,0.130701701,0.999885129
train,8,ISIC_0014742.jpg,ISIC_0014742_segmentation.png,85772d146d002bf78abf51a19cfa74a29313c1d1314e5b44492418c11d30da8f,0.496414185,0.999930172
train,9,ISIC_0000126.jpg,ISIC_0000126_segmentation.png,43fb0a2a8392ba82064b7d348e69b3d2f510733b36305f747542dcf4c6679d49,0.000000000,1.000000000
train,10,ISIC_0013405.jpg,ISIC_0013405_segmentation.png,bfe371dcc4160bbb2f5d858398561065078fa4574ce6c7b091b9f5c4c94a8b57,0.237711589,0.998907572
train,11,ISIC_0012793.jpg,ISIC_0012793_segmentation.png,48c99cc90a4fd79dc569737ab6a1a7f2d0d2f8572e452cbfd4249be253a741ac,0.231679281,0.999835702
train,12,ISIC_0010251.jpg,ISIC_0010251_segmentation.png,71327d6d00a998f2a966bf6dc88c6a176efff5adcb0fdcf0cef813b46cfa2634,0.115203857,0.999936322
train,13,ISIC_0010471.jpg,ISIC_0010471_segmentation.png,6849c96b1c9a2ff22a04793990e57bf659dffd2acea7331fe893e65567cd6066,0.242838542,0.999923512
train,14,ISIC_0000455.jpg,ISIC_0000455_segmentation.png,fbff1b2942650985f683d9b74cd1a63bca5e89b302175a6680a1cadbac332d89,0.082463582,0.999951463
train,15,ISIC_0013316.jpg,ISIC_0013316_segmentation.png,f013d5631152346b35a9b410cd4c7a0c019a731b47042802d7a15d42a10a1441,0.226160685,0.999842620
train,16,ISIC_0011321.jpg,ISIC_0011321_segmentation.png,c3b33cfc45d05d82ae3e80f58d5820755887dd97c8dc99ab93293bebd055cf4e,0.155466715,0.999924278
train,17,ISIC_0014630.jpg,ISIC_0014630_segmentation.png,b4415e6ca0efa77903fe5b9e7678a4ede4e8294a4f47983a9353bcb9e9fc0a5a,0.148752848,0.999928196
train,18,ISIC_0011115.jpg,ISIC_0011115_segmentation.png,0bad2e915c0f35f01917e460efc50325570833bf3a0c5c5e6636d51c0022248c,0.262161255,0.999744174
train,19,ISIC_0010225.jpg,ISIC_0010225_segmentation.png,23e8a2ea5cb052ff398b06ef8d23c62fd1aa35451fa9a8c23c2d8d12005cf87e,0.203201294,0.999703346
train,20,ISIC_0000513.jpg,ISIC_0000513_segmentation.png,a259e31635c006b8430d2c94c9513a929870ecf6c5b75224a896ecc336528880,0.244501750,0.999860552
train,21,ISIC_0014108.jpg,ISIC_0014108_segmentation.png,b1b11c5c437f3c208fe5a83d280aa81ea98b0c0801b42f21c9fb31607699925a,0.084833781,0.999948895
train,22,ISIC_0008659.jpg,ISIC_0008659_segmentation.png,2672cc2dbaa5e4bb4a345f43f7d03816209958b5c058d9adec0311456701f996,0.211705526,0.999658977
train,23,ISIC_0013946.jpg,ISIC_0013946_segmentation.png,4986375e414cf95dabef9f183f9a7271917cd260d0ba9bb44dc7534add6b5dfe,0.172754924,0.999744824
train,24,ISIC_0009963.jpg,ISIC_0009963_segmentation.png,9bb1e0d804f98d71fe9a5cc096e7edd067e95f8157b6779ccf54b7a0695a766b,0.057907104,0.999907848
train,25,ISIC_0000193.jpg,ISIC_0000193_segmentation.png,a9379bc0e66b3bebc09a42a2fda84331b7b5efd7bbffcddad25c5add491f62f7,0.209314982,0.999935093
train,26,ISIC_0001100.jpg,ISIC_0001100_segmentation.png,081bbf296b8a3f0a2a952913d641e554b2bb97ed0619e5c3d9aade7a24199670,0.112075806,0.999917221
train,27,ISIC_0012721.jpg,ISIC_0012721_segmentation.png,5544cfdb621e04f1aecfa6972dbbd9a5a57819f006bdf236adede233834a5c4e,0.151143392,0.999814038
train,28,ISIC_0002453.jpg,ISIC_0002453_segmentation.png,312bcf2df3c87d2d2354b2d24e553d0477508269fdccade7a6a4acf14f471a22,0.293457031,0.999736399
train,29,ISIC_0013927.jpg,ISIC_0013927_segmentation.png,4a6188a5ec42d3c4b2e3035a9f6dac4da29f5072fc3817f615676fa3f2cf40d7,0.226491292,0.999562762
train,30,ISIC_0012666.jpg,ISIC_0012666_segmentation.png,65b203b9c3b17f3efe9da79264d53a969c3d78700288661c7a1d1d73bb323036,0.104395549,0.999948339
train,31,ISIC_0012756.jpg,ISIC_0012756_segmentation.png,c4aae21ecf27aaccf9842fdc4e3486eeaf7d45c08c63401c8f7d478c07f9f4c1,0.100046794,0.999904676
train,32,ISIC_0011107.jpg,ISIC_0011107_segmentation.png,08939b055223c0cd90b405a9f48b50ef9ea9e53b2bd9b2ed556bcb84efc81030,0.274454753,0.999914173
train,33,ISIC_0010237.jpg,ISIC_0010237_segmentation.png,b3d794c24dacfda2a1fb7ce408cd5450c85035238ac31a99ea29e4aeba352ba1,0.211232503,0.999905548
train,34,ISIC_0010364.jpg,ISIC_0010364_segmentation.png,c679c2a503d5a52ec8779e152d4f3d82580010b80599613662cff9cbc12898d5,0.197525024,0.999894159
train,35,ISIC_0010088.jpg,ISIC_0010088_segmentation.png,751e82095cb29556eafaecde1eba503627b3b8a206501ed790f00dbd20a11faa,0.199305216,0.999800189
train,36,ISIC_0000303.jpg,ISIC_0000303_segmentation.png,0f4ad0ee345c70071ad7111d67694f614e2271c12d2b2878f145d9ead56dc1b0,0.000000000,1.000000000
train,37,ISIC_0012116.jpg,ISIC_0012116_segmentation.png,7c5c6008cfd1faa48cb9b380020924f9933269131ea06325d34fa707f7fb1332,0.233739217,0.999898842
train,38,ISIC_0000118.jpg,ISIC_0000118_segmentation.png,7fc19978610667fbd1241494647d97540441ddee00386f1cfddcc04f495df125,0.000000000,1.000000000
train,39,ISIC_0011168.jpg,ISIC_0011168_segmentation.png,90d4351e506780c567d5182eedf56b4d1f7645057fa3c21b992d1c6d56c1688e,0.207651774,0.999763401
train,40,ISIC_0011225.jpg,ISIC_0011225_segmentation.png,ab810b56954a76742dfb1a9b1592c00eef3d5c2bb70afbf474d50c79ab5fad92,0.216278076,0.999873574
train,41,ISIC_0000198.jpg,ISIC_0000198_segmentation.png,4fe1da15c1a1c81db54bf6b01b420633f738b779886adeedf6fc473cd21fcb2f,0.207194010,0.999958561
train,42,ISIC_0011102.jpg,ISIC_0011102_segmentation.png,e09f991954cb31738a6fa1adec422342f67cfa122966fd49e87cd77ca2e3157e,0.235290527,0.999860453
train,43,ISIC_0011169.jpg,ISIC_0011169_segmentation.png,a01e09dea83f11dc23d56f6210c62facbd03e7f2875c1b55218835aae6718133,0.188161214,0.999915899
train,44,ISIC_0012209.jpg,ISIC_0012209_segmentation.png,1e79f153c49779e426b590bcce8674d2e7dccc7748a0a90035d5c818c1c07429,0.225184123,0.999942567
train,45,ISIC_0012678.jpg,ISIC_0012678_segmentation.png,d583d957d9a0a767a995cbd7ee0dfa62ee2f4377ce745779c1f2460cd9fbfc92,0.132598877,0.999926857
train,46,ISIC_0005555.jpg,ISIC_0005555_segmentation.png,869d92616af8b7eb44eaa24924ddb63f58c5e2489f65e58e3fe911564c643132,0.271850586,0.999866676
train,47,ISIC_0013804.jpg,ISIC_0013804_segmentation.png,792a5d3d46fc5542ea9f0a59212391ef5ec7f2d2807247828bb3e6dfdf49e2b0,0.219034831,0.999747696
train,48,ISIC_0007322.jpg,ISIC_0007322_segmentation.png,9badcc3de0d2761fbb0fd8d970be6d24505e830c43e88b6e2380a1e8333369ef,0.215016683,0.999947900
train,49,ISIC_0011214.jpg,ISIC_0011214_segmentation.png,432d88acc41b90fa9154bb7a65a380f15ccfc9fb9cb5626c8e8736a164edff1a,0.206105550,0.999946412
train,50,ISIC_0009962.jpg,ISIC_0009962_segmentation.png,706cf2f3c0b192209f16195d1fdcfb0529face01dbef19b26005e2e3679cc183,0.223515828,0.999955431
train,51,ISIC_0014433.jpg,ISIC_0014433_segmentation.png,61f3b4ddaad466fb60a5974e01093113832e4d53c6696e5af54ed1b95a9a5fac,0.099685669,0.999905787
train,52,ISIC_0014692.jpg,ISIC_0014692_segmentation.png,86cc66b460e7b836ab375e3b0b1e071c73602f2d38d68f84fa739a5d4c3b7acf,0.553792318,0.999744336
train,53,ISIC_0000105.jpg,ISIC_0000105_segmentation.png,147a0576a5744fa01fbf83d58515492065dc12df4cabd5f86e6582df015f21ae,0.136428833,0.999924396
train,54,ISIC_0000136.jpg,ISIC_0000136_segmentation.png,c94c9b1d2adabccda57b333d423ea05534738ba8972251b9c2a85ebc2e2c5ec0,0.118713379,0.999991644
train,55,ISIC_0010205.jpg,ISIC_0010205_segmentation.png,aba10f39a128c888aabc083243121ce0c4f9940edf3a416ee99e41a4cd90de15,0.132202148,0.999960869
train,56,ISIC_0010455.jpg,ISIC_0010455_segmentation.png,b524fadca3c15c296958a871d15eda9206ead81c0c4e31e239d88d468d1e692a,0.236918132,0.999924097
train,57,ISIC_0000476.jpg,ISIC_0000476_segmentation.png,a1f7423866d7dde9ff5bcba8ae1f9f063188718ae595b034696d388ee37b4a59,0.217946370,0.999924036
train,58,ISIC_0009956.jpg,ISIC_0009956_segmentation.png,3367ed3fa951cbf258cbebc353ae31eb49e68476ffabf981f87d477a20c689c6,0.154937744,0.999932045
train,59,ISIC_0000037.jpg,ISIC_0000037_segmentation.png,8cd4fe608219c381961d9a2830ad435d4fe6c3703dad34f68f1fcaa5f8838fc7,0.147801717,0.999976405
train,60,ISIC_0013488.jpg,ISIC_0013488_segmentation.png,c8dcd9dfb9a553af493b0970a985f3b23342d08fb06d0bd9d98bf0759f11505c,0.356328328,0.999642737
train,61,ISIC_0010011.jpg,ISIC_0010011_segmentation.png,ce3128799c67e9692d527180e344bac15146367477700855eda90b5d337cd22c,0.165807088,0.999834694
train,62,ISIC_0010093.jpg,ISIC_0010093_segmentation.png,184d19d0c93c8fc41c61e8eda997f1f707cb16ab982733ce9cf302ee088aaff4,0.177225749,0.999853781
train,63,ISIC_0014602.jpg,ISIC_0014602_segmentation.png,70ef243f8f22efb8698a5578ca56de4dbe754ed3971d7d51e502755efe71b8cf,0.218739827,0.999913821
train,64,ISIC_0000002.jpg,ISIC_0000002_segmentation.png,3c12f7d57fe0a9c2d9359c1b191a48917fb7f1638150b3e67639b8cc82361221,0.227330526,0.999945852
train,65,ISIC_0013146.jpg,ISIC_0013146_segmentation.png,02c978c7216ad786871d47993941c9e0e313526ce299bf4faa9b83bcffef95da,0.160547892,0.999822237
train,66,ISIC_0014711.jpg,ISIC_0014711_segmentation.png,c6794af9a0b1d3e32d1d8624f9fcfb1d54784c347d5bf10ed4814f4bd656e550,0.335876465,0.999948602
train,67,ISIC_0012359.jpg,ISIC_0012359_segmentation.png,1f6308d18e3e5137c5e948263ef74d91b2d798dd2e3a26964102b9749f39251f,0.188385010,0.999689331
train,68,ISIC_0000094.jpg,ISIC_0000094_segmentation.png,13ee8870f7565233c5d9eeb011cf8044b4e1c4a097e4a9e1fb25db3c10fa1d4b,0.190831502,0.999885496
train,69,ISIC_0014547.jpg,ISIC_0014547_segmentation.png,0bb82a5f9fd6cee5bd8f77d029b4f676d6838c895e43c1009a7b344d7ad8e26f,0.114023844,0.999843357
train,70,ISIC_0000261.jpg,ISIC_0000261_segmentation.png,9aafed39d0bbca046bba39a03be8a086dc0fbf21675a6b550c43072cdc455bd0,0.117141724,0.999916936
train,71,ISIC_0012333.jpg,ISIC_0012333_segmentation.png,aa47243586ef818bb2549e3623fe7608c01ffbb1ac3e95d2311a7124f75f7a35,0.198247274,0.999710888
train,72,ISIC_0000474.jpg,ISIC_0000474_segmentation.png,ed0b9aec4b0edfc0fce6b6bc6dfe719db6b7de6726005c276119decd486b3e0c,0.221054077,0.999921647
train,73,ISIC_0009891.jpg,ISIC_0009891_segmentation.png,2b618aca3aa1d19bcae758dc98c94db55b2f64c0ce6776831288125c3d2fb620,0.137278239,0.999891438
train,74,ISIC_0010597.jpg,ISIC_0010597_segmentation.png,28f26beecfdfb15b7eff86f94c1702457bb7614645e73b1d2a4645423f90e038,0.189305623,0.999941921
train,75,ISIC_0007760.jpg,ISIC_0007760_segmentation.png,7b9a3e8f0234cb8026f31f7163d75ac0a2a16346c65d65e313c9f8eacb46b788,0.287724813,0.999880582
train,76,ISIC_0010186.jpg,ISIC_0010186_segmentation.png,f8deb9ed3a8d537a58af8f57498094886ffc0289a0057603028f1b058f3f08a2,0.151143392,0.999758267
train,77,ISIC_0004309.jpg,ISIC_0004309_segmentation.png,4c1e5c7129f7200d9f335677ead75ff3af52ba77c271b81ab4e9517eaef91685,0.252690633,0.999839661
train,78,ISIC_0012982.jpg,ISIC_0012982_segmentation.png,07b36bc86a3ac63640e05de34247ac0ff82dea13dd2c3281e07c32a1299ac2bf,0.157623291,0.999790534
train,79,ISIC_0000314.jpg,ISIC_0000314_segmentation.png,49720b2ac84de381f157de03d50c9a543caeab7dee313fd6caeb29207fc4973a,0.000000000,1.000000000
train,80,ISIC_0000463.jpg,ISIC_0000463_segmentation.png,c185c518e82a2fc41258791041640cda09a9bba42096942fd4f5d286319c10d8,0.087560018,0.999975316
train,81,ISIC_0011158.jpg,ISIC_0011158_segmentation.png,48a17ef98af47d704b5f48609008bae2d9b2ed1926846fdca80e4d7b1ac69378,0.250284831,0.999848028
train,82,ISIC_0013355.jpg,ISIC_0013355_segmentation.png,7e8ff75e5495f2bc548ab686ec275deb9692f760aa8a0a833a9a83763fde0c4d,0.226186117,0.999646201
train,83,ISIC_0012245.jpg,ISIC_0012245_segmentation.png,4869a2f353afa45685db5346150e4ebce1c9507d3e58809d131657312a94555a,0.169052124,0.999902581
train,84,ISIC_0008145.jpg,ISIC_0008145_segmentation.png,154985491f567d427a7a2a08ec3cfd44ca0471e13b8339dae2922caa2a3f3c1f,0.259480794,0.999885336
train,85,ISIC_0012739.jpg,ISIC_0012739_segmentation.png,f23dccdb84e76c9c479293ea9d51c89ead29ccd54588f7b231f10ea39fcdf920,0.211105347,0.999869371
train,86,ISIC_0000519.jpg,ISIC_0000519_segmentation.png,6e6f553cf8ac777a60ba4061348730cc3c5547ab9e58cc376e1fd8fa715ed18f,0.146321615,0.999935929
train,87,ISIC_0010598.jpg,ISIC_0010598_segmentation.png,62a862b8cd9225713b16e215419f8ced2484bea77a29e36d07423f44f5a4aa39,0.251388550,0.999734837
train,88,ISIC_0000299.jpg,ISIC_0000299_segmentation.png,f510245901074b6de65139e3b29d10323cc95c167d045d951c75e301a4c765e7,0.000000000,1.000000000
train,89,ISIC_0015200.jpg,ISIC_0015200_segmentation.png,ba43304aa07bd16d94f59eca4f9e7c235b169a7e98a3cc6dcccce728e026c2b7,0.708328247,0.999795348
train,90,ISIC_0013594.jpg,ISIC_0013594_segmentation.png,fc0d1d8a219fae306470beac9e35a4685fd45f4c48974e1550a38d043fd08f63,0.412358602,0.999728282
train,91,ISIC_0013749.jpg,ISIC_0013749_segmentation.png,176963f704922a54f6e178a5098cedeb0abfdb17f2e84d3650b17a1d5f08a54e,0.245875041,0.999704053
train,92,ISIC_0013429.jpg,ISIC_0013429_segmentation.png,1f14aa5919b9e182425fdc5c2e10dc725537bc71582a4c9932282cbb699f7049,0.193715413,0.999860241
train,93,ISIC_0010846.jpg,ISIC_0010846_segmentation.png,57d7bb812b62461c74923896024742cecd858b080dcd8e33d602cc071457fdc3,0.221445719,0.999765592
train,94,ISIC_0010177.jpg,ISIC_0010177_segmentation.png,0f30de633bcd6161f264f1587662558d4075c56a1db7078ac713d571ebfea3c8,0.241973877,0.999847007
train,95,ISIC_0013434.jpg,ISIC_0013434_segmentation.png,3ca34abf5970d6b507dd0165e84aa465107b05fb8c975a154bf2dcf844cb9e7c,0.260645549,0.999396260
train,96,ISIC_0013461.jpg,ISIC_0013461_segmentation.png,56f9fc3ff764bb535efbdf11728665165fdcfc444dbb30e6beb1904d61d3d980,0.208557129,0.999875239
train,97,ISIC_0010201.jpg,ISIC_0010201_segmentation.png,f46f7fc81a27032e9ad5eede25598acba82169bc2e4fd8b1854c2406dee57637,0.157903035,0.999950723
train,98,ISIC_0014151.jpg,ISIC_0014151_segmentation.png,daf0ce59a7bb3f221ff3b337e5cfac5c21e3b55e916cb6350dda9ad8a1a8df56,0.097808838,0.999928518
train,99,ISIC_0000412.jpg,ISIC_0000412_segmentation.png,be9f94624c1175f25636f684f61dadb2f90db0b6c258603edd03f5d24fe2ad24,0.142883301,0.999891019
train,100,ISIC_0003174.jpg,ISIC_0003174_segmentation.png,123beff89e99f459f05d89a8bffd1206e619b2bcafd4e2be0921935bf035d416,0.172566732,0.999960311
train,101,ISIC_0011382.jpg,ISIC_0011382_segmentation.png,6f879568be818a4b1883356b3f585ef948acf615aba75b3139e675125911c0d1,0.152140299,0.999963348
train,102,ISIC_0014613.jpg,ISIC_0014613_segmentation.png,99cddf383d163bad453d7d86981a1d20d3fb077f0b3a11358c82fe9e4192f9f2,0.177881877,0.999918291
train,103,ISIC_0000466.jpg,ISIC_0000466_segmentation.png,689abd07afe6b256fda832e314ad559c08a86ee2d80e18f6fc22a7f0e733f873,0.210866292,0.999926345
train,104,ISIC_0014028.jpg,ISIC_0014028_segmentation.png,8429e0c9b2b3ea1d8692149a50a8d9825f5607c43310c09e9cb7fe86b72ab7db,0.164632161,0.999825084
train,105,ISIC_0011079.jpg,ISIC_0011079_segmentation.png,2b98d790cf8a0c7dd2d1677e6606154a4c28b78b419225680bff5ad2eb261849,0.150512695,0.999943906
train,106,ISIC_0013674.jpg,ISIC_0013674_segmentation.png,89b6249cd314080443e1b406daf38d85b51ddda2b7cf1f223cbc271b0e702852,0.472671509,0.999642890
train,107,ISIC_0010460.jpg,ISIC_0010460_segmentation.png,d55eb06fc61ae82f2c3ca6ca7f58be8739ca15f0a54f4aaf648aa7119b4c19fc,0.209360758,0.999888470
train,108,ISIC_0014762.jpg,ISIC_0014762_segmentation.png,44f5aba5a068290f053c5bfe15d5f86f7bd6bcbe39109e1d62d6d3520509c612,0.508219401,0.999915347
train,109,ISIC_0014476.jpg,ISIC_0014476_segmentation.png,b1da35dc865429601bc61cd0db00288cc6591a339cdddf10bb4a83bf96a758af,0.118199666,0.999918264
train,110,ISIC_0009953.jpg,ISIC_0009953_segmentation.png,d7982dbe86d300cbd25815da701b864a380f926f461a26a162be67fe9311a1dc,0.312210083,0.999852409
train,111,ISIC_0013713.jpg,ISIC_0013713_segmentation.png,8ef0861fa55e26cff39b53340cb5feead3a89e173ebc8dbfe7993b0791dd9f5b,0.208964030,0.999612058
train,112,ISIC_0014606.jpg,ISIC_0014606_segmentation.png,718aaef8a8a4a1422ea734da16a4b418146abae1fbff8ece54a91a090f472ce1,0.148783366,0.999973409
train,113,ISIC_0012148.jpg,ISIC_0012148_segmentation.png,af06662cc03d703e49e7cc92c5570c4ea4ee751d77d8e20c95795f2bd7787a4d,0.218358358,0.999811840
train,114,ISIC_0012539.jpg,ISIC_0012539_segmentation.png,ec194463106250f77119c26b4537dbb405a3a498a7ecab58ef0f1737df1a3a53,0.158574422,0.999742143
train,115,ISIC_0010247.jpg,ISIC_0010247_segmentation.png,7375f006802832d4001aa7007f1c0b1ce8ae152565d17007e180aaca7bf602e5,0.176055908,0.999915575
train,116,ISIC_0000508.jpg,ISIC_0000508_segmentation.png,f288667857eef0ba887ea015f5a43d0ed169684d4cdb1fc52c5943c80e945272,0.273793538,0.999862057
train,117,ISIC_0012681.jpg,ISIC_0012681_segmentation.png,886af89307cf547ce53f8b1bdf33909390ce40692aad98400093223bbed782a7,0.105880737,0.999726785
train,118,ISIC_0013983.jpg,ISIC_0013983_segmentation.png,a677fe0e6d5b6633c9603898b4efa0e4ee78640c0f6714c75cdd90071a142000,0.301269531,0.999843772
train,119,ISIC_0012696.jpg,ISIC_0012696_segmentation.png,6fd6c6bcea56b23bf7a271c3502e6aa80f77643d0ab6ff21249d4df27ed61f15,0.214126587,0.999812914
train,120,ISIC_0009935.jpg,ISIC_0009935_segmentation.png,ac68e793700d61161412ee1d233bccca145d2216d09981aadac70e10c2447097,0.260752360,0.999697187
train,121,ISIC_0009943.jpg,ISIC_0009943_segmentation.png,cb512bfe2e1a8417957e1c0897f3e80d6fb99536fb331bb8c302d50b41aacc82,0.161443075,0.999773561
train,122,ISIC_0010000.jpg,ISIC_0010000_segmentation.png,60f8a706d5979bdfb8ba111a3c802a94bf944cb58cec23977b7a8aa69f4292f4,0.191172282,0.999849402
train,123,ISIC_0011136.jpg,ISIC_0011136_segmentation.png,89614d63e7328058d9695c2cab206cc0dda02ee5d520230478a7edef6f94b02c,0.268046061,0.999778289
train,124,ISIC_0010853.jpg,ISIC_0010853_segmentation.png,e63ec0e8a9cd218de18de1cb374e23c5692995177166f32441795e90313ba866,0.168635050,0.999853026
train,125,ISIC_0010080.jpg,ISIC_0010080_segmentation.png,11533c49b2c62e8bde29b7951531b98d6541d48da2f8a3da0f0ff9fae8326f79,0.246861776,0.999921620
train,126,ISIC_0010472.jpg,ISIC_0010472_segmentation.png,1569efdd78b067123aa4f6f016fdd93496a5cbce757c1fa2f33cc89fb4abf827,0.256515503,0.999913000
train,127,ISIC_0000164.jpg,ISIC_0000164_segmentation.png,812c91b25bdcb68061b10f44181b4b7d5aec5e6a3024ae76fa7133e869a67e69,0.223821004,0.999953779
train,128,ISIC_0002107.jpg,ISIC_0002107_segmentation.png,5e8951bb5f4e85e9798eb657a4765516172a318ac6b472177cc60e7ab03c6814,0.332865397,0.999807343
train,129,ISIC_0001105.jpg,ISIC_0001105_segmentation.png,38fd4218e42618a7850965ebbe3c93119855b8d1c10f55be9f85badbcfcbcca8,0.120747884,0.999892264
train,130,ISIC_0012789.jpg,ISIC_0012789_segmentation.png,c22368a9eadebe9e60321dc93ad2b2fda26e463a6b8a454bf619ef13f4a3343a,0.156555176,0.999914068
train,131,ISIC_0009965.jpg,ISIC_0009965_segmentation.png,ef1e26a89e38c58da3a52e7a863f7b19f70bd91dabc6da76c3c2536d8b45be6b,0.206883748,0.999851534
train,132,ISIC_0000080.jpg,ISIC_0000080_segmentation.png,661a97a584658cae5c3fc74b1a13ce82d084bcc36e03fcd75dfd3726b2c9ccd4,0.129913330,0.999973555
train,133,ISIC_0000442.jpg,ISIC_0000442_segmentation.png,49c33b5dc5c285da4ce6cd622b46305c1dc8766908e972c07ad070572185e116,0.109619141,0.999958485
train,134,ISIC_0000149.jpg,ISIC_0000149_segmentation.png,b0eb9972891f8ebe1984f43de9d98713ea47e14f2ab4fe5e510c4d913200f9da,0.174021403,0.999957104
train,135,ISIC_0012452.jpg,ISIC_0012452_segmentation.png,2d0b93471cfb5558eb703ca9574b8e99d1e6f1922a04dced1e0181ccf98eea9c,0.215830485,0.999831926
train,136,ISIC_0010487.jpg,ISIC_0010487_segmentation.png,3dd911ff3e23b52ca46133a8f47b48942ed4ab0bc190ebe1292cb179edb88947,0.199808757,0.999818407
train,137,ISIC_0010060.jpg,ISIC_0010060_segmentation.png,effd2fc1258ee2634b96cefa6a6e2039d4d6a687b2d4c4d88cb04b2279be38cf,0.308476766,0.999618893
train,138,ISIC_0011398.jpg,ISIC_0011398_segmentation.png,3ba018b2d27cdf4244491d31dd5eb4cce9e87862eb0476b8bc84597c4c84669e,0.229232788,0.999889917
train,139,ISIC_0013079.jpg,ISIC_0013079_segmentation.png,e501e11dc2b4c1e8d7f3fca4554b20c32e9657829e35a305698bef975ee59fe4,0.199254354,0.999840414
train,140,ISIC_0013731.jpg,ISIC_0013731_segmentation.png,ce64798f7c69242be396eae277d4003f21c4b0626e68f2f0e023a7eee57a08d6,0.084075928,0.999849127
train,141,ISIC_0013596.jpg,ISIC_0013596_segmentation.png,6f59e7a00bd76d2eaa8b78547185a410d498be5b8de0d561cf84aad5f5d38e8b,0.240010579,0.999810862
train,142,ISIC_0014605.jpg,ISIC_0014605_segmentation.png,f9ae80917c1b3a99274e30fa6c9709c293c7c9905db616730d1fa2543137b9e0,0.097925822,0.999969083
train,143,ISIC_0010562.jpg,ISIC_0010562_segmentation.png,5062a96f12ec26429d8cfff0433e5d3c5e7963eec5e5f3dc22e99981bdd0ad42,0.225224813,0.999905017
train,144,ISIC_0014163.jpg,ISIC_0014163_segmentation.png,8ca3c5e794d8df44a4300fcdfce33864009cfdc2f755dbde69013590df063f4b,0.128865560,0.999840966
train,145,ISIC_0014830.jpg,ISIC_0014830_segmentation.png,a6ce51bd7f4ca280a4d3746f44c3df48197674b6037a85852c9d978555a0f14f,0.537185669,0.999894682
train,146,ISIC_0010206.jpg,ISIC_0010206_segmentation.png,6da0ee9c8e6abc622c65a618d41d2441167a4dcce377a925aff486c0370d846a,0.199096680,0.999911060
train,147,ISIC_0000447.jpg,ISIC_0000447_segmentation.png,e8367aef259bc5023e0a145f650f81820c5be44aba4bf152440677d2ef8633f5,0.070576986,0.999903963
train,148,ISIC_0000067.jpg,ISIC_0000067_segmentation.png,a50529de418ba34fa3184af735c4f7653b08064347e459372b4a31ee53319adf,0.150217692,0.999955617
train,149,ISIC_0011348.jpg,ISIC_0011348_segmentation.png,f3b59a436ea2065f12a81d316d81a3b9ac71230ff7ebe4018f57461870be5540,0.258173625,0.999809480
train,150,ISIC_0011322.jpg,ISIC_0011322_segmentation.png,2a8ced32b5868d16216dcaba5abb8321caee64782813ecc30644966735f25ef4,0.205571493,0.999919534
train,151,ISIC_0010187.jpg,ISIC_0010187_segmentation.png,3f3eba2d29f587eed88fc6ea4d4d7373ab4120fc9db59f0193408222aa7197b6,0.167948405,0.999951041
train,152,ISIC_0013118.jpg,ISIC_0013118_segmentation.png,9d1969506241aeb0e04bbe72709d2f8345e507294a1c71783a4c93096a64a12a,0.196406047,0.999779482
train,153,ISIC_0011146.jpg,ISIC_0011146_segmentation.png,021c171564fea0c1422f348d0bfde0fcabe6cfc2709884d94dc701e44eeeaff7,0.242192586,0.999845793
train,154,ISIC_0012250.jpg,ISIC_0012250_segmentation.png,8ffb63de33a4fb4d242f6c4552319efd9f70c284a44c1dce59e76b5dbcb91c16,0.198165894,0.999857131
train,155,ISIC_0011199.jpg,ISIC_0011199_segmentation.png,256dd286ea22bd6b1c661d03cc9910ee00da0606fa847f0bb85e93d6bf198b01,0.147410075,0.999838103
train,156,ISIC_0013606.jpg,ISIC_0013606_segmentation.png,76a1b53c0633b8f078da1a4230532c290ec1eee37fc2b2375226498b31723412,0.225463867,0.999783674
train,157,ISIC_0014498.jpg,ISIC_0014498_segmentation.png,524c63908132f130637265420ddd529d07c62c4c6523d53dec7d6c02a51dfeda,0.120808919,0.999584540
train,158,ISIC_0010024.jpg,ISIC_0010024_segmentation.png,bb907b05b5f416d746a2294d06bbd0ebc09ae551777982ef90961d0a066c455c,0.187571208,0.999881191
train,159,ISIC_0000015.jpg,ISIC_0000015_segmentation.png,4e55a5008af350da5f2595a9dda2ceebcba902c60ea5055da33b97874b39b078,0.149307251,0.999945330
train,160,ISIC_0000104.jpg,ISIC_0000104_segmentation.png,3bd232cd2d97820cee4899a418959e05a5b4e89ccf289fa16ccf30d9d5fa900a,0.180720011,0.999980770
train,161,ISIC_0000297.jpg,ISIC_0000297_segmentation.png,ba52c74ef759b1f9918eb622f879605208180d37ec3006752c529d519c59b386,0.000000000,1.000000000
train,162,ISIC_0000054.jpg,ISIC_0000054_segmentation.png,41b3c2e0ea48418e121d60e98c808378ec64e73c8d885da386da78081a962dbd,0.055613200,0.999967978
train,163,ISIC_0013443.jpg,ISIC_0013443_segmentation.png,d2616a73bed1d723ef6f9babb0a4227042f090f4ece2c558746a7c9efcb16924,0.251881917,0.999808461
train,164,ISIC_0013166.jpg,ISIC_0013166_segmentation.png,8e86169b8c749b4da75d693b0cbe51889218ea9007c0ee00f46f9b6759418ee2,0.229436239,0.999886966
train,165,ISIC_0012744.jpg,ISIC_0012744_segmentation.png,322e2c97b184708f2c361c18f9cfd8c4118d07c041bb7108afb388e37a8d5b30,0.167490641,0.999484050
train,166,ISIC_0000087.jpg,ISIC_0000087_segmentation.png,e712ad6c39aa8a234966d4e6778e8dc0be35a4bb080fc4021b363c7efe39544a,0.190078735,0.999963226
train,167,ISIC_0013737.jpg,ISIC_0013737_segmentation.png,2bb66f577dd4c9b8998f93a572a5794949acef901d90fedefd9401c69df40b89,0.241592407,0.999631487
train,168,ISIC_0013037.jpg,ISIC_0013037_segmentation.png,cff55904e4105836acf3cd77479639fee5d1add42c1a0dbc89a0c5b47009ca7a,0.070622762,0.999722459
train,169,ISIC_0000243.jpg,ISIC_0000243_segmentation.png,bfe7ceb04e458e30f862ad9d759e1adb2354a4ace4656e355eb0cd9ef89ee5dd,0.154266357,0.999939413
train,170,ISIC_0012322.jpg,ISIC_0012322_segmentation.png,1d3a9eb19c2f397b0fae579f46ca6a7a41f3ef32aebc03fa6fd3dc130b1e5792,0.184112549,0.999805217
train,171,ISIC_0012889.jpg,ISIC_0012889_segmentation.png,588f3e8609464a79cb6fd94ab83f2255e236228b1e098d3a513d66e40363faa7,0.184656779,0.999631454
train,172,ISIC_0000448.jpg,ISIC_0000448_segmentation.png,feb57c4ff3d46ad81d2954b683b4ce3f48cfbc28d311713458ccc2cd8f782694,0.145802816,0.999945120
train,173,ISIC_0009875.jpg,ISIC_0009875_segmentation.png,8e231d65ec9f87b8ce756d2e8d7095da4efdaf5a52c64d27426daec998c8d436,0.258763631,0.999880107
train,174,ISIC_0010016.jpg,ISIC_0010016_segmentation.png,b79da4d750dab919b514a0528e3ac18f8dd23e8d6caa820d836491dec56c1d1f,0.189203898,0.999896007
train,175,ISIC_0000397.jpg,ISIC_0000397_segmentation.png,4515d8c664b4e15f13a990592871546bffc6fde7e19f7cb8c5d0aee79aa1b6cd,0.101811727,0.999900736
train,176,ISIC_0013777.jpg,ISIC_0013777_segmentation.png,166e260ebed99e02f2c898592663ddaf715127f8fa8bf5dbbd09b0d5da7fe0a1,0.163014730,0.999859889
train,177,ISIC_0014132.jpg,ISIC_0014132_segmentation.png,9b2738284e55362ce05467b55a96a905077247c88a810ecf8545441ef37440c6,0.132843018,0.999918996
train,178,ISIC_0013033.jpg,ISIC_0013033_segmentation.png,0f026df94d355d2c4580ef204ee494dad6312e4221ab2fd2e8317781c3a341cc,0.216486613,0.999745080
train,179,ISIC_0000350.jpg,ISIC_0000350_segmentation.png,390c66445d677b62850a7e63f0aec6f7c392685033c10c0810df28d81d0529c8,0.000000000,1.000000000
train,180,ISIC_0013106.jpg,ISIC_0013106_segmentation.png,8809e23d4a8ee9796348e0b1d8cd68e11dad6bfc4976cb9c5d42cda95966ff5e,0.135462443,0.999824033
train,181,ISIC_0014311.jpg,ISIC_0014311_segmentation.png,95a8e11f0ed3ed93bc962311acfeb2f5ec5e812dd22c5e2e875c8a403034f692,0.124155680,0.999914467
train,182,ISIC_0013059.jpg,ISIC_0013059_segmentation.png,e7df33e1b55f7a12c8ad8b0c0847b0a74d077751fbd3c667020e60c4911c7974,0.150838216,0.999815232
train,183,ISIC_0013969.jpg,ISIC_0013969_segmentation.png,281830430fa1876e33ab12ddf84b4bfeb1f169ed5c6240bb42c7092c7fe8b10d,0.227630615,0.999607265
train,184,ISIC_0000095.jpg,ISIC_0000095_segmentation.png,dfb214c536506c55fd38e0f56bac4b3046692cf0142350323f7c6a2040655241,0.220214844,0.999925778
train,185,ISIC_0014158.jpg,ISIC_0014158_segmentation.png,97b7cc84d3337d9706f826c99b8c395609d9a6fd850e5030f3e529813bc121b7,0.143707275,0.999782380
train,186,ISIC_0012902.jpg,ISIC_0012902_segmentation.png,a8ece155804eaeb5e057036815582ffe40254236ec04cccf689a0253247539f7,0.183176676,0.999782180
train,187,ISIC_0000124.jpg,ISIC_0000124_segmentation.png,ff61b51a8ca5d99f1fda91688e956369d923d044a7ad683587b0ab63d054aab7,0.220647176,0.999955828
train,188,ISIC_0014638.jpg,ISIC_0014638_segmentation.png,3b8c72b714428c05c0ccf77c29159e2629d70cf7b4af5b390e1670354c873cb8,0.117843628,0.999932588
train,189,ISIC_0009921.jpg,ISIC_0009921_segmentation.png,a7751842c98d7d036594f81cedb688704b78aa4f4b071b3333510e4c1045b46b,0.159866333,0.999939213
train,190,ISIC_0000479.jpg,ISIC_0000479_segmentation.png,ae700c73f43a1fa27a12cbf883d1cf60566c11f333460ec1fa8355edbba4c842,0.291727702,0.999765506
train,191,ISIC_0013425.jpg,ISIC_0013425_segmentation.png,24ff1aaa6a1f9a7745eb374ada391bd218c592089de740fbbd322e293565352b,0.194783529,0.999841708
train,192,ISIC_0010006.jpg,ISIC_0010006_segmentation.png,1fa85b73dfe68948355ba79f7596c982bd2735b183165df46eaacd8c481efda5,0.335378011,0.999794101
train,193,ISIC_0014654.jpg,ISIC_0014654_segmentation.png,994366b67b3d02f16735f26e8305023338c2794a9673be26dbc2c5c0aec7776f,0.084788005,0.999948840
train,194,ISIC_0013599.jpg,ISIC_0013599_segmentation.png,5c8ea56a5a9ddc8809d88eeb4b56e020f46dd05b6aa3602b59982b8687f35959,0.075291951,0.999828191
train,195,ISIC_0014713.jpg,ISIC_0014713_segmentation.png,0213df15f080448766886fc7c2eb78514738b05c9cce477566aa5e0a3961ccce,0.344594320,0.999913504
train,196,ISIC_0000226.jpg,ISIC_0000226_segmentation.png,740199bf1b4dc0ac1ace54cbcb6e8583710833b859f78c84c67493a694d2f08a,0.168991089,0.999976602
train,197,ISIC_0013394.jpg,ISIC_0013394_segmentation.png,2a0b2d336bf078456871c346771c97f52d33ae78a0fe714806dabebd5bbba863,0.455724080,0.999640543
train,198,ISIC_0000251.jpg,ISIC_0000251_segmentation.png,3e43748add0a1331338e16611a613f3a64872e052092d5e9e25824d63ccfa662,0.118921916,0.999971741
train,199,ISIC_0014501.jpg,ISIC_0014501_segmentation.png,ad4b77b6e471f983046209afbdafa2f1a288ca7df08ec6bac891d746450caba6,0.140981038,0.999892905
train,200,ISIC_0010463.jpg,ISIC_0010463_segmentation.png,2bf55021738d791962e09d5bfdce8edf10c7435ff0c485cc8a0f81361f7aec59,0.102874756,0.999973454
train,201,ISIC_0011338.jpg,ISIC_0011338_segmentation.png,6a1d620973e4d69228c58de713f9798c95e98f8cf68cf3653b74d42669a8f930,0.246968587,0.999896856
train,202,ISIC_0010494.jpg,ISIC_0010494_segmentation.png,98c59c32ce9b1e4e31141e3521efdc6b1cacdb9b31532af7e6cde7fcc7edfb69,0.294835409,0.999948568
train,203,ISIC_0000538.jpg,ISIC_0000538_segmentation.png,5ecb1b453ee4a5fa3a3b628db53f5dda09c77dac2d49f650c20e68ba58fe415d,0.100026449,0.999966091
train,204,ISIC_0000306.jpg,ISIC_0000306_segmentation.png,333e710a49865764cf47bdbccdbe5e6a2dd3b1d15066edeea81185e630b60130,0.000000000,1.000000000
train,205,ISIC_0009929.jpg,ISIC_0009929_segmentation.png,2ecc9378665bc7a71dfba7572dc43683a4901254a35394865cf22bedb0a57640,0.133463542,0.999885340
train,206,ISIC_0013184.jpg,ISIC_0013184_segmentation.png,9bbb1d0c851687a39cc0982320b0b592cf0c8d30ec72af24b044935124fb8862,0.346384684,0.999643237
train,207,ISIC_0012851.jpg,ISIC_0012851_segmentation.png,991a208d99feaf206a9bfb139cd4d30e64ac3725265ad7c9bacc08e8aebf3842,0.170150757,0.999740236
train,208,ISIC_0000376.jpg,ISIC_0000376_segmentation.png,4011969b9396caa92cb06a3efc78829e174a1303a6d153d314d05f0ef9a680b1,0.128662109,0.999849529
train,209,ISIC_0012661.jpg,ISIC_0012661_segmentation.png,2802a8e72b44c9b097c386add3c16ab6608adeba7910b2194cedf54fdaf867e0,0.297276815,0.999873580
train,210,ISIC_0013395.jpg,ISIC_0013395_segmentation.png,30d42fc0ccab3ec66becbb60a7bb44b698f433809d6c5f687283772dc204d4c3,0.222646077,0.999743107
train,211,ISIC_0000382.jpg,ISIC_0000382_segmentation.png,ac49332f34838d68338897848c4d3ee7bf505f8fb0317ad4c56702e2ba0ff969,0.131500244,0.999798970
train,212,ISIC_0014432.jpg,ISIC_0014432_segmentation.png,84956188b99bd6dedf1be4cb81636c141d7a4a760d8275546d9367928d84f51e,0.123718262,0.999905353
train,213,ISIC_0009860.jpg,ISIC_0009860_segmentation.png,8977d1ecf99634bdf99b154c705ce0b1dc2a51f8ed303d7541f422721d6d2a3b,0.198064168,0.999851100
train,214,ISIC_0012883.jpg,ISIC_0012883_segmentation.png,9846213cbfdcb90df54a99b87f62763b0fb4f2df8d055923e550b8ee75352b74,0.189320882,0.999719167
train,215,ISIC_0014393.jpg,ISIC_0014393_segmentation.png,655d6bb2b90b4b52cc733428097e4723a7bc6e8bfeb20f56480f542adef0baf3,0.167765299,0.999826801
train,216,ISIC_0013572.jpg,ISIC_0013572_segmentation.png,daf5c664cfe5c85102056213051f5c812e5892cdd2154286b51e7092f36c4e27,0.369481405,0.999645973
train,217,ISIC_0000220.jpg,ISIC_0000220_segmentation.png,b4c8e845076741b73964c07ef1806a7a2165f13a0fdb474aecf6820645859ea2,0.172032674,0.999929658
train,218,ISIC_0013112.jpg,ISIC_0013112_segmentation.png,4209fda56ddedcc84c546fc71af47116972ac3b891d6d96fb372727eaef40d16,0.221079508,0.999833807
train,219,ISIC_0013942.jpg,ISIC_0013942_segmentation.png,da752f50746d3d748ad5aa53bf9f77428d46bf4568b18ba13d10d59a83e56ccc,0.248723348,0.999497635
train,220,ISIC_0014771.jpg,ISIC_0014771_segmentation.png,bd055acc1316ce90ecd0c7534240956843ef1753cec32bce9b75098eecdb7b8d,0.514109294,0.999914328
train,221,ISIC_0011292.jpg,ISIC_0011292_segmentation.png,33207f93072a1dc3c9fa2d1a89651aad0c1c2a087869ee25d7a23df0457e8858,0.178334554,0.999903911
train,222,ISIC_0012263.jpg,ISIC_0012263_segmentation.png,5c441335c6fb00fa46972bef61c578c87b56f6595fae030d8d7b50581fc4333c,0.235768636,0.999597074
train,223,ISIC_0012516.jpg,ISIC_0012516_segmentation.png,c9f0bfad2a62bb8de3ff6bb120c9e4562acc0fd0e3120cf5d85b12bd3e5d51af,0.142008464,0.999893082
train,224,ISIC_0014515.jpg,ISIC_0014515_segmentation.png,d5d89fe5d9193c28761aae3462e87612ef1cbf8fd1c657e7b5bef19461d53125,0.110193888,0.999903596
train,225,ISIC_0015219.jpg,ISIC_0015219_segmentation.png,d0e24c0fa729bbc0a4732e5231710924667d97ce8a8118399d3f595234328c6a,0.373163859,0.999931535
train,226,ISIC_0013187.jpg,ISIC_0013187_segmentation.png,3837fd031a6316d3ed93d90c71ed29026f47c6ca7db6aa588c42a4aa32571b77,0.199935913,0.999838992
train,227,ISIC_0010480.jpg,ISIC_0010480_segmentation.png,61ed44ae4fa8d65f5e92112931eef4c2a5ca043f871f72cb8c90d5006474f1fd,0.121561686,0.999952365
train,228,ISIC_0000501.jpg,ISIC_0000501_segmentation.png,9998e89edcd297d5ec9c12ba4f6168d54f7f767173ed3f2c57e30606abbec4ca,0.131072998,0.999939330
train,229,ISIC_0000121.jpg,ISIC_0000121_segmentation.png,19b30a9895d807f9b4274b367de55b9a20e2832078416d57b8ac28e93a2d1a1d,0.000000000,1.000000000
train,230,ISIC_0014791.jpg,ISIC_0014791_segmentation.png,b5bd17e082f40703c2ef82e042302ae75d869e7d6c94e1b25372ad567c4bcf9a,0.405222575,0.999947489
train,231,ISIC_0002439.jpg,ISIC_0002439_segmentation.png,58f3a429ada510c0495cccabe48e56f752fa76936aa51a5bcf46f4b5c30cc819,0.280349731,0.999904078
train,232,ISIC_0000378.jpg,ISIC_0000378_segmentation.png,79a007b34d77de0c61bdd88dcd2be7f55b770a6b2bbaefb22fa1f2bcdf575fbc,0.106725057,0.999903520
train,233,ISIC_0013603.jpg,ISIC_0013603_segmentation.png,685b346e0c44b2f9771e5da197b40fe717e74afdd0cf1e8b4a578c5c9d0721bf,0.142995199,0.999824507
train,234,ISIC_0010582.jpg,ISIC_0010582_segmentation.png,50add9fe70d39d8323ca5e4348f19c3a115e59ec378f4d80bba9ea20efa388a2,0.269170125,0.999841831
train,235,ISIC_0014891.jpg,ISIC_0014891_segmentation.png,fa3d2f3d3ccdcac7021572d37e945787e1aa2d3f69351c38d1febc5860ac835e,0.380447388,0.999900905
train,236,ISIC_0010248.jpg,ISIC_0010248_segmentation.png,bc1ab34745c99b991f0675bc711c45bfa2d58259c9951168bd41e28b88569459,0.113499959,0.999844522
train,237,ISIC_0009933.jpg,ISIC_0009933_segmentation.png,665049d8a2756803168d273ec1c9dab876583ed0f1260c91e105cf45e1b12b8c,0.122014364,0.999968529
train,238,ISIC_0000221.jpg,ISIC_0000221_segmentation.png,4093a394612375db288eb552c80e827b30366bae4e98253b22d4818bf190b146,0.205917358,0.999950702
train,239,ISIC_0012105.jpg,ISIC_0012105_segmentation.png,f2eadd5f2613b8b4966bc1bd119f428f442286dafa58faf0b2190be54614550d,0.262517293,0.999786653
train,240,ISIC_0000242.jpg,ISIC_0000242_segmentation.png,6c86b32f6c44bfc46b8dde3ad1baede41401df16bfccbff42637599f5b8fa1da,0.106633504,0.999976173
train,241,ISIC_0010592.jpg,ISIC_0010592_segmentation.png,3a1a63cf9e964fe1bdccea721ec9cac3e3232d9def5d01a20dbcbae2bba45cf9,0.170283000,0.999772846
train,242,ISIC_0013212.jpg,ISIC_0013212_segmentation.png,ce326f86a8ec41331664b236f734f4b3caebf01967890b61f173f47e6dc7c6d6,0.211446126,0.999706270
train,243,ISIC_0012713.jpg,ISIC_0012713_segmentation.png,ab7cbcda5cb0d977052142ee253aa1977112185f6da940f9f07d4c9c155dadf5,0.121195475,0.999607928
train,244,ISIC_0010863.jpg,ISIC_0010863_segmentation.png,7f9f68c3a3cb06c1ec0acc5e64fb4c57621312962377c5471ceec8706eb7b617,0.224945068,0.999913493
train,245,ISIC_0014594.jpg,ISIC_0014594_segmentation.png,ff9cb25c487611b3e373080944c5709dae1cb8fd42e6fa4856f2926e2dde7223,0.133183797,0.999940222
train,246,ISIC_0014579.jpg,ISIC_0014579_segmentation.png,ff081e2f4dcb5925ba7b99e7cd37dac9bfeefe529b42e05170a606aaddc67e71,0.142623901,0.999965564
train,247,ISIC_0013690.jpg,ISIC_0013690_segmentation.png,a83a331c818f83bd757694a6724ccd2eaf8ff680b41d57ee84a3d57ac0a7e20f,0.202367147,0.999826224
train,248,ISIC_0006776.jpg,ISIC_0006776_segmentation.png,29e27b2d45e88636f48123b99a97f8ae0cfd5e0d3fe190e63748cd747d276641,0.192489624,0.999917583
train,249,ISIC_0014923.jpg,ISIC_0014923_segmentation.png,8914f7ad6f24a3cc76cbb52ff24338c7f5c6396a0bd4e4027a9cb8ad1a3456ae,0.845006307,0.999538701
train,250,ISIC_0014573.jpg,ISIC_0014573_segmentation.png,90e6acd7b2ea00eb1d320348bc74a88ea14c4666ab56c18b04e24db1ceb2d70f,0.136896769,0.999906124
train,251,ISIC_0014316.jpg,ISIC_0014316_segmentation.png,193fceb9f887b489002acfb9e4876634813cffc4125ee0cde3046ecdaddca6e6,0.109400431,0.999871727
train,252,ISIC_0010025.jpg,ISIC_0010025_segmentation.png,12a2c204253a23eb665bb8dba58959379b2d3d69f7c87773db2e8d8186484eeb,0.320587158,0.999811630
train,253,ISIC_0000113.jpg,ISIC_0000113_segmentation.png,40fd91dcaa1e6ce18104fff39475a41e06797f5e83c795d332213659de6266e0,0.175791423,0.999895761
train,254,ISIC_0009972.jpg,ISIC_0009972_segmentation.png,0f5f1ef82f7045ca68d82d4feef9d8c45d86160e73f3e4854746b703d1278d8c,0.208338420,0.999856754
train,255,ISIC_0007038.jpg,ISIC_0007038_segmentation.png,8881a9227cb18a43403717d508851d2d563a57a96475e5cd58baeac748c0cd57,0.080220540,0.999912952
train,256,ISIC_0009971.jpg,ISIC_0009971_segmentation.png,8d082d84cd01e97b90704aa609ccd3b98088570df5e3021ebf41fc6e58473c54,0.156804403,0.999723787
train,257,ISIC_0000325.jpg,ISIC_0000325_segmentation.png,f2f3b62f53e439e2ea82450536ad893c2eaca85713363546b1baa2c4b92fa2d5,0.000000000,1.000000000
train,258,ISIC_0000275.jpg,ISIC_0000275_segmentation.png,5602a8e6d3e1a10be0786f49a01d8a47cde293cfb4172dd97dcc650147c06b04,0.102060954,0.999989488
train,259,ISIC_0014045.jpg,ISIC_0014045_segmentation.png,ef14df703ddd3a9bf01e42c72f4ed74d0b7437ef19918cd4981f2216f2489fed,0.182256063,0.999891760
train,260,ISIC_0009881.jpg,ISIC_0009881_segmentation.png,1c964c3b7f6875140aea1661e0934096da184c7b5f819a4f90cc21cdfcdcce9e,0.066874186,0.999952682
train,261,ISIC_0014076.jpg,ISIC_0014076_segmentation.png,775b7f6d6f00ca5f371f1e055222d6333e2a70c51a5e86b712b07b43cfe56e9c,0.110219320,0.999883699
train,262,ISIC_0000396.jpg,ISIC_0000396_segmentation.png,9454a85638499310d640f538db4588c23e074f71862631a330032e578258ef55,0.064834595,0.999937516
train,263,ISIC_0002476.jpg,ISIC_0002476_segmentation.png,65825dc136c744e079be9cfb431e475273880c61dfacbe8a935cdf7fdf704cbb,0.300862630,0.999672770
train,264,ISIC_0012768.jpg,ISIC_0012768_segmentation.png,309838964e786c088fdab02aebbeeb7a63fea18a44805a6c3af1a914c77fb176,0.287902832,0.999871773
train,265,ISIC_0010553.jpg,ISIC_0010553_segmentation.png,0c944fc3922434743b4e8eaef96cd6a53c618af6f1b843ae2709f927c404931f,0.124476115,0.999954901
train,266,ISIC_0010603.jpg,ISIC_0010603_segmentation.png,a959243a8105dc9b008a59e0dd0ad7281fe0130eda8125bf92ea3e2793e3b888,0.157272339,0.999941974
train,267,ISIC_0000143.jpg,ISIC_0000143_segmentation.png,ced830ec0f68fb3bdc358d41225ce8ff3edfaf6141db89bbef0c1a6bb467b61f,0.123352051,0.999952822
train,268,ISIC_0002806.jpg,ISIC_0002806_segmentation.png,0d8c5d4d87a587a64db891a513f48971c4819411cb7d11738177f9b3a9a750c4,0.200337728,0.999901417
train,269,ISIC_0001142.jpg,ISIC_0001142_segmentation.png,f625733bbd9f8112155bbaaececb3a61980f62c4e65ff64f94099d3507f5474f,0.095072428,0.999974132
train,270,ISIC_0013585.jpg,ISIC_0013585_segmentation.png,ab8f42eaa1c030a5ca9e97ebefd0b1414df733eb4a4b2e74aeebc614b48216e6,0.247645060,0.999651916
train,271,ISIC_0002879.jpg,ISIC_0002879_segmentation.png,dfe9627d26fcadaa7ca897f54cc44a41c0f04e10e61e97db2b97280157d080fd,0.201451619,0.999883737
train,272,ISIC_0012348.jpg,ISIC_0012348_segmentation.png,d857411d0b817af6eb386c2e3030fb1b9ef72607d410f7124baae84216b008ae,0.183502197,0.999809133
train,273,ISIC_0012102.jpg,ISIC_0012102_segmentation.png,b7a78f2807e78c7746bc8c9ac98af0ffd59128bdffd9e5969bb846ae8d2cdf28,0.122853597,0.999722610
train,274,ISIC_0014639.jpg,ISIC_0014639_segmentation.png,bdb550b39024128f109bae16a0f877fa1fc1b94c166da760f6ea3cf9e25a96c7,0.097371419,0.999939175
train,275,ISIC_0009430.jpg,ISIC_0009430_segmentation.png,4c63a8c820c94ea905c56cacdfc377c669adc45c7e2e722ac7a1513a521a7c7e,0.255091349,0.999866843
train,276,ISIC_0012811.jpg,ISIC_0012811_segmentation.png,9c617ce580bfedee0f41a3868717bd4243f2f85ec0152d9f262b34ecf1050f9c,0.186253866,0.999938765
train,277,ISIC_0004168.jpg,ISIC_0004168_segmentation.png,f44c0a9afe6964a30a6dadc557246b0daaa7080bca9e504798fdaceb3c44a9fb,0.251256307,0.999810702
train,278,ISIC_0009165.jpg,ISIC_0009165_segmentation.png,551e1a50abd72555bc0bc4d2cec3792bd80383816f0d89ca64aa7996741a818d,0.201197306,0.999843616
train,279,ISIC_0010365.jpg,ISIC_0010365_segmentation.png,cf52c598769bc5f4c8dcc513a5e25f03abbe14236f4539c0e2e256dd9d44d4e8,0.172999064,0.999908617
train,280,ISIC_0013762.jpg,ISIC_0013762_segmentation.png,29c327e987184f757d578b7c82499ea83bdfd1818ec4395e3012eec022cff6ee,0.211944580,0.999783490
train,281,ISIC_0012544.jpg,ISIC_0012544_segmentation.png,334d5ba9a3e5ccce7888e68714d835472998d3157e2701bb2f66a0b8bb786fe6,0.144393921,0.999809547
train,282,ISIC_0014714.jpg,ISIC_0014714_segmentation.png,49f5cb92cd8058f63a2df3f49147f2e6f6e3e399148d21fa686f3d58ce2daa41,0.354263306,0.999948817
train,283,ISIC_0013342.jpg,ISIC_0013342_segmentation.png,ee2dfde2311652b63547c4a7f875258a9f425d1e56468b7a79e990f798e46358,0.222986857,0.999674308
train,284,ISIC_0000123.jpg,ISIC_0000123_segmentation.png,543ae6d6e00fc156dc39266988c7f59aee5c5635d626b233cb9d84cf0c54df8a,0.000000000,1.000000000
train,285,ISIC_0014657.jpg,ISIC_0014657_segmentation.png,858ab14e3b758300d5c9e65e9c32b706dbf3802e31bda63c6a563f74610cec11,0.546574910,0.999861598
train,286,ISIC_0010468.jpg,ISIC_0010468_segmentation.png,aa1ab14263c4897663594c9147a4a2019db40a6536dd626de8fd0d30162b5e4d,0.200271606,0.999831753
train,287,ISIC_0013740.jpg,ISIC_0013740_segmentation.png,1f4b6b75568f17addba94adadff77d7e48cfb1d58fc9bd4a4da7d0a7c683b96e,0.214426676,0.999702352
train,288,ISIC_0000343.jpg,ISIC_0000343_segmentation.png,5279619d96ea3d23bc3a09870749169ae01e6a4f479dd4f73c6d21e145ef73fe,0.000005086,0.999999999
train,289,ISIC_0009564.jpg,ISIC_0009564_segmentation.png,10cb347592799346185409d5f08b223e2d83b85fb04c4be0ed642ca0c62b2a49,0.203379313,0.999899403
train,290,ISIC_0000120.jpg,ISIC_0000120_segmentation.png,7355dd5038415bed4f1fd171d97b8987934ed290e2be58f6f2ba8e0597a46ca8,0.000000000,1.000000000
train,291,ISIC_0014592.jpg,ISIC_0014592_segmentation.png,f3da227645e432f6fb2dd6e69238ef56bff9bfe42d1f04229d1c945e44d78088,0.112569173,0.999946693
train,292,ISIC_0014683.jpg,ISIC_0014683_segmentation.png,fb4794b6b5bacf908d7163b37d380bf17960269bb9d3a8cd982e7a05d1852630,0.564549764,0.999900132
train,293,ISIC_0000130.jpg,ISIC_0000130_segmentation.png,746cda261e67b1b8bd5f37d5909b4da06a1711d32233953dbabd67bd70939606,0.170527140,0.999971533
train,294,ISIC_0011118.jpg,ISIC_0011118_segmentation.png,700117f7b7af94229aaf6428cab51fbf2cf0df21e30d54d8751f2b7786227cff,0.136072795,0.999702982
train,295,ISIC_0000125.jpg,ISIC_0000125_segmentation.png,e259c9d0c05e9058f805561258d9bc326e2435622ccba15e7c4b1be5782c7f52,0.198827108,0.999957897
train,296,ISIC_0013517.jpg,ISIC_0013517_segmentation.png,34667e2069581b7de67da4b2dfce8b9de60f0b4da258b55cd4aee7a68dd294bc,0.254470825,0.999484958
train,297,ISIC_0012664.jpg,ISIC_0012664_segmentation.png,22547b9e05314a756df7f721e53acdede6313e94b1dd94174c83392b5a138f43,0.105723063,0.999931875
train,298,ISIC_0012489.jpg,ISIC_0012489_segmentation.png,669b4b5be99af3d43d889af82896a427f1cafbd766020010a58f442e45ddefd7,0.151992798,0.999799454
train,299,ISIC_0010441.jpg,ISIC_0010441_segmentation.png,eaf96b5062fe19d7fc31b08d3797e186be300d37eb0ee6b8fec4f5aed8629cc3,0.220362345,0.999761555
train,300,ISIC_0014621.jpg,ISIC_0014621_segmentation.png,8f440388b5cea8ee12cbe9a13cd0ff6864fa17c7ebf670d3489632f4a08e98bb,0.235890706,0.999836438
train,301,ISIC_0011386.jpg,ISIC_0011386_segmentation.png,6599463da5476e7435bdc0ac5f96c7bb692fd768a17f79ad877165da5b03dd14,0.302454631,0.999831962
train,302,ISIC_0010333.jpg,ISIC_0010333_segmentation.png,0cda58bca734d85598c5e29f790e051e2679353b856dcd82635c08a32a0b2a0e,0.151850382,0.999937163
train,303,ISIC_0013207.jpg,ISIC_0013207_segmentation.png,483fb3aedada5e72311c31582b2d0e92a4da5bd8e41f7dbee9cfca5c8bbaf6b9,0.224095662,0.999805606
train,304,ISIC_0000386.jpg,ISIC_0000386_segmentation.png,a5ca416e72e9bdf838ae37b5e577a2a0fc55ba89fe6aa61a476ee06143a7ef88,0.101394653,0.999957553
train,305,ISIC_0014185.jpg,ISIC_0014185_segmentation.png,1fe70dba1b0deebefe33760ef0b4875fff2cf7b1478f366c34435a703d89b8df,0.127660116,0.999792358
train,306,ISIC_0013223.jpg,ISIC_0013223_segmentation.png,582a47e4d9e3363c4f0722e27638ef2c61945d652bc64c46369e809cc77934fc,0.194386800,0.999799043
train,307,ISIC_0013383.jpg,ISIC_0013383_segmentation.png,123d08b186e8dfe2aea8dc8bba1295de04e7df8ddd116fb7391ca715dae726d1,0.248336792,0.999580686
train,308,ISIC_0013056.jpg,ISIC_0013056_segmentation.png,858482cf5d9b214c70afebb143bc2de8c323659a76da335023633bc2ccbe5fb0,0.182657878,0.999732657
train,309,ISIC_0000153.jpg,ISIC_0000153_segmentation.png,bc74569848334c8f1c11b561b3049051ca380ae4ed71682710efe57eeba9f1c5,0.127568563,0.999944204
train,310,ISIC_0013922.jpg,ISIC_0013922_segmentation.png,1ab2728c633195389dd5f0ce0430f610c18c4edfe126ecd5d442188c7057ad7e,0.242329915,0.999611228
train,311,ISIC_0014291.jpg,ISIC_0014291_segmentation.png,2a6070720653745da39cf8b1e4dc727677c5ba2a74988d195f6fb8fdfb40c658,0.137847900,0.999888694
train,312,ISIC_0014775.jpg,ISIC_0014775_segmentation.png,d1afba8da02719f4f5be5a66513561d806d3b891250f445ae0018ec572210249,0.607884725,0.999829648
train,313,ISIC_0010844.jpg,ISIC_0010844_segmentation.png,36868d7c16ea8c2c6df60b17c7d3f87acce867c8c90f5db47b17b4143f0f41ff,0.235321045,0.999849946
train,314,ISIC_0012433.jpg,ISIC_0012433_segmentation.png,45900c11c71099649657658bb81d572af117ccd69807f122500b71961bd9ccee,0.229187012,0.999795203
train,315,ISIC_0010449.jpg,ISIC_0010449_segmentation.png,e22f43741027ad8e3913d12fd9b829d96c2034d1362abc0bd0cfecbd005a274e,0.171127319,0.999938029
train,316,ISIC_0013643.jpg,ISIC_0013643_segmentation.png,d81ae00e61dc74fa85768b4ea192fb88546ba21cfd3911f0931a69447e582d0e,0.181203206,0.999829303
train,317,ISIC_0014696.jpg,ISIC_0014696_segmentation.png,64f019c534b38a426c9e5236d3b3be72cfc962a3d0d7ce9482c09ec937830e4a,0.389399211,0.999945692
train,318,ISIC_0000465.jpg,ISIC_0000465_segmentation.png,b84d60c6ede2db1309a8193f4d87556557cdec5959527582700c2ac91837c212,0.287358602,0.999870086
train,319,ISIC_0013147.jpg,ISIC_0013147_segmentation.png,11ac38b58c2c77f94a7eb55ef312952d9b543cbc27264f69ac9c88d37474fd00,0.469055176,0.999526618
train,320,ISIC_0008600.jpg,ISIC_0008600_segmentation.png,44c839f2f4bc75e30018cbcb1b4ac2f3dbcca8a4bbb5342524cc2db4d88ab093,0.216974894,0.999820495
train,321,ISIC_0015006.jpg,ISIC_0015006_segmentation.png,c08bed86cee450553fcfb04aaafe14212989ea26a8f4a63bbc40faa751f390cc,0.449406942,0.999896635
train,322,ISIC_0000498.jpg,ISIC_0000498_segmentation.png,64be8cf694335f807389f41638c578d5bd093e4c8153b9c267849dd10ab4215d,0.222096761,0.999906794
train,323,ISIC_0010262.jpg,ISIC_0010262_segmentation.png,a93645324dc4cbcfe273a375a33c6e8897e9cde8dd970f4c4d4e7896c4d57e00,0.194956462,0.999878201
train,324,ISIC_0013167.jpg,ISIC_0013167_segmentation.png,98cc1cf27392bae8a028404a8c092debd68f8d30be4fd8970d022104cc9e3c1b,0.385019938,0.999817984
train,325,ISIC_0012827.jpg,ISIC_0012827_segmentation.png,74530abda3d5a033c80e54f4427eebfa4f0a40b35631aec40cacfc7ab8cdd7a8,0.084452311,0.999906873
train,326,ISIC_0013208.jpg,ISIC_0013208_segmentation.png,68d8238b25d0a27d4f27e812154cd3806835761869533f4c86e44ea98bd5c861,0.228088379,0.999765139
train,327,ISIC_0013687.jpg,ISIC_0013687_segmentation.png,45b0c8ffc3f41fe2fedd8d61cd317023e56f0a2d0b776c6a4c382800d0f9db56,0.176335653,0.999837664
train,328,ISIC_0012939.jpg,ISIC_0012939_segmentation.png,1d27b6cfd3a6891c6be709a900112600bf1b7652e06de77823a9bd7c47ffcddc,0.254094442,0.999788787
train,329,ISIC_0012952.jpg,ISIC_0012952_segmentation.png,dc6814cb156a89ccf7aa8ae495c6135b52e8f0aea10682e949c096c4c330d272,0.239369710,0.999737670
train,330,ISIC_0013257.jpg,ISIC_0013257_segmentation.png,75ba6013217b4d6e80a2b44e119ddd684f0648ba50a2d2437143410786765bde,0.216781616,0.999741745
train,331,ISIC_0012325.jpg,ISIC_0012325_segmentation.png,88bdf3b3501e41cbc4fa63eb87ef0a2c53a99407993547632ca980862828db82,0.211959839,0.999459077
train,332,ISIC_0013258.jpg,ISIC_0013258_segmentation.png,a924a4f0c55210d6dfdadcc0f557d8ef9fa4d05d0aca25725e5f1cc54ddc0481,0.223144531,0.999811905
train,333,ISIC_0014580.jpg,ISIC_0014580_segmentation.png,9eeaa9cbdfd376580ea5a2fd15e941edcce3551c885aed7d90bf6f35b44b5050,0.167226156,0.999938782
train,334,ISIC_0000004.jpg,ISIC_0000004_segmentation.png,83eb48c268dbfaaa4caf4ee7ad04b415f05e042d1f01a0649671cd5165ce0d68,0.138168335,0.999988007
train,335,ISIC_0013742.jpg,ISIC_0013742_segmentation.png,fd48e375003e6a393b7d6112cfe451e0f75c00dd932671b4fbb73e9531f51db3,0.124898275,0.999773615
train,336,ISIC_0011215.jpg,ISIC_0011215_segmentation.png,f366e76ea91362c688f3135abd84f6056c9bd944388ae92ccaf9740a90caea93,0.225962321,0.999897148
train,337,ISIC_0009937.jpg,ISIC_0009937_segmentation.png,eac0ed9097505eacc75107d4b5944a4917e2946ecc2036de6c2c89efc61abcc8,0.149103800,0.999734033
train,338,ISIC_0014120.jpg,ISIC_0014120_segmentation.png,1924b853c87acdec34e72ce74ebf0a555209282f1e6baa182322e704f3f31bad,0.107309977,0.999917563
train,339,ISIC_0000108.jpg,ISIC_0000108_segmentation.png,893c355b49ef97984b889471c40304318f17215ed8cd5629ee314ca977cd7bcf,0.182062785,0.999957165
train,340,ISIC_0009967.jpg,ISIC_0009967_segmentation.png,bd4f8eca9bf1b65ab7ff4da0188b16dc93c007bf7e661c3607f4e02b31d4b075,0.194254557,0.999886171
train,341,ISIC_0013371.jpg,ISIC_0013371_segmentation.png,7cb47443ddba51015f4e5041278e33d76b87b989bcec7af2a75509cf69467351,0.185785929,0.999836001
train,342,ISIC_0000449.jpg,ISIC_0000449_segmentation.png,56a3f078fd135afb6e71fc83b6148ce139d3492c0f305a29e678b5116fa3ca6c,0.143127441,0.999928393
train,343,ISIC_0012855.jpg,ISIC_0012855_segmentation.png,954d7ca2b82e9ab0f507a051fe7bcf4c345689c33464273915f98681a2308684,0.184173584,0.999856715
train,344,ISIC_0015181.jpg,ISIC_0015181_segmentation.png,5c6d40bc0d55224e583aa3bfd50a0a64e53552e439535dae1e49e0582d68fd16,0.376296997,0.999813057
train,345,ISIC_0009901.jpg,ISIC_0009901_segmentation.png,37bd0a1e66beaf21835ce91ad666caeccc730661b9b619fedf6e62b18a8a44b4,0.191940308,0.999912215
train,346,ISIC_0013806.jpg,ISIC_0013806_segmentation.png,d3500654d240146bd7e117cceb37ed48c6da7d7d8b91cbcd23f79013cbf04dc6,0.256881714,0.999309860
train,347,ISIC_0001148.jpg,ISIC_0001148_segmentation.png,15fd1b3e9372032909a6c1164ef03d7418f659e8019d32454b01090df74737d2,0.153778076,0.999898430
train,348,ISIC_0000556.jpg,ISIC_0000556_segmentation.png,bff5589962e698b95a851d753a0a5d38fad80a41952dd2f1cdc14a625805f109,0.200739543,0.999943869
train,349,ISIC_0000482.jpg,ISIC_0000482_segmentation.png,f0e88682a4ac8d1be2937344173245b2ae9285e722de89c2b818d831a7c1093a,0.386764526,0.999877682
train,350,ISIC_0011223.jpg,ISIC_0011223_segmentation.png,7f256b5a3eef13f02cc9db44245b785c114e0138067612ba0c578f2a7e526da6,0.171946208,0.999827391
train,351,ISIC_0000163.jpg,ISIC_0000163_segmentation.png,1f07938a87038e06dbf0944c8d4b3e53dbec79966bfd4563f51e9d01205fe016,0.189692179,0.999971356
train,352,ISIC_0010584.jpg,ISIC_0010584_segmentation.png,b1224a05cec84efd3ff682ff22f997e8a04dc6b4f34a927795a77e90b4b4cd3e,0.229955037,0.999812548
train,353,ISIC_0013141.jpg,ISIC_0013141_segmentation.png,e3c5b5708bd6891b0c39a895f72198d32ff38ad57e3d09d7f3f2f448eab90838,0.206965129,0.999926427
train,354,ISIC_0013229.jpg,ISIC_0013229_segmentation.png,8ea9ddfb80bedd558cd8988933f67a65e327b30b42df695fc3a1281a3f85fa69,0.203526815,0.999905212
train,355,ISIC_0014836.jpg,ISIC_0014836_segmentation.png,f800f06c388abf9a58631f6c7c10cdd9005e1c9dea842df0b0a78ec63f80989e,0.532877604,0.999906171
train,356,ISIC_0010481.jpg,ISIC_0010481_segmentation.png,70f236428c798b366dc09dd9039e231b74ded2e80cd77a904dc480a407286a7b,0.127894084,0.999886071
train,357,ISIC_0000110.jpg,ISIC_0000110_segmentation.png,724fa04ba7720820f58d43dec6678f28abf37d6821fa4ea69d9aa1eeb98e6b38,0.000000000,1.000000000
train,358,ISIC_0000212.jpg,ISIC_0000212_segmentation.png,da5776e57ba1dda460da0e2ef5ca249ccc11d13a5167190c539e2a13fd82c867,0.299733480,0.999965039
train,359,ISIC_0012379.jpg,ISIC_0012379_segmentation.png,b688948cfcb7c52bfdb6aec51d15a6873ed6e3800a66cdeb8b733e0b4d90ed72,0.232330322,0.999903611
train,360,ISIC_0013982.jpg,ISIC_0013982_segmentation.png,45910ed067c859d83e1552344265652807c860312d30a9fd3a7f39eeed194895,0.237640381,0.999728241
train,361,ISIC_0010171.jpg,ISIC_0010171_segmentation.png,9d9ba1fb0ca6fd64cbd73778be9321ec87871444261d354ed57c92781c5d24e8,0.197260539,0.999689311
train,362,ISIC_0012673.jpg,ISIC_0012673_segmentation.png,dca04d5dea5ecea776575e40dde0147f57b0b4c2b81eaff03081b654c3b0447c,0.066426595,0.999913321
train,363,ISIC_0013026.jpg,ISIC_0013026_segmentation.png,091f4c1ae9a2e7ea90079353819d4a6274ae790ebab6227dd7122f5e24b6ee0e,0.256266276,0.999805211
train,364,ISIC_0000232.jpg,ISIC_0000232_segmentation.png,7e6b568c2be140db9cee2312dd042b3ae18eb41ba84aec885bce9d73ac776421,0.242655436,0.999957190
train,365,ISIC_0003051.jpg,ISIC_0003051_segmentation.png,7a1b76a40f68c3c68ca4d41a5a9689aae8aeda6da7ea2ebef34b32f8f3a873fe,0.189946493,0.999860241
train,366,ISIC_0000160.jpg,ISIC_0000160_segmentation.png,1b116ce19c160d0ec61c7fc7dbdde2d723e355e5c8e348992c60bc5993d3a3ae,0.256734212,0.999968551
train,367,ISIC_0008998.jpg,ISIC_0008998_segmentation.png,7bd0911b82a3da541518c83a4efe786e4e5112658c0c9293510c0f303b34141d,0.202687581,0.999899047
train,368,ISIC_0011324.jpg,ISIC_0011324_segmentation.png,0aef5c381dab848a22475d90d2308541281aebe7d79afb931b322d6fb99a816d,0.180252075,0.999916861
train,369,ISIC_0012442.jpg,ISIC_0012442_segmentation.png,a2ae7d0af4a3197ea02aa5e824c225914336f65b456b2d5ee4261a4483d02c7f,0.235636393,0.999833283
train,370,ISIC_0012833.jpg,ISIC_0012833_segmentation.png,8435937e13fa4f1fd69185a410da47e4e1c8171afc3a1fb751fe5da62672bc6f,0.219767253,0.999801903
train,371,ISIC_0000536.jpg,ISIC_0000536_segmentation.png,b97ab257621024db0b707db30127adafd085f90c03f46bb0de4a2f14fc407428,0.159642537,0.999910527
train,372,ISIC_0008029.jpg,ISIC_0008029_segmentation.png,22f77359531f283cfeb21e11504c7b92ab401b0e48633b56b859e047eb7d5a35,0.212539673,0.999883118
train,373,ISIC_0000481.jpg,ISIC_0000481_segmentation.png,6572043aa00431c368200c631f43855e53c03e0cefe816e8e72f7533fefcae45,0.261240641,0.999896528
train,374,ISIC_0002647.jpg,ISIC_0002647_segmentation.png,b8dbab706cf8ef725794d89ace14a630e6f64d0598e794b09ee81ab0246f48d6,0.205245972,0.999894409
train,375,ISIC_0013568.jpg,ISIC_0013568_segmentation.png,8eb8acfeed2a2674f27d4cac873ab2fe3ad198121f2bf8ef3b30d100cf511a03,0.200571696,0.999668257
train,376,ISIC_0014848.jpg,ISIC_0014848_segmentation.png,3befac5a5d62ec7829523bfed749329b04c4f6bbe8f8ba5154ad85e394d782fa,0.568837484,0.999803760
train,377,ISIC_0010848.jpg,ISIC_0010848_segmentation.png,59f55581e93b26ffc04face54972bd42deef8e071845e2434914759d2c7499b5,0.198516846,0.999648716
train,378,ISIC_0000150.jpg,ISIC_0000150_segmentation.png,108f2cd440805af52b3774f07471e001588955c12cad86118ac4e1f68d4ba044,0.000000000,1.000000000
train,379,ISIC_0010372.jpg,ISIC_0010372_segmentation.png,f5bfdb2a398f16c6ae322d92c694ca1b649752d3d8117d255f167ea346f06f3c,0.217137655,0.999777655
train,380,ISIC_0013437.jpg,ISIC_0013437_segmentation.png,3f4cb84e7918b518e9e9f7210d75613c9540f84156e3a8da00712cdc40940b07,0.264897664,0.999689811
train,381,ISIC_0011229.jpg,ISIC_0011229_segmentation.png,b2b3b6c993f666d989b0612f8cd27b27bb9f9a8c1b5fd2ec8ea12eb6f9b21c58,0.243499756,0.999937230
train,382,ISIC_0011101.jpg,ISIC_0011101_segmentation.png,bafd3a2290ad17536d62c25b4b6e33793310257e2933a5e2bd9991d81c85f089,0.273513794,0.999928955
train,383,ISIC_0000050.jpg,ISIC_0000050_segmentation.png,3bf78f4adfda6133b327ca2c569d18b1460e5e05487021c2bfb5d9f7cc0bffae,0.076314290,0.999937670
train,384,ISIC_0010488.jpg,ISIC_0010488_segmentation.png,1dd5775420f3e4d4db69136e596a2a5a3857937717044b7d4bd4f329307078c3,0.074681600,0.999897828
train,385,ISIC_0000332.jpg,ISIC_0000332_segmentation.png,6044b1d010d6d7219e07b5c8c6fd3872cc47f703b81866a8c173fcd7fe765488,0.000000000,1.000000000
train,386,ISIC_0000436.jpg,ISIC_0000436_segmentation.png,d28824a783f4584f7ed6b06634f696f48a95ae6e7fc02b2eef61b6aa4f8394c9,0.124191284,0.999944333
train,387,ISIC_0010351.jpg,ISIC_0010351_segmentation.png,1f8e9532dceed5cf3aab7ffde21b764bb30be5ce699d4a9149ef89b8ebc0fe0d,0.206527710,0.999917154
train,388,ISIC_0013200.jpg,ISIC_0013200_segmentation.png,d5bcaa807da19b981d1da72ca8d726ec49348527d27f71017fa827e13ecc3dab,0.194112142,0.999814437
train,389,ISIC_0012097.jpg,ISIC_0012097_segmentation.png,b0a40ea942636f3094c6986def32d44cf6260a794eb5c343cefc5d8edc4ba04b,0.154505412,0.999813974
train,390,ISIC_0014543.jpg,ISIC_0014543_segmentation.png,193b17b139ed1a314fb1694e925c012be04840727214c78734106eb93796eb94,0.147389730,0.999768410
train,391,ISIC_0011143.jpg,ISIC_0011143_segmentation.png,4823716bae163f9f2dd57f71d9609ede38e73ec51d4730399d6d8d535569bcf9,0.142059326,0.999829306
train,392,ISIC_0000504.jpg,ISIC_0000504_segmentation.png,920d6470bdeeaef2a2f37474b1f9f83ea960471120af1fbaccda3e7c2a43c5de,0.200836182,0.999899272
train,393,ISIC_0009994.jpg,ISIC_0009994_segmentation.png,8ac09ba787a25b1cb47a7bd431912de77780f4c98fd68154a7b59332fe746b5a,0.184626261,0.999920233
train,394,ISIC_0000092.jpg,ISIC_0000092_segmentation.png,f2c2cc6f87883b0b033d9ef8e900b44c682e468ccb2ac50654be79b94b66ca4a,0.183751424,0.999797554
train,395,ISIC_0010255.jpg,ISIC_0010255_segmentation.png,b5a7d7c7adc9575dd9bedcf1036e473690bd9f77c0635bf55fdaef893207a1bd,0.127298991,0.999752494
train,396,ISIC_0010368.jpg,ISIC_0010368_segmentation.png,4872f5d93c7d0e1cb9818e802b3b53ae462cd545f05ab055f0b34f08012f30ee,0.206425985,0.999921226
train,397,ISIC_0000102.jpg,ISIC_0000102_segmentation.png,34434c874f0077fe6b9cbfd87920b08728a305385808e2d55c8b9cafff0717f7,0.000000000,1.000000000
train,398,ISIC_0014114.jpg,ISIC_0014114_segmentation.png,263c5ce63e7f81ce1243d55d50388a43eecf13bc307ffe53341a7bf33ebb60e3,0.124786377,0.999941658
train,399,ISIC_0008507.jpg,ISIC_0008507_segmentation.png,f80d757d28395e63f9b9ace96f911ea49ec816c6af9e1118d703e5cbc8aad2ad,0.200347900,0.999935476
train,400,ISIC_0009083.jpg,ISIC_0009083_segmentation.png,7f6893cb38539a4edc4f24106d2413162c547efb23594004b1732a1c20c3da0e,0.182342529,0.999947384
train,401,ISIC_0013801.jpg,ISIC_0013801_segmentation.png,23c891caedd7b4f7b997820b6c2bb7641148b298ee071aa73b64138b33b0b9a9,0.190973918,0.999751267
train,402,ISIC_0000217.jpg,ISIC_0000217_segmentation.png,bf7ff2c2858ae7490a253c75fbf7e364ca1cd983766d950f2089bf555a5378b2,0.202789307,0.999966419
train,403,ISIC_0000252.jpg,ISIC_0000252_segmentation.png,c2c7c1d12b714f7a017c58e288146e6211a6060bb3159df8ebadd5246030b4e5,0.174636841,0.999971942
train,404,ISIC_0012203.jpg,ISIC_0012203_segmentation.png,e33130d0e20c8ea418617ff5f0e6d73e5b70c82f2e7a76bbc3842dbf9a33f2d0,0.184178670,0.999853338
train,405,ISIC_0000535.jpg,ISIC_0000535_segmentation.png,9e36368597028a52e74142bad378bf5a4a282bbec26709cce70e39f6e67952ad,0.149149577,0.999935441
train,406,ISIC_0013236.jpg,ISIC_0013236_segmentation.png,05a26ddfbaf8b4eb3ca7ca9f04e9384c10710ccdff4eacff0775ae6aa22d4dc4,0.281194051,0.999833732
train,407,ISIC_0000027.jpg,ISIC_0000027_segmentation.png,ac1dff1325f119c9cd86671e63eb4dc8acb78ff078b241b0167c04235db5edc4,0.055257161,0.999958708
train,408,ISIC_0011327.jpg,ISIC_0011327_segmentation.png,8c9f43b964cda2442b052e17e8bb71c9c1308b543893026187706e7d0b7d1b89,0.229802450,0.999926496
train,409,ISIC_0002885.jpg,ISIC_0002885_segmentation.png,a4e948ae2a3aa65b10c815f7f9657813cda2492a800765bf2c1c2083b795d69a,0.229212443,0.999828762
train,410,ISIC_0012527.jpg,ISIC_0012527_segmentation.png,10b55431bcc072a0f35a7fd96be91fc8e9a37592c6f25ad25e1d1d307a01a598,0.119099935,0.999907446
train,411,ISIC_0009882.jpg,ISIC_0009882_segmentation.png,fe1862d2c05aa1032dfad4d1972157027f3bfabed88ef2b0af943a60a22ef831,0.062739054,0.999971786
train,412,ISIC_0013024.jpg,ISIC_0013024_segmentation.png,70fd7f1fcbefd38288172fb3e9ac9b95dc92088d2ec089d38db5c07f01129b60,0.250844320,0.999930764
train,413,ISIC_0013986.jpg,ISIC_0013986_segmentation.png,e91fdfdedb77fc0aa33b6017bdafef86c34f01893151a3dc3e95ecbb01dcd7a3,0.230972290,0.999638245
train,414,ISIC_0012363.jpg,ISIC_0012363_segmentation.png,90afd59ad57cd510b2301633b8c1185037fb37a59a85440dd342b72139b180f5,0.244964600,0.999595246
train,415,ISIC_0000345.jpg,ISIC_0000345_segmentation.png,fecea75f80a2e6b641d9bdbd38e039b13d9d92609ab9204478f93c54f6137589,0.000137329,0.999999983
train,416,ISIC_0009939.jpg,ISIC_0009939_segmentation.png,be4260a75ab83424d440450b3377423fffa380226b9ad31742659a589349a519,0.156382243,0.999880201
train,417,ISIC_0010475.jpg,ISIC_0010475_segmentation.png,a7573502f88686a269154b3cc29e4ffe8871ecb55812fe86b9fc514aa759d19d,0.055791219,0.999857372
train,418,ISIC_0009919.jpg,ISIC_0009919_segmentation.png,632caf21115cdb0f032b45b6c012d3614ccbf17e7461e2ee4cce1045ca5ef83e,0.112889608,0.999942838
train,419,ISIC_0000003.jpg,ISIC_0000003_segmentation.png,303d102a0104d21f4bd1e31b5c4b999c66069e35881fef4b1684317d4476e9af,0.110336304,0.999980874
train,420,ISIC_0013023.jpg,ISIC_0013023_segmentation.png,f08e0d12a36b195eb6e810f824d6b92aa6e14ac82e63febc37142311947a656a,0.215799967,0.999872092
train,421,ISIC_0011089.jpg,ISIC_0011089_segmentation.png,31582d13e5b599bd0239c2da9671efdf54883e735042898edb65480227682eed,0.167287191,0.999771536
train,422,ISIC_0015045.jpg,ISIC_0015045_segmentation.png,784ad898445aa06c08c2a293b01584c5ea00ce2ecad8805fbb64fb497d030b29,0.518585205,0.999881473
train,423,ISIC_0013639.jpg,ISIC_0013639_segmentation.png,cd20b57598d4a8c10999cc6c6a792fb96e4d11c087f84165538ad3a9ce25ca93,0.089477539,0.999885496
train,424,ISIC_0000323.jpg,ISIC_0000323_segmentation.png,034344f9731e123a37108ecd4c5dc892a59961e220fb04ff24fc581bfbef34cd,0.000000000,1.000000000
train,425,ISIC_0013497.jpg,ISIC_0013497_segmentation.png,1bfcb30b77d57510687995aa969b13e993d1b9cf0e6e9ac06279fbdc6c871641,0.183929443,0.999853415
train,426,ISIC_0013839.jpg,ISIC_0013839_segmentation.png,fa488aced9a30e428b43cdda18d9b0f5490df24657775c8c708c437ef84a9fbf,0.244389852,0.997928064
train,427,ISIC_0000264.jpg,ISIC_0000264_segmentation.png,25ced23efe918ed8f4e0117cf7003c6db43baca12ccec4673bb61d1301c646ac,0.246495565,0.999940170
train,428,ISIC_0012940.jpg,ISIC_0012940_segmentation.png,5f8ff7614fe2f64b543e4014eb8283879c2587980def1466128d6500847c88e4,0.251714071,0.999772351
train,429,ISIC_0000549.jpg,ISIC_0000549_segmentation.png,b4b6e01d5794aa7df47a2c3df08afdfbf90e29a3ca6b74bdecd1133aa93716be,0.167388916,0.999929954
train,430,ISIC_0000348.jpg,ISIC_0000348_segmentation.png,24e7da0b862b2829527debe87ee7bbc20b7b2a7bb6cd25e1e1fb8f397baac0d5,0.000000000,1.000000000
train,431,ISIC_0011303.jpg,ISIC_0011303_segmentation.png,e3eb683de276b2de1550fd85408de64e9d7eaceadb7d68bb030f20e7f3d4ca51,0.297698975,0.999801706
train,432,ISIC_0013489.jpg,ISIC_0013489_segmentation.png,b7badaa93c2eb22e7d6122a3c043950d2c8b0c720124c300693f9a5d96d799dd,0.379440308,0.999738586
train,433,ISIC_0012320.jpg,ISIC_0012320_segmentation.png,f39ece5aadd5fcca0e5efbfe0833040a4881438ad9a95045e871efd98eeb22b7,0.161290487,0.999836034
train,434,ISIC_0000218.jpg,ISIC_0000218_segmentation.png,195b5e44c66e6999ba94536f9ab09b2eeacc82dbae53a494e94aba7a6128ba76,0.171356201,0.999965281
train,435,ISIC_0000507.jpg,ISIC_0000507_segmentation.png,7b76c7f89a0c8d57a6677fa641f2179f8e1e7c9199e066d834d159c951fbd659,0.208964030,0.999879283
train,436,ISIC_0013096.jpg,ISIC_0013096_segmentation.png,97bfc0f87bc552e24fdab3ac9e290ead75ca39a60b939095354eab0ec9ac3af3,0.208343506,0.999831031
train,437,ISIC_0013243.jpg,ISIC_0013243_segmentation.png,3b048be2f345212a6a441ed78ca4c3cd946b15603d9eeee505e6155a002f0c46,0.263015747,0.999844996
train,438,ISIC_0015220.jpg,ISIC_0015220_segmentation.png,7b2739f1dababcc5664ab04b3641a04b68989c6c3423db99615aaf63348be112,0.393163045,0.999924480
train,439,ISIC_0013129.jpg,ISIC_0013129_segmentation.png,68e0f45e33a42947370eb37e005ef1bbd1f3283059786089f7ff7c831b905c36,0.229766846,0.999851837
train,440,ISIC_0012693.jpg,ISIC_0012693_segmentation.png,76b8475c9a3b21ff91bf00df239fe702d89c6b8b22074ff01307c525f68e44de,0.246449788,0.999827409
train,441,ISIC_0010184.jpg,ISIC_0010184_segmentation.png,0d1e15a4dcc17832bc0faebfd7efed2de741f6b9dbd0b5d730611f9a0041588d,0.193166097,0.999890416
train,442,ISIC_0013975.jpg,ISIC_0013975_segmentation.png,0ebad360cc91864681339a2a9a61d403e34ddc76eb5747f5ebe12aa245653b8d,0.238296509,0.999875328
train,443,ISIC_0000491.jpg,ISIC_0000491_segmentation.png,f3cf46e2be862415beddfedc49c5aa17d59ec0be8ffc4be1ef91adf884394ab9,0.222961426,0.999918226
train,444,ISIC_0011361.jpg,ISIC_0011361_segmentation.png,2d913fc365ea1e256a28cc0c263e214221297a6580ee0b191388c536ace10090,0.444854736,0.999859606
train,445,ISIC_0011213.jpg,ISIC_0011213_segmentation.png,799e8c5ae6988be0d147c8a6185738e3f09753efb3f6cb4f6a652f9b055be784,0.239552816,0.999789456
train,446,ISIC_0012990.jpg,ISIC_0012990_segmentation.png,c942c57b3f92f295818e0c71eaad4b83985a044894f51bfe6f06db33482a71bd,0.214538574,0.999771880
train,447,ISIC_0014537.jpg,ISIC_0014537_segmentation.png,36ab362fdb0d4b79060d1f0d6cbb6397850d54b1032f6c4e294fbe2e7bccdf85,0.156402588,0.999826476
train,448,ISIC_0014779.jpg,ISIC_0014779_segmentation.png,e72fc8a7d757d08c45923b3cf79abb694ab13220d49f72eb09976e1dcb7e2980,0.623341878,0.999792411
train,449,ISIC_0000543.jpg,ISIC_0000543_segmentation.png,129c13b72badd86554ce13ed18d88b3093e586ac91a6c4f45f0ab76657613b74,0.141860962,0.999960867
train,450,ISIC_0011123.jpg,ISIC_0011123_segmentation.png,e03362c8278c4ed5e39054c757dc8a1cbf2965e8d780324dfe590d8aeb9e95fd,0.135503133,0.999936263
train,451,ISIC_0010588.jpg,ISIC_0010588_segmentation.png,bb9cf712082aca6299921718a7ceb4226082a60bcdd8862d7b1a4f1172696eaf,0.198186239,0.999928745
train,452,ISIC_0010227.jpg,ISIC_0010227_segmentation.png,107682c8697ccb369fa6b707212bdf3e10ae5096c3b63506ac8ea0c3227e457b,0.151748657,0.999867497
train,453,ISIC_0012413.jpg,ISIC_0012413_segmentation.png,3dafec1d35816ace2500e9c8422dce528d8e9a0b5c61588dd17b50a80bc7784f,0.217432658,0.999810052
train,454,ISIC_0004166.jpg,ISIC_0004166_segmentation.png,115ce97b2dc3256f1e0b176d8fc1ae7e1262e27df4258a1fad02db2c4b972d5d,0.197026571,0.999807248
train,455,ISIC_0014831.jpg,ISIC_0014831_segmentation.png,6da1f32788358f857710d817dbc2b72ba4396702cd6131d8f26e3dee3681c2d5,0.347854614,0.999935292
train,456,ISIC_0000390.jpg,ISIC_0000390_segmentation.png,adb1de11b84266dcd62e600eb0f528935e9a6c7fe334616d7f99b1843180c392,0.087621053,0.999980917
train,457,ISIC_0010852.jpg,ISIC_0010852_segmentation.png,e290ad645752d1cbc245ee49dead4654c49db55dde195858ac5e6301d6f9c664,0.155731201,0.999888246
train,458,ISIC_0012891.jpg,ISIC_0012891_segmentation.png,c19ce379ac0927b76ce1f2380bd9725feab61d62fc86a267013366ced7923f29,0.127838135,0.999828491
train,459,ISIC_0014665.jpg,ISIC_0014665_segmentation.png,94a0f156e74555057a91377d55bd323b16c481a5032304f394fe7e6f52e744f2,0.416483561,0.999910009
train,460,ISIC_0012508.jpg,ISIC_0012508_segmentation.png,a3dd39d6e607a263a89f879426d6c5e88f3aa9f2929a8191216936a43f1e6e78,0.136571248,0.999877582
train,461,ISIC_0010075.jpg,ISIC_0010075_segmentation.png,5c97015d1076d59a04652adf9f9d5b03ec2c529bd615f185ffce305554ede9fc,0.234959920,0.999802045
train,462,ISIC_0000294.jpg,ISIC_0000294_segmentation.png,77e2850a42b46530bbfc9bc77ab13c5c496f25762b87a94cdf599c71217b08a6,0.151000977,0.999971650
train,463,ISIC_0010055.jpg,ISIC_0010055_segmentation.png,a53a1680632799117ed0c50251ee6beaaef5cacf6a962ad3813a8377772cf12e,0.171106974,0.999825500
train,464,ISIC_0012655.jpg,ISIC_0012655_segmentation.png,335eb74240e7e55bf872af1b0c3d394a5b3a93c488b78c8df716637f11088dd3,0.145960490,0.999777528
train,465,ISIC_0000172.jpg,ISIC_0000172_segmentation.png,407eda2c2c78033ea57882b2246e7619b2f6e0e22bdcec9bb8bd7c4995f7ba9f,0.229314168,0.999966524
train,466,ISIC_0013334.jpg,ISIC_0013334_segmentation.png,bea43a75aa7c634b7c6a1367c00648da482309cc64238811663be07df0d10383,0.255167643,0.999863123
train,467,ISIC_0010100.jpg,ISIC_0010100_segmentation.png,01721af4df77a0115462646602180d3231bf49505ba614b927643e30d51c7cb8,0.189392090,0.999910247
train,468,ISIC_0013815.jpg,ISIC_0013815_segmentation.png,db8c91d8a56953c1409eeacd6ea4b998b3c7bf0d3a66b8afb3c44bfe36840554,0.206390381,0.999774336
train,469,ISIC_0014049.jpg,ISIC_0014049_segmentation.png,d152d357adc62bdec1436ecd1d975a49977b50f8c84a5f2b09f9b1745c6e8609,0.116531372,0.999794575
train,470,ISIC_0012741.jpg,ISIC_0012741_segmentation.png,8def16c785a4f8785a0ada21945223315dddd105c84cd84576d31e413fb7ba01,0.166692098,0.999751261
train,471,ISIC_0011363.jpg,ISIC_0011363_segmentation.png,2eb3bf12f308e25ee909e1219f398832ddd658a60b85b5152b30cd29328123c0,0.318277995,0.999936416
train,472,ISIC_0010591.jpg,ISIC_0010591_segmentation.png,b41531b064647395eb1195f3c73d953885325eb8962049f4b9c1ec9f605fcdd5,0.219365438,0.999886029
train,473,ISIC_0014440.jpg,ISIC_0014440_segmentation.png,ce51bec709c3bd048201c7a1e46be91bfa500742dc288d5222cb5be96f3c1cee,0.126271566,0.999831054
train,474,ISIC_0014897.jpg,ISIC_0014897_segmentation.png,e6160144bc0b88f9d2b95eb5eac6d3f6a20011954310aca76e2f239e21079d4e,0.503407796,0.999850694
train,475,ISIC_0000165.jpg,ISIC_0000165_segmentation.png,b187a3f73f294f178d47f0f034442291dda4dcff345f4a0595d15a25e6591519,0.231262207,0.999952314
train,476,ISIC_0000319.jpg,ISIC_0000319_segmentation.png,2d2ed4aa603e800d586d69185aad894ea8e8e42103b5d6abc831e08e8c917ac6,0.000000000,1.000000000
train,477,ISIC_0002489.jpg,ISIC_0002489_segmentation.png,82fcb1009a9d2695453e66e2ea4b1f3cce8f3a4666400ed53c43afbdef82f849,0.299021403,0.999838126
train,478,ISIC_0008347.jpg,ISIC_0008347_segmentation.png,f6f396b2e0938505cb4cac5cf3808440c062af77d200661d2412d206f2b00251,0.243164062,0.999890074
train,479,ISIC_0000421.jpg,ISIC_0000421_segmentation.png,e9596c42886a1c032fb2631b3adf43d9c5beffecb6c88f84b0d7aafda5feb9c0,0.140808105,0.999929976
train,480,ISIC_0009942.jpg,ISIC_0009942_segmentation.png,8b31c1c8dca55a222f3f3485b698ccbde1527d8d07fd241b6063fa5840dc07d7,0.268473307,0.999782494
train,481,ISIC_0000260.jpg,ISIC_0000260_segmentation.png,1eaad3d985b426dd0812d42dd9af418e11d36fb3a31b3394db65905369cce7d2,0.151433309,0.999977968
train,482,ISIC_0000475.jpg,ISIC_0000475_segmentation.png,f617202a0f0b9fdfb6bede9d255eb919c42cbcb43315216f40f8a27741702953,0.249699910,0.999910276
train,483,ISIC_0012823.jpg,ISIC_0012823_segmentation.png,27f3adce52e4e9ddc0f97ccc8183d0d771fbf121e9a0d4c81d8c91e6ee255d17,0.110422770,0.999828967
train,484,ISIC_0000224.jpg,ISIC_0000224_segmentation.png,ae883a5a26bd2fd328ca2169dab4851fbae7ed4bb94cdf50329c1060237b85d5,0.178268433,0.999975176
train,485,ISIC_0000001.jpg,ISIC_0000001_segmentation.png,1dc2200a2bc27b0cc74f3444cddc950e736d524caef5785dd6cddc4fb80f7a13,0.046936035,0.999971171
train,486,ISIC_0000505.jpg,ISIC_0000505_segmentation.png,e84474b2ea67de4a15317a715231b096b060a40af405404df6ecd153cad5bdcc,0.364003499,0.999819655
train,487,ISIC_0013150.jpg,ISIC_0013150_segmentation.png,68371235965d42a41398e5a9f50b2b33c1c230db4b23d43c935ca40576a976a6,0.201299032,0.999797502
train,488,ISIC_0014628.jpg,ISIC_0014628_segmentation.png,236319814a2572d9fc076afd2352aed3f976cff3a34bb863d83f0ded8e3f40d9,0.135991414,0.999917046
train,489,ISIC_0014173.jpg,ISIC_0014173_segmentation.png,69e05d95eeb1ec1bcb0443bb6f6d8c816c5d59015d2860873b4af4ff3cfb479d,0.139180501,0.999912000
train,490,ISIC_0011333.jpg,ISIC_0011333_segmentation.png,4ae380d693ba6bb725ce2ffcf55183dd82de5a427982db623c0f41b0a3d7eee7,0.131932576,0.999973666
train,491,ISIC_0011397.jpg,ISIC_0011397_segmentation.png,1651f941f7c02732a709e40ea7e459dc1e0c37ce7c2d92cd718751e5ec8c056c,0.208704631,0.999803817
train,492,ISIC_0009958.jpg,ISIC_0009958_segmentation.png,9eac140b7354ccaeccd5d5565d069dc096bc00110eeeef9bfe2ff5335d1cd2a4,0.162740072,0.999854357
train,493,ISIC_0009912.jpg,ISIC_0009912_segmentation.png,a1d3932bedc289ef98b2570171d850096f4f313e327d71f79c1b792c775ce7f6,0.252131144,0.999687050
train,494,ISIC_0000038.jpg,ISIC_0000038_segmentation.png,1c26bf6415a1d620d76f8135105aef5bc086ff0bb962f9089f943641f36e3710,0.156244914,0.999972318
train,495,ISIC_0013554.jpg,ISIC_0013554_segmentation.png,0fe44c2db682b47c26e9cd450f5ab17bde12d67b6ceab8379555c87cefb79e08,0.203923543,0.999866257
train,496,ISIC_0014133.jpg,ISIC_0014133_segmentation.png,85e069eb9eaff51d669385c75d0428696b1240dc0ed5c8e494aa762a1be922b3,0.099950155,0.999955952
train,497,ISIC_0000107.jpg,ISIC_0000107_segmentation.png,7ecf5051e6ca02d7b1b35a8a79adebf73a6f0735cc4f97e0e2cc8e43e5ba23ca,0.000000000,1.000000000
train,498,ISIC_0014263.jpg,ISIC_0014263_segmentation.png,967297afff2e2064e0a09df2885b60a4f4ec93faeb121f7102de76f24c4472f4,0.133397420,0.999767562
train,499,ISIC_0012360.jpg,ISIC_0012360_segmentation.png,5e35a6222da80494b031352b201910e902d5702628858904652d969c2546e53e,0.212122599,0.999720348
train,500,ISIC_0012986.jpg,ISIC_0012986_segmentation.png,5d3f89d804c8cf8e9ff262f7104cedabba9b1b5d9a1223b097089e6e428135b2,0.205820719,0.999772304
train,501,ISIC_0010443.jpg,ISIC_0010443_segmentation.png,17cbea6fb3b4e0a0473c258fc0d9ef16df2304a11ab1b5b8e2d8e54d23a3a2db,0.149546305,0.999933145
train,502,ISIC_0000078.jpg,ISIC_0000078_segmentation.png,ea7bc1540685fc2b02f8d68fd4d5fcf0b1ec5ef9739f942f6ab67427fb57b130,0.098683675,0.999959967
train,503,ISIC_0010327.jpg,ISIC_0010327_segmentation.png,d1374b0d9e0e689eaa7c866090db204f016e4d27ffb67b296d00ae3042573aa9,0.189778646,0.999958351
train,504,ISIC_0000458.jpg,ISIC_0000458_segmentation.png,f124be0df23188330748d6fe3f50da1c7299715cbf450e98a3e786a5ed6435e6,0.354858398,0.999748659
train,505,ISIC_0014341.jpg,ISIC_0014341_segmentation.png,b5b671b5caf7856cbc455ce8219c8b24ebf00fb444da18afda5239fe660d8a1e,0.140665690,0.999905108
train,506,ISIC_0012826.jpg,ISIC_0012826_segmentation.png,ee12135ad09a1b6173bbceecfa075f19867c6d1b35e9604a6eda397c229f0166,0.090352376,0.999839907
train,507,ISIC_0000196.jpg,ISIC_0000196_segmentation.png,e93e67738bfc8a45cbc5d8b79895ab6dafd77e3d748057252b8cbb441cf377f8,0.179290771,0.999964625
train,508,ISIC_0015109.jpg,ISIC_0015109_segmentation.png,0068d51e998862d70bd803537ea8490d34568f56378a3ea72641f38c87e34a67,0.415796916,0.999931210
train,509,ISIC_0009910.jpg,ISIC_0009910_segmentation.png,41f51355920d5397f84b7f414df4b738ff58c088cf248fdf9d951f66fe6caa15,0.355092367,0.999876923
train,510,ISIC_0011165.jpg,ISIC_0011165_segmentation.png,476b055b7ccda6855369dbae6ce2799caca326032bc4488cff34a836307eae0d,0.136642456,0.999956465
train,511,ISIC_0012884.jpg,ISIC_0012884_segmentation.png,92715fc2eaaeca18f700f7990ab97c39db2b3e61ea29fcaf4476e49d08a16b05,0.144470215,0.999706495
train,512,ISIC_0015170.jpg,ISIC_0015170_segmentation.png,828fc69bb4603534ad9ac007db6d120fb96fe66be1d26648d6694b486e3b753c,0.463775635,0.999925507
train,513,ISIC_0013725.jpg,ISIC_0013725_segmentation.png,f70d2aef8e6703c8bda471ea7d6bf21dbeed8fe1e7642c14f6c78e2dc2a6d929,0.244232178,0.999902728
train,514,ISIC_0013921.jpg,ISIC_0013921_segmentation.png,c76638fdf99de6d579b22e89526be5b4eb9aabc560a19c1af1c2ce70f9229b1f,0.097234090,0.999799086
train,515,ISIC_0000302.jpg,ISIC_0000302_segmentation.png,fb59aa9215ef6f0676f5107ae395a604b3df04e03b20d2bfef3aa302547abdc4,0.000000000,1.000000000
train,516,ISIC_0014395.jpg,ISIC_0014395_segmentation.png,39bc6549a8a05076dc6ed0aa972cd087e8114ca7c7751fe6290b3ec258d64d50,0.107579549,0.999919334
train,517,ISIC_0000295.jpg,ISIC_0000295_segmentation.png,cfcae3ee5654beac163455304702b94b3b31feaea664d9266ff31f92146f4772,0.000000000,1.000000000
train,518,ISIC_0000256.jpg,ISIC_0000256_segmentation.png,593aebe2e87d98c3b2be9c1a148c6686639ae2423fb642bc80a094bc6ba46cd0,0.117655436,0.999941216
train,519,ISIC_0007087.jpg,ISIC_0007087_segmentation.png,44e09cea93a237acda8c15b87ca3678f2a3244ee43a66b7a16c8c4b19e0afb15,0.280548096,0.999884410
train,520,ISIC_0000528.jpg,ISIC_0000528_segmentation.png,a530a444b11fcd1aa931ebd09c816f93ddbdcd0882342da9775d54748cc28156,0.347066243,0.999761336
train,521,ISIC_0000116.jpg,ISIC_0000116_segmentation.png,3fdf6d6397130c2216fd9da61e8784384b009b3bf8af4328b7718561b1c4af21,0.174799601,0.999944539
train,522,ISIC_0000207.jpg,ISIC_0000207_segmentation.png,6d3ee6d12bff0591e785004e21c4d08333b410b8fc20331289c42de2d6eb88b3,0.270762126,0.999953463
train,523,ISIC_0000012.jpg,ISIC_0000012_segmentation.png,e981e8de08f92fe7c51ac75b883d14758fc5887b2d46dcac0327ce51505ea964,0.195973714,0.999792454
train,524,ISIC_0014187.jpg,ISIC_0014187_segmentation.png,cbf16a381504af5898c7566385b13ce4b302a2ac8ac21590da37252f9005e145,0.136383057,0.999828070
train,525,ISIC_0013044.jpg,ISIC_0013044_segmentation.png,f6d7ca4deff40a0c2210e31a73329b0fa0574ffaaf373417adaab51e94e71287,0.141606649,0.999814244
train,526,ISIC_0013680.jpg,ISIC_0013680_segmentation.png,a30e1a7a5f9e85e44099cf23994f81fc4c187448e276c9eff804d939dee973b2,0.164555868,0.999819049
train,527,ISIC_0005620.jpg,ISIC_0005620_segmentation.png,c2a5f4c70101f34f293d9c68cb1f7731194fce73925d20d34cb46ec294034688,0.289250692,0.999894021
train,528,ISIC_0010326.jpg,ISIC_0010326_segmentation.png,4d54617343e1de1f20b6ce64c23ef998e24595cebc0e45c3dd56e3cb2c3e1f0c,0.139160156,0.999810180
train,529,ISIC_0010005.jpg,ISIC_0010005_segmentation.png,e7d54b527034d4735d2294a3e179e4c151335cf444f7494e79b9b50fa36c270d,0.181635539,0.999942897
train,530,ISIC_0013573.jpg,ISIC_0013573_segmentation.png,c5dd9a3b23c265dcab8e1ff752afa1ed5580a59bfbfabc315ae024d67af15fbd,0.225001017,0.999895094
train,531,ISIC_0006326.jpg,ISIC_0006326_segmentation.png,6c600d8d860f8c6e525256db8c24fafb32b2fefc0a23c59b1fed73aaf5b9d5a5,0.284352620,0.999867748
train,532,ISIC_0013369.jpg,ISIC_0013369_segmentation.png,2bc2839538323aa6f42dd706a8642705e177d020756dc9b561fccb84e836b169,0.238840739,0.999753758
train,533,ISIC_0014535.jpg,ISIC_0014535_segmentation.png,84759ca3c58b641240811a632019109a66a174b7b65ef9513285b9138a184ba5,0.151794434,0.999740302
train,534,ISIC_0012770.jpg,ISIC_0012770_segmentation.png,42d965c8d1ce420d2e0e5edeb69dda0348a66994deca6d3395dcef800c763967,0.145624797,0.999849875
train,535,ISIC_0013314.jpg,ISIC_0013314_segmentation.png,a58325d87d003c404059382e3455a0f72fd9c6985d842ca2430d45aa30b97442,0.242268880,0.999228454
train,536,ISIC_0010054.jpg,ISIC_0010054_segmentation.png,199a9fcdbec837fa7959b1d089afe5141c471ff6a88a0cc4f86e838f238d4a2c,0.173980713,0.999655890
train,537,ISIC_0012108.jpg,ISIC_0012108_segmentation.png,afd84f0f458590b2e24c6b3364fb14d532165f6ed06d4bce76d196ba2a890167,0.246231079,0.999856474
train,538,ISIC_0013458.jpg,ISIC_0013458_segmentation.png,c3d9f8a787d82d06dbc685fd591a1d79f5c490592675ab6992d8a0c8c9247781,0.206990560,0.999756598
train,539,ISIC_0013879.jpg,ISIC_0013879_segmentation.png,50e22c729ec26a85898b7841fe8d9900c30f8f91af5dc64e5bae75fa08893363,0.170654297,0.999834804
train,540,ISIC_0012107.jpg,ISIC_0012107_segmentation.png,ab89418da11ed7ede57d470f1462d962ea37957924b16c5d05312e498a8c24a4,0.204076131,0.999912051
train,541,ISIC_0000385.jpg,ISIC_0000385_segmentation.png,6cc49026964076009207927c656a2ee4c22fc522a1e07883639d88817d9ed576,0.114507039,0.999948735
train,542,ISIC_0013427.jpg,ISIC_0013427_segmentation.png,987fb52cbbd739641bfa87e73f03bab5a949baa96db1c37f20783bdc60a26ae1,0.450734456,0.999739312
train,543,ISIC_0013816.jpg,ISIC_0013816_segmentation.png,94b6102b3158ff1135498e6347e8a215c245c8d871dc3cfa97fbf2137140f0c3,0.270991007,0.999605496
train,544,ISIC_0006350.jpg,ISIC_0006350_segmentation.png,a5734fa34575bb989750c00152db1482d5b24a4da968bf7f37127e755357e4dc,0.241861979,0.999895212
train,545,ISIC_0010589.jpg,ISIC_0010589_segmentation.png,97e113b9a4a336a3519210d24e78b45b416ff2046c95404c27d4a372d583ef0c,0.191090902,0.999898435
train,546,ISIC_0011296.jpg,ISIC_0011296_segmentation.png,078f60782e686a830e904a105105782449286d995fc4eca44ed3e597d1241499,0.144602458,0.999762256
train,547,ISIC_0002287.jpg,ISIC_0002287_segmentation.png,6efb23b9d8eb16846443c2f267a17b1e542bc57551a84fd9c08c00ba2600cac0,0.264165243,0.999855735
train,548,ISIC_0014782.jpg,ISIC_0014782_segmentation.png,2110badd3a1e80e242cd0c89001ec5b8bd2b6e63f1a4a39a4ab59b6bbaed4988,0.534647624,0.999841280
train,549,ISIC_0014748.jpg,ISIC_0014748_segmentation.png,8368d40c1205476e6bebc43f63097b64431586f51e47a261a09e4b80b99dd8c1,0.597549438,0.999930672
train,550,ISIC_0000413.jpg,ISIC_0000413_segmentation.png,e0d3ac4c9d40f330bf9e0c8171abf47f7401782f9cb44c13f9ac24e0d21b749a,0.100952148,0.999940637
train,551,ISIC_0012494.jpg,ISIC_0012494_segmentation.png,59bcedb2786c9608c71cb86bcc90d4169dc1d7834b7a4d122fe9798a70b8979f,0.145502726,0.999857839
train,552,ISIC_0010265.jpg,ISIC_0010265_segmentation.png,c3a9277c2114a8bf3da5d5def1b5613a4bdae7df2479b8d7fd3f93bc3857ae9a,0.187204997,0.999895939
train,553,ISIC_0000127.jpg,ISIC_0000127_segmentation.png,ec7a97ab5d0d912699d583470f976d6b1c0e4946fb738924f239ef694739e6ff,0.169281006,0.999883998
train,554,ISIC_0013618.jpg,ISIC_0013618_segmentation.png,5d931dec5f5ac2cb4562e31fd1c1fa69a2817cd3c093ebb443807ce3fd6348f6,0.224497477,0.999780767
train,555,ISIC_0014166.jpg,ISIC_0014166_segmentation.png,892ab6fcc015d0e9eafe3c7bb7614f81f345e7b37e4d03f8e4ccd56807df2296,0.136118571,0.999328434
train,556,ISIC_0011163.jpg,ISIC_0011163_segmentation.png,2e6dc5fbce6817c73154fd0b89a8cc3fb5ed3fd52af7e74d8fc33b31778436af,0.145833333,0.999935904
train,557,ISIC_0000030.jpg,ISIC_0000030_segmentation.png,b953235159ecd3ba34fe763e269b214f57b0049dd325b332f27ed26dbc31228b,0.144414266,0.999974738
train,558,ISIC_0000500.jpg,ISIC_0000500_segmentation.png,4401409f716619f7c5d7c8970aab167cc4c61a25e05ff8fcb720c2cf76a8245b,0.247563680,0.999835985
train,559,ISIC_0000550.jpg,ISIC_0000550_segmentation.png,e77682882fc98a342f1b517608261a814a447cccd8e76db533f42b5f243eeb89,0.189717611,0.999957254
train,560,ISIC_0013970.jpg,ISIC_0013970_segmentation.png,7641f9846e0d61deded240177ceb37c1df5c7b328e2a26b81e023810bc6a2124,0.240234375,0.999467044
train,561,ISIC_0000555.jpg,ISIC_0000555_segmentation.png,9573501ad11d264122bc0e87ba6a805c186cac91a303c76857aa6b3463c66606,0.143697103,0.999848749
train,562,ISIC_0000064.jpg,ISIC_0000064_segmentation.png,2f08a948b56b881602decdecc393f2abcc8c8301267597d202a5c19f43ff287d,0.096567790,0.999982406
train,563,ISIC_0000204.jpg,ISIC_0000204_segmentation.png,f43b5d9392f3e2597ec618d09a6dea0c677396a2ea053330ddd4275c6b6629a0,0.280420939,0.999969464
train,564,ISIC_0013160.jpg,ISIC_0013160_segmentation.png,ec8ade12ff17772e3e8929ae933010cb5e993a1529b3bb7e18ffc99bf39f3692,0.222269694,0.999813704
train,565,ISIC_0013492.jpg,ISIC_0013492_segmentation.png,86e1341a0540398cd71c3739723666cdf5a75845fa8071aabfc73d0bc62c2e14,0.165791829,0.999823916
train,566,ISIC_0012090.jpg,ISIC_0012090_segmentation.png,c6f9c2d7e771d60177ae54d922097aa531c57be1bcd882795eb37a98813b4c0c,0.173385620,0.999616619
train,567,ISIC_0000097.jpg,ISIC_0000097_segmentation.png,e0f8fdee717f38d571c66d94ba3cc3d4e111fdbbfab8caafcf607647aa006976,0.219594320,0.999960763
train,568,ISIC_0010854.jpg,ISIC_0010854_segmentation.png,b6e477b6922314283ad362b1377829261e98285c4a68bf716e6de86fa3aadf22,0.144724528,0.999855594
train,569,ISIC_0010856.jpg,ISIC_0010856_segmentation.png,593ef04dda0f16c222b84dfc4275039af2a3ab0ed0e40d3792e3e2ea3ca42195,0.076049805,0.999919447
train,570,ISIC_0010864.jpg,ISIC_0010864_segmentation.png,ab51063b7435ce958b95b1933a9e144fe6b1f55f92d241834d00b441d169599f,0.321029663,0.999896775
train,571,ISIC_0012969.jpg,ISIC_0012969_segmentation.png,eeeef09a137994dc779292332bdaa30047ebdc2149b6cc706e5dfc495fdd7d03,0.248616536,0.999880973
train,572,ISIC_0000461.jpg,ISIC_0000461_segmentation.png,d71b681ff63e04d7e298877474413e0c49e45905228a47b4bec9a4f978106646,0.244812012,0.999837230
train,573,ISIC_0000551.jpg,ISIC_0000551_segmentation.png,6384686fefbf2249bf6d4304413a25e6591a150bf9aed90dbdc73998d3d615eb,0.112070719,0.999915022
train,574,ISIC_0012230.jpg,ISIC_0012230_segmentation.png,9a741d5fe2b2d5539c66e798162d3e552dce6120f35ec0befa0bcb5f6ff86262,0.214360555,0.999671360
train,575,ISIC_0011345.jpg,ISIC_0011345_segmentation.png,23647de6355de5994853f07eaa009b3074093bdee93310a3dfb9ffe7ed783193,0.067876180,0.999950560
train,576,ISIC_0014385.jpg,ISIC_0014385_segmentation.png,5a599a50d7c9df3ea3f7201481824371831e131452200a8d97efc6312bdd7b0f,0.126968384,0.999889928
train,577,ISIC_0000391.jpg,ISIC_0000391_segmentation.png,e930477d747f9dd75e4556f1d91af83226cf80945add48c8d6a37a48fabf1024,0.119135539,0.999869346
train,578,ISIC_0010567.jpg,ISIC_0010567_segmentation.png,e4e0f1f3c7ff5e6c6a2ffcc273f3cbc7ed15ef50bce68f2257868da04424aec4,0.068384806,0.999940795
train,579,ISIC_0013364.jpg,ISIC_0013364_segmentation.png,2fcd88402f8ef1de65e48094a11b75477d3ac67f7d345d169678b8de025a98dd,0.202275594,0.999773123
train,580,ISIC_0000034.jpg,ISIC_0000034_segmentation.png,90998e1df6c311f4843ee8d93bec102ecdabb618954969cf1ba955d8d72bc72d,0.246983846,0.999927970
train,581,ISIC_0013092.jpg,ISIC_0013092_segmentation.png,07d48b221519691f0468c4d837f809f7a097e3784db96d3d4448d59dfccf77db,0.218109131,0.999685074
train,582,ISIC_0014150.jpg,ISIC_0014150_segmentation.png,649d21d2194a1705c89fe624ef3e5ea4ba93549b6bcfa14afc86a233b376b0da,0.109293620,0.999909677
train,583,ISIC_0010596.jpg,ISIC_0010596_segmentation.png,7b602b225d9931001cdafff3316474661894bd0c11d2bcea93f2765320abaffe,0.241617839,0.999899719
train,584,ISIC_0013625.jpg,ISIC_0013625_segmentation.png,784b8eae294dc340d61c938758fe00ffa97a4bba45c4618538c9aac0855aed37,0.241170247,0.999620631
train,585,ISIC_0000045.jpg,ISIC_0000045_segmentation.png,cc773db1c14f84707394b72f7b1c43b9248309863bd23b45517081cb6c02718c,0.114771525,0.999987896
train,586,ISIC_0012445.jpg,ISIC_0012445_segmentation.png,a310f33bce9a0c7618cef003150d79a479a51b016ea7e14a6b6a366b3d1ff745,0.232579549,0.999845038
train,587,ISIC_0013356.jpg,ISIC_0013356_segmentation.png,e880b2fa63e47c509914e8b8f516ff02550e158b7f3065ceeef0026f0d07c29a,0.226119995,0.999345647
train,588,ISIC_0012298.jpg,ISIC_0012298_segmentation.png,fac401066c6565c2c5177f8639efd337ae2b760447740051974ced0f7b2c35da,0.134633382,0.999893709
train,589,ISIC_0012464.jpg,ISIC_0012464_segmentation.png,62916ecfca0ddef3f200a8d29de662e57c570c7e537beac60e8b24a382e10620,0.180903117,0.999938747
train,590,ISIC_0000443.jpg,ISIC_0000443_segmentation.png,ba315ed5825ef4d494bc2eb2a43f67376012c2cbd9898e910a19e4f58ff64aff,0.118626912,0.999901776
train,591,ISIC_0000041.jpg,ISIC_0000041_segmentation.png,bbc0ee03d679118582e36d8f86a024f26e04af969b9dac9e431137a56afcc27f,0.130071004,0.999936611
train,592,ISIC_0009599.jpg,ISIC_0009599_segmentation.png,53aa51b498bdd239a7bf6ecae7edde425d8bc6332ef5ddd98f57c2c85aabd8e1,0.181950887,0.999897476
train,593,ISIC_0010185.jpg,ISIC_0010185_segmentation.png,66e31ddd03dc68f0c0e88d049d155d14a00189d07fa6c0e58b3d40cfd35f4948,0.120457967,0.999720201
train,594,ISIC_0001140.jpg,ISIC_0001140_segmentation.png,96fe15589a686cf95e85d1cced7d6b4e64e17a5bd398d089139e99d6dbc47bb0,0.089024862,0.999989923
train,595,ISIC_0012374.jpg,ISIC_0012374_segmentation.png,92f9466f59c4cf234b78bf23aff1740f1f26ca518bc15d1b661c93eaccf7bfe9,0.173731486,0.999431830
train,596,ISIC_0014577.jpg,ISIC_0014577_segmentation.png,92b293e7bf3aa1d98c9c4d1d26ae494404da014579893e7b530028a1fab7e3aa,0.099405924,0.999946050
train,597,ISIC_0013178.jpg,ISIC_0013178_segmentation.png,8455cd6649349ac0b7d39c6f129a3b93a33ea79d5b306f8c956357093469f9f0,0.211263021,0.999748166
train,598,ISIC_0011166.jpg,ISIC_0011166_segmentation.png,f9ea63589518df9432cf36a05bb710387f9a033ae8898e867c719905105293a3,0.298467000,0.999744869
train,599,ISIC_0009870.jpg,ISIC_0009870_segmentation.png,14740fd47d702172e8ef05460bbd29adc43a199af659d4dc33ceca935e16a3ca,0.203796387,0.999711606
train,600,ISIC_0012806.jpg,ISIC_0012806_segmentation.png,61c21cbbc238d3b66c6879498f84e771bf5172276694dc59e561135c82c17303,0.112218221,0.999770342
train,601,ISIC_0010329.jpg,ISIC_0010329_segmentation.png,cb025553b91f93a005629bc3eae3da8918e65087e8b998ccce1d5d036895c51b,0.271677653,0.999940192
train,602,ISIC_0012669.jpg,ISIC_0012669_segmentation.png,1cf6bcf5d191d85722fcfdb2eaffcd176c0d1f233df25eb20518150248d04743,0.074249268,0.999819587
train,603,ISIC_0012173.jpg,ISIC_0012173_segmentation.png,1cea78f635fe0045dc0ffb991471b4b5a87eb7cdc4e4214576f57f90eb408cc5,0.198435465,0.999738859
train,604,ISIC_0010860.jpg,ISIC_0010860_segmentation.png,e32e8cc2e6c8955efad7adc9d1ef4c71c7c1386a08ca57b3135d79d4f9ded140,0.189753215,0.999937701
train,605,ISIC_0013500.jpg,ISIC_0013500_segmentation.png,0fafff34a1bada503a7daed6dfb54a846c27f7df21bda5d05b464f7eefdb9a84,0.461471558,0.999715268
train,606,ISIC_0012844.jpg,ISIC_0012844_segmentation.png,428368df70b966473afa2ba594e6ff033b5facda20cc30a05c0243c8b9bfa34b,0.195078532,0.999877203
train,607,ISIC_0013432.jpg,ISIC_0013432_segmentation.png,1e6f24b7c134260458bada6cd3c3929ea7c9c7d893b4fe32fa6d932f0f0c84ce,0.499003092,0.999388630
train,608,ISIC_0010465.jpg,ISIC_0010465_segmentation.png,aeeda7024ab554792a1b25187a9aa371950833797f0a03c3bb88a7881329d1b5,0.115946452,0.999951281
train,609,ISIC_0000184.jpg,ISIC_0000184_segmentation.png,5f37371c14e6be9c0ae509899bd3c9410a7506127102e570720db1af4469f9fb,0.253504435,0.999954355
train,610,ISIC_0010367.jpg,ISIC_0010367_segmentation.png,61902816ee2c0466993fffe542c4d7cd696a34c7db33e6a7185ec5be97b314c7,0.253957113,0.999745110
train,611,ISIC_0012785.jpg,ISIC_0012785_segmentation.png,838ccdd0b609f54af15301624a65f1274e642c5b9dd68175da4ba2800ebf7b16,0.169494629,0.999729681
train,612,ISIC_0010036.jpg,ISIC_0010036_segmentation.png,aaad58ab9ec30350a7d1a17739d454a655e4d54e44e937a3fe6b99df5efaa086,0.202219645,0.999854471
train,613,ISIC_0010212.jpg,ISIC_0010212_segmentation.png,ece5ea988c908ac0301ebd299e9f2e893c43c8d585619cb342d6515784627311,0.259918213,0.999928239
train,614,ISIC_0013172.jpg,ISIC_0013172_segmentation.png,c73152fffacf1c4901de9ca35c3f23f03f67a4b174c3f0ae74dc958f53f6429a,0.241053263,0.999801215
train,615,ISIC_0014093.jpg,ISIC_0014093_segmentation.png,c12346100fc35b1e85cec3c2054cbe7b1bc4b03ebcf944bc910f8735dc6e0624,0.086725871,0.999924792
train,616,ISIC_0000244.jpg,ISIC_0000244_segmentation.png,a724b0a5148a07696c7f3accfbf7cd2d8dde9aff09f73d9c3d5e220913642d37,0.129104614,0.999951585
train,617,ISIC_0011162.jpg,ISIC_0011162_segmentation.png,392ec66131f9de19095c3e0960e49151243f665bee3b53fd44c5ebf8a84b7d6e,0.149439494,0.999637752
train,618,ISIC_0000154.jpg,ISIC_0000154_segmentation.png,2fe5e1d4d793bc98f8393362c885693797adcddac3e501b03fcf302de200f8c2,0.196919759,0.999936018
train,619,ISIC_0012543.jpg,ISIC_0012543_segmentation.png,7e0b1e17243372bedc15801ae108b557c1692103ba919023f969958e847abd21,0.173467000,0.999772584
train,620,ISIC_0000546.jpg,ISIC_0000546_segmentation.png,8bc267a153d7afa48c934c20b10705bd4db788465ad4dda5268d3b71ab7a2131,0.078531901,0.999967537
train,621,ISIC_0010483.jpg,ISIC_0010483_segmentation.png,4d8e534c759134bdf4241267115e45265347bbba614a0d0fb406f4364faec5fd,0.193130493,0.999831936
train,622,ISIC_0010066.jpg,ISIC_0010066_segmentation.png,d0d291e02da85b3042272cfcadc3922bdf7240ac45a0c4afee17de34653b1023,0.137390137,0.999943953
train,623,ISIC_0009964.jpg,ISIC_0009964_segmentation.png,a3d51e3ce4b7370aeed8f034179ff7439f11e53e62a4e342154128b24c89236f,0.083816528,0.999891012
train,624,ISIC_0014832.jpg,ISIC_0014832_segmentation.png,de515c4352c482917579bd349e9b3ebd63599d8c9efde7f991d3c403183b0a0b,0.366119385,0.999927217
train,625,ISIC_0000493.jpg,ISIC_0000493_segmentation.png,a434fe1a550e157eb8b6a90a5bcb77e88309eb893873f5926d4306aaca91c458,0.218633016,0.999943456
train,626,ISIC_0000082.jpg,ISIC_0000082_segmentation.png,01189be20ddca846dbc593007930eb8240b7a6e545587df7b6570045c1c7a416,0.000000000,1.000000000
train,627,ISIC_0010467.jpg,ISIC_0010467_segmentation.png,63e3a191b53c9db652c77ced541c8d03f5cfaddddbb045147950e16c75033c19,0.153737386,0.999843243
train,628,ISIC_0012329.jpg,ISIC_0012329_segmentation.png,82a7f4dcf043109bf423c1f96fb050f3993a26c07c534ba9d6e58fe3151293a9,0.198964437,0.999870252
train,629,ISIC_0002836.jpg,ISIC_0002836_segmentation.png,d5f6ed038566496e8aa1acb6fa371450dc4af95131e6583a566acc17364d077e,0.191635132,0.999927036
train,630,ISIC_0013025.jpg,ISIC_0013025_segmentation.png,0ace422103f969c268751055d5a619687ec4a1284146750d4fca80544d837f6d,0.194498698,0.999848120
train,631,ISIC_0013830.jpg,ISIC_0013830_segmentation.png,f724369c94cccf6686bc4c2466c7597461e59ad12240704d0911c1685a2a5adf,0.214492798,0.999415365
train,632,ISIC_0000008.jpg,ISIC_0000008_segmentation.png,c0f72570b2ca9482b5ae71b2f228f4a7f64c7d168f4bfd789db9b0ad81806e4b,0.116195679,0.999975291
train,633,ISIC_0000166.jpg,ISIC_0000166_segmentation.png,6e766dd153e88cda307487f43972f20cda57f82f2313e65f42cf615018dd0334,0.168991089,0.999974976
train,634,ISIC_0000324.jpg,ISIC_0000324_segmentation.png,4ad3feb049f082f0025bb6bad1101b8868be95506f1c608e851f360bc0ee557f,0.000000000,1.000000000
train,635,ISIC_0013165.jpg,ISIC_0013165_segmentation.png,6d21d39231483e97ff716c193fa77791e7bdc9dd8fb3d3de6177b67c4248b47a,0.127883911,0.999802944
train,636,ISIC_0000395.jpg,ISIC_0000395_segmentation.png,324aab01b488ea4537de9458df8a5a44a3a862bc794172be49a1a6b82046905e,0.109990438,0.999921338
train,637,ISIC_0000138.jpg,ISIC_0000138_segmentation.png,31ef602e8e11f04b4f73f1e9d2ccfa82259d74919db7b08fb9e82bec0da693e6,0.000000000,1.000000000
train,638,ISIC_0013671.jpg,ISIC_0013671_segmentation.png,17d0b42ab6c510e8b67c935f7bf6b5c7e39291cea769dd2b4eed41febd2d69b3,0.488749186,0.999210477
train,639,ISIC_0010028.jpg,ISIC_0010028_segmentation.png,e02aa4d8c89c1e36730ee9406c6a049feb354e5346fdc42279d1da10e321139c,0.066151937,0.999947153
train,640,ISIC_0011167.jpg,ISIC_0011167_segmentation.png,4a702094eabbf04ec389cbd07dd561beda4890e0a1c1ea93a5b9d79e9ef92df8,0.187316895,0.999820513
train,641,ISIC_0014225.jpg,ISIC_0014225_segmentation.png,84a41576a2b089273caccdfd276da1de8ea34303273fcc883d27b4955dea3a89,0.102879842,0.999937555
train,642,ISIC_0010003.jpg,ISIC_0010003_segmentation.png,da13ec1401f97e38c66fd53d70932ba673c855a2b178bde12bb3856b7912594e,0.172841390,0.999860850
train,643,ISIC_0004346.jpg,ISIC_0004346_segmentation.png,8598045b48fde71b23276a03714693083498825a2655a7a3b6e680f25416e1a1,0.130564372,0.999898090
train,644,ISIC_0009949.jpg,ISIC_0009949_segmentation.png,bea741ac5309edbdd19cea523ab72b6ed0ed128c3862026b63587b73b023374e,0.160263062,0.999967305
train,645,ISIC_0000043.jpg,ISIC_0000043_segmentation.png,9e6226ecadf8fb07a38c32a90a655bf6cda8df14b7905d2ec1a8398f55365534,0.276514689,0.999958168
train,646,ISIC_0010034.jpg,ISIC_0010034_segmentation.png,33b9a7f8c2b55cfc064c5d3a7e64e03af9384967b5ae367a658db47324c5a84f,0.180831909,0.999906274
train,647,ISIC_0014804.jpg,ISIC_0014804_segmentation.png,f55facddf9edd3ab1d9a2bda9d64a7ec4b1bf193c431527b26e3210ab201f786,0.354985555,0.999913134
train,648,ISIC_0000079.jpg,ISIC_0000079_segmentation.png,776532cd34445febfe5fbef4db5a018962a14c4c4298321ac42684aa12e6f522,0.064509074,0.999970972
train,649,ISIC_0000209.jpg,ISIC_0000209_segmentation.png,c6f3163aad568c11cddf97c74425a79fb0addd676bd38b0e8495e18e03bef632,0.294886271,0.999949087
train,650,ISIC_0011173.jpg,ISIC_0011173_segmentation.png,e725f1fc7a2e374b786efa9fe33051f42dd8db443fdd73a2202a7587165e3cb9,0.266230265,0.999646453
train,651,ISIC_0000322.jpg,ISIC_0000322_segmentation.png,f591d8b869485364f093c30be367dca4cffaa32e419ca0510ebccafd9874a6ef,0.000000000,1.000000000
train,652,ISIC_0013310.jpg,ISIC_0013310_segmentation.png,3085974d0d98a9e45a3e8e54a73cb2980a5511cc7b38ec8db61b5ddcb1f7bb16,0.308959961,0.999805811
train,653,ISIC_0010570.jpg,ISIC_0010570_segmentation.png,0d6689dc1967eb9be41389a838d8b9b9cd85def719f3fbf46fcf6de0d5606596,0.392603556,0.999885629
train,654,ISIC_0013836.jpg,ISIC_0013836_segmentation.png,0ea04060dd3307d9e91763edf7c645721b3e2b086385ccc02aa71de52c7eacdc,0.233413696,0.999451838
train,655,ISIC_0000274.jpg,ISIC_0000274_segmentation.png,f538fb1fa90fd575c8311a825d57209907169e31709cc74218b604a08dd26b37,0.102050781,0.999991967
train,656,ISIC_0012376.jpg,ISIC_0012376_segmentation.png,793f331627373a018e1b41506207f92244547ee27d8a241a7dc99780e1c0ed25,0.134653727,0.999829975
train,657,ISIC_0005548.jpg,ISIC_0005548_segmentation.png,fb7400f6e2fd931a29ec74645f7dc0f0f65f5fc658f9a14484f956db6db748a0,0.335245768,0.999808247
train,658,ISIC_0000227.jpg,ISIC_0000227_segmentation.png,f46135c985f150359e243394b8bdc2fb81cba0545bb5dbc648fea7d681b22612,0.189264933,0.999972384
train,659,ISIC_0014069.jpg,ISIC_0014069_segmentation.png,1b45ce94dd18106e437fb2a6429b387884c3628ef3b718a409e3cc18611a9e93,0.128499349,0.999832053
train,660,ISIC_0012481.jpg,ISIC_0012481_segmentation.png,51515c55511cb37151a35c0d9050451ae0ce58b997355615c15f7c7f27fe054a,0.115142822,0.999887422
train,661,ISIC_0009930.jpg,ISIC_0009930_segmentation.png,2802f792c0a869e7ff8802c4e591c3664840c4489cdfbc58fe541b6124f67eba,0.129486084,0.999879421
train,662,ISIC_0010047.jpg,ISIC_0010047_segmentation.png,7e03d720d09210d54fd8b8c3b609a80726f52062d0188dd0fd00af08ba78a131,0.088999430,0.999947914
train,663,ISIC_0012384.jpg,ISIC_0012384_segmentation.png,8422f0bc50bb50ccc97d36fa53d12c3bd01d20b707d8cc41df0db9a0dbbe96aa,0.247884115,0.999648806
train,664,ISIC_0014516.jpg,ISIC_0014516_segmentation.png,78bc0afd626d124440a6a11af77ba4f086b3b96b7f63629896afd56be408d150,0.166692098,0.999762989
train,665,ISIC_0012381.jpg,ISIC_0012381_segmentation.png,e8387eaba94a5e3ba37608f2853b8dc5321fc31b2c8470f20fc62f4ae12f48c1,0.210205078,0.999871389
train,666,ISIC_0012156.jpg,ISIC_0012156_segmentation.png,d1d81320a02e9a033940ae6762aafc24b3a7ac3d801e9ced36ad5f087072cc12,0.173370361,0.999698243
train,667,ISIC_0010565.jpg,ISIC_0010565_segmentation.png,ebc2ef12d30f347a91d0b1161590cd602134623b4b655831cb14b8b6066f5065,0.200159709,0.999846415
train,668,ISIC_0000040.jpg,ISIC_0000040_segmentation.png,059fe1d0078b2f3c397510faca741ac89b6bc42df0406b9297bc13e18f37d42d,0.123362223,0.999954125
train,669,ISIC_0000453.jpg,ISIC_0000453_segmentation.png,241b9bad67ef958074bf3024244ea2c1ab0d4cec76164363f986c2ddfe333e40,0.105305990,0.999944014
train,670,ISIC_0014229.jpg,ISIC_0014229_segmentation.png,6c9a6c2306ed92095e81bc17d672a40e4850c254819941cf908caec845c30204,0.158564250,0.999838269
train,671,ISIC_0013802.jpg,ISIC_0013802_segmentation.png,0650b958f6a5558b7cfcad1166b9f2d35046ad5cb293821e0f9a96c9b5510d76,0.215789795,0.999717709
train,672,ISIC_0015113.jpg,ISIC_0015113_segmentation.png,64c2c56a228746f1d20b0a2d98359e586e6a5e295debe7a239e17d59c855f18e,0.619649251,0.999856661
train,673,ISIC_0000529.jpg,ISIC_0000529_segmentation.png,2422232017a48ddbbfa9dd643c833c135d17dd81413e35968df39a617eaa912f,0.277837118,0.999904011
train,674,ISIC_0000061.jpg,ISIC_0000061_segmentation.png,c89fad957491cd96806e9f505bea41acc7d0596d1e88ac66fadcb1e22cca2938,0.114863078,0.999970837
train,675,ISIC_0000425.jpg,ISIC_0000425_segmentation.png,7dd455b9b79ad67b90077b1ec31aee1bbbb1e3caf4ded9185c64fb109fc8bb80,0.114629110,0.999949576
train,676,ISIC_0011090.jpg,ISIC_0011090_segmentation.png,8436adc116dfda50cfb196fa274db349b9f3c11c0adb820be6f204bac62ce16b,0.084503174,0.999902567
train,677,ISIC_0000548.jpg,ISIC_0000548_segmentation.png,64ba0c1ae505f5de79c51d79e29e09c1c651eecf853b38ff49f40d1160ce8cad,0.067596436,0.999905816
train,678,ISIC_0012187.jpg,ISIC_0012187_segmentation.png,271371208015ed211d16f30a6cc2a2caac223a22f89736cda76270e71cd6d126,0.251007080,0.999838917
train,679,ISIC_0013832.jpg,ISIC_0013832_segmentation.png,503706fec9cedc4bf676162effc7a84eb15617c030130a18afbe1ee25cba4ae5,0.189102173,0.999878308
train,680,ISIC_0012945.jpg,ISIC_0012945_segmentation.png,04ec2d6ebaab1f9ddd0ca239cbd3517050cf37313c21ebb5ad85da59392d33b5,0.234420776,0.999836768
train,681,ISIC_0000336.jpg,ISIC_0000336_segmentation.png,2413d7eb61270d44445e322d44958484534abebd5d7856e0d48991ed7831a8eb,0.000000000,1.000000000
train,682,ISIC_0000351.jpg,ISIC_0000351_segmentation.png,27cdd6bdf1b389b0a7295fccaedba5b2a0775d22ff698413f37389d452cfb9dc,0.000000000,1.000000000
train,683,ISIC_0013326.jpg,ISIC_0013326_segmentation.png,47f8f1f3a86b6d05891e00635e1068c9037996d674b1adb09f7c7f29c05d6b70,0.206161499,0.999863811
train,684,ISIC_0012253.jpg,ISIC_0012253_segmentation.png,b9a94f460e5f1228157c37e739244f993a15df2ff36b38b62133a01f316b2f6b,0.205922445,0.999509807
train,685,ISIC_0014480.jpg,ISIC_0014480_segmentation.png,a8ba1a860d80452fd0666687453b7bf6dcd2a6b0b6a1dfffecd342afd79e3bce,0.102096558,0.999904077
train,686,ISIC_0012503.jpg,ISIC_0012503_segmentation.png,04818a58fe3a25f56bc137dd0ea08f830d0e6fe038eb34526bc2a9267749a309,0.159454346,0.999646198
train,687,ISIC_0012386.jpg,ISIC_0012386_segmentation.png,5b56f3c13f6cfef4940fb6eeb90d7a509f545dc20a48877827042356425e16b4,0.184443156,0.999916928
train,688,ISIC_0013087.jpg,ISIC_0013087_segmentation.png,5552aeaea6ad66ebee45087f11f59f4906888fc08551ed1ff0beab9dafd222ac,0.123535156,0.999774309
train,689,ISIC_0009961.jpg,ISIC_0009961_segmentation.png,26f668a742cba52c0281ce8e7816f9317b0a288ff9b14e5ba2901f2c995b8b4a,0.200246175,0.999752281
train,690,ISIC_0010170.jpg,ISIC_0010170_segmentation.png,89552ee110ce4a6dfc161efc4c15bb4c8cfee88e1ae4e395df5acb8e2d51db17,0.208938599,0.999797089
train,691,ISIC_0010448.jpg,ISIC_0010448_segmentation.png,caec0eaf6013e30e90beadf6ce2af74972d2eece8eb89ac6f65ec0f04e9ea795,0.196777344,0.999799028
train,692,ISIC_0010053.jpg,ISIC_0010053_segmentation.png,05d5988297fbaa4d0363aae015ad5a8651f39388b99021a9df3fdbc84d7b287f,0.146876017,0.999765633
train,693,ISIC_0011387.jpg,ISIC_0011387_segmentation.png,0a8cfc8213ed0058d01f5cbdb442866d1b61086747a32239ee04163623785d8f,0.148605347,0.999929256
train,694,ISIC_0001131.jpg,ISIC_0001131_segmentation.png,df9dd59e00a0bd5acd088a956a200225c5f4cf5cfff801400ba8550a2f2a2fde,0.148117065,0.999988102
train,695,ISIC_0014919.jpg,ISIC_0014919_segmentation.png,50cd4f6fa60d2e4769ebcfb181dfbc3b48d812b60405daad9d9ce74ced7f2d4a,0.495071411,0.999874001
train,696,ISIC_0000276.jpg,ISIC_0000276_segmentation.png,70a2bfb11c04a0356e241b86410c56ac23850eebce37d94457d8e994e6c1a7ac,0.103764852,0.999992038
train,697,ISIC_0013798.jpg,ISIC_0013798_segmentation.png,7413e449495ad109ee5e8c11a5ead99d5684303559687609eb209d1462250179,0.107243856,0.999842209
train,698,ISIC_0013997.jpg,ISIC_0013997_segmentation.png,ff0d60048fbc864e4339d7b784616207efb9b7ede4377c12aa74b3c37e969248,0.241165161,0.999669242
train,699,ISIC_0000025.jpg,ISIC_0000025_segmentation.png,7c8ff34c3676bee139d4815af8627c78c99cb97a24d3536d7ba80a15157fe6a4,0.168029785,0.999928406
train,700,ISIC_0000192.jpg,ISIC_0000192_segmentation.png,273dc2eff38f1daa531b3539b6532e5efae473a245fef9d3fd40a4350d33f676,0.219838460,0.999950773
train,701,ISIC_0001102.jpg,ISIC_0001102_segmentation.png,4cea214d98d4cb355600e9544eeaa4675b01f5903c845453e3d202442de6971d,0.123011271,0.999978424
train,702,ISIC_0009977.jpg,ISIC_0009977_segmentation.png,4e3d56812a0e9eadab975623a24e295a1e4a7319271100b4138eeb0f1467efd6,0.176183065,0.999780778
train,703,ISIC_0013302.jpg,ISIC_0013302_segmentation.png,5c81ca7dc13bc0384ac6b262b44325f35103a90b39532baf34a676696f1e21ec,0.247548421,0.999607327
train,704,ISIC_0009917.jpg,ISIC_0009917_segmentation.png,5beae90794482c2b8b1e40cbae09bd00241e2eb44955deba69b376a972ae80ea,0.151397705,0.999839768
train,705,ISIC_0000457.jpg,ISIC_0000457_segmentation.png,e65fbcbb89b501d05dd0f218a026c75114d257a1448e548f37ef86c57efdb169,0.233093262,0.999915658
train,706,ISIC_0014818.jpg,ISIC_0014818_segmentation.png,2cd04c6853878ad91691fcc82aa58da5d949591f123dec2a71c0d5bcc8482406,0.477045695,0.999919129
train,707,ISIC_0014785.jpg,ISIC_0014785_segmentation.png,be1583f6be81b4f1710a2f71787e2f4bd62dda40ad7d05b1385feb72bdaf584e,0.416707357,0.999899512
train,708,ISIC_0010244.jpg,ISIC_0010244_segmentation.png,c4c1fe77e0ba71bdd69fa99357788e16ea70b7abf21ed86506612003595c0757,0.048411051,0.999934334
train,709,ISIC_0011114.jpg,ISIC_0011114_segmentation.png,ef34784efee72022f22e376553fad85253696f101661995e493a96b0deda9239,0.281840007,0.999723495
train,710,ISIC_0010350.jpg,ISIC_0010350_segmentation.png,2020397e46d73099421ad0fc13cb223f8cd2e85607dc5da03b00a8bb21443211,0.176544189,0.999938264
train,711,ISIC_0013329.jpg,ISIC_0013329_segmentation.png,d0b421f1a984f76d4144bb1ba786cc5eef6a7a7149c62c7455315e1afa631bb5,0.165695190,0.999910822
train,712,ISIC_0011339.jpg,ISIC_0011339_segmentation.png,8882fc8d9803abb6b0f301077dbc8284f6e728d76bcb832ec45fdbe3fcee0a3d,0.242243449,0.999958843
train,713,ISIC_0000379.jpg,ISIC_0000379_segmentation.png,6c59b566bb5a4fc3e529285892655067baba732a91f543004ac7c801381fd959,0.090565999,0.999970337
train,714,ISIC_0010586.jpg,ISIC_0010586_segmentation.png,9a741838c79677ceb76e21c19a22f45edc26466ecf66ed8e851559541aeb4851,0.157236735,0.999873427
train,715,ISIC_0014216.jpg,ISIC_0014216_segmentation.png,347a343e6208b2280cb7551d459a9713876e3075ec8cb53996dfd6c1bc60d19a,0.156082153,0.999901976
train,716,ISIC_0009889.jpg,ISIC_0009889_segmentation.png,de67354d547a27cc37b818b2b56c30e1a759dac1ddafd6250937db65cf3dab91,0.161305745,0.999856158
train,717,ISIC_0014072.jpg,ISIC_0014072_segmentation.png,74f80ac9dab7610676077080f9a5e507ed467c82e2c0d623adda402c89a2b339,0.126342773,0.999870828
train,718,ISIC_0000086.jpg,ISIC_0000086_segmentation.png,c550d115ca85aff618854e641724a5b70889d3e9ebe91750c1bb574c3f001613,0.123972575,0.999968114
train,719,ISIC_0006795.jpg,ISIC_0006795_segmentation.png,1355ef17fdc7694a9f9bcc0571a46bd4d686713683c8f4ac465a629b0ea88cc6,0.134496053,0.999926513
train,720,ISIC_0013189.jpg,ISIC_0013189_segmentation.png,0ca1de5564cff7350411e077649602fcbc97ae075e4162fc5758d840d82f27d8,0.288024902,0.999858425
train,721,ISIC_0013370.jpg,ISIC_0013370_segmentation.png,c250b016223a979c28431383f5bbafd597db8947215de5517d8ca1aadcacd8aa,0.236811320,0.999595372
train,722,ISIC_0010360.jpg,ISIC_0010360_segmentation.png,13731ca373445810cd8f231e95235d9f217d0c251915b24a3fa60a5a6105f493,0.185028076,0.999863632
train,723,ISIC_0013967.jpg,ISIC_0013967_segmentation.png,7abcdeb89e96ecd168fca5df141da20ccba25207542e1850af84dbfbac506cbc,0.456446330,0.999284837
train,724,ISIC_0000051.jpg,ISIC_0000051_segmentation.png,22bc9c67deb1733af5cc26e1c48312814882c92e5f37ec8b9cc25f3120b0cefb,0.095586141,0.999966968
train,725,ISIC_0013772.jpg,ISIC_0013772_segmentation.png,2631829d2dc94d6a1123960401d92862be1c884b0cde607676582f703b153ca8,0.227483114,0.999730901
train,726,ISIC_0012932.jpg,ISIC_0012932_segmentation.png,ff957da4ff68f9c6d6686cd1c87185a13decc5c0533b70a8864dbf07c1a6aaa2,0.258336385,0.999871484
train,727,ISIC_0000148.jpg,ISIC_0000148_segmentation.png,ed1bcdf0651f2a99d3140dea810dc068862804598f3c5acbda4c1bfaa061ca85,0.182062785,0.999928448
train,728,ISIC_0011218.jpg,ISIC_0011218_segmentation.png,d3d3e0ebf25dbb260979b83bd9d98b37be0479ee32da15e7d9533244cb6a3de1,0.487579346,0.999660117
train,729,ISIC_0014797.jpg,ISIC_0014797_segmentation.png,74cc83d488815aed7ef9fa929f2db88a97b93620452081cb091ebbcaf4acce80,0.313919067,0.999933440
train,730,ISIC_0000311.jpg,ISIC_0000311_segmentation.png,dac8cc24df95229a31bc3d4d42bc1a3d672aafa33054b564dd657fc52f87c0f9,0.000020345,0.999999997
train,731,ISIC_0000361.jpg,ISIC_0000361_segmentation.png,371845b880314b3fb9e0c56fbd5bef741a50425503bbe6a062cb82b3762a03d4,0.000000000,1.000000000
train,732,ISIC_0011300.jpg,ISIC_0011300_segmentation.png,2e35fb7a9cb8303a786349c1ed0a0d79cfb9c0c217b6560a780291ece8a64c23,0.401967367,0.999878447
train,733,ISIC_0014684.jpg,ISIC_0014684_segmentation.png,2519931bd00e25115de056ed14b8e7f9990b0bad8a3863fa581ebc0dfde2a9f2,0.428833008,0.999885629
train,734,ISIC_0009873.jpg,ISIC_0009873_segmentation.png,81718749a8966448c3a2f5dde328e3228eb775b1f2a19e1c0ac66a101dfbc033,0.176976522,0.999838705
train,735,ISIC_0012677.jpg,ISIC_0012677_segmentation.png,e32bfc0777a240cd2234c6e3cc3731c227ad34d13d991f5a5fdde0fd20ec610c,0.057205200,0.999926647
train,736,ISIC_0000470.jpg,ISIC_0000470_segmentation.png,e3a8e2be3cae74f843528f0eaf43c8b48722b89ec1627f49629ac262e03babbf,0.181416829,0.999874083
train,737,ISIC_0014197.jpg,ISIC_0014197_segmentation.png,89db3eaa18c0933dbe6d270a2aa39d3128214fb62f0c49d77c82263d6a4e7cd3,0.155156453,0.999788130
train,738,ISIC_0000544.jpg,ISIC_0000544_segmentation.png,61941d03394ba02df391c41ed3fc2b755775b26fe26f0c7b41fc3485ed9e0cfc,0.103815715,0.999965622
train,739,ISIC_0000019.jpg,ISIC_0000019_segmentation.png,aac99282f7e6887801cc8e8f75be0a4f8b41bea7f1873ab81ebe7dafb0294834,0.148529053,0.999961625
train,740,ISIC_0000262.jpg,ISIC_0000262_segmentation.png,7056e5b847b5dba1d7adf38f214bf24a753afda6b719ff0cede5b28f35413651,0.124221802,0.999801582
train,741,ISIC_0013197.jpg,ISIC_0013197_segmentation.png,58674efe46294b69079160162343d9bc001db5329c01ab9206afb5918bae4ab7,0.191696167,0.999514035
train,742,ISIC_0009874.jpg,ISIC_0009874_segmentation.png,a976bc97efae580677412bbb817f7f32ef3826fd33eebf583497b177fc971a13,0.240397135,0.999848248
train,743,ISIC_0010554.jpg,ISIC_0010554_segmentation.png,c9b2b1921a771558665eee17adaca7cc4e529f1fa6101fa706a89f0ada512ebe,0.173202515,0.999841032
train,744,ISIC_0012284.jpg,ISIC_0012284_segmentation.png,a5299f8949c946f9638675a170d69aec98c4c7b5e7bdc52f2a4cbe4a688a2e8f,0.172907511,0.999916014
train,745,ISIC_0014061.jpg,ISIC_0014061_segmentation.png,6d5317611ccb3b399ebe51728f5c40406c2bb3c1d0dcd3f6ecdbbf93393a6adc,0.114695231,0.999824379
train,746,ISIC_0013341.jpg,ISIC_0013341_segmentation.png,420c7b0ef8233f6b65f92ab27a97c3d498ea901d2e67e61b9fa4674a9db6e756,0.252553304,0.999894083
train,747,ISIC_0014081.jpg,ISIC_0014081_segmentation.png,162d775c5de16f249b8b4f0d108fe9ef8e755a90eec8c59ac43f55c5568d4fda,0.149480184,0.999788194
train,748,ISIC_0013097.jpg,ISIC_0013097_segmentation.png,29d51cf680daed7c9be2fa49ace7029899d3a4e5bf6998fc46ad06394458ce06,0.165313721,0.999698145
train,749,ISIC_0013748.jpg,ISIC_0013748_segmentation.png,061d6bb061379f1903447e98f0e285402c0011790b700190eeefcc84a1ebc681,0.254709880,0.999632459
train,750,ISIC_0014834.jpg,ISIC_0014834_segmentation.png,7293d6678ada098493e7df6dd0a8ff87bb19f22b34ce2cfff85ba1186e185b3d,0.328893026,0.999955131
train,751,ISIC_0000344.jpg,ISIC_0000344_segmentation.png,84124fd9e0dca90383f0e5a5ac303610d6d9e49bb5897f7aeaa3d68754628683,0.000000000,1.000000000
train,752,ISIC_0000049.jpg,ISIC_0000049_segmentation.png,8d468c7488ce13a9469383f7f5ee1ff9fc7b1b79e0d4355a4f7ab7f39b227d79,0.118225098,0.999966830
train,753,ISIC_0014760.jpg,ISIC_0014760_segmentation.png,b9c4ba5017757e76a04f53f17240b6c0ef2ef665210302ab43c507402045f840,0.415181478,0.999926240
train,754,ISIC_0012898.jpg,ISIC_0012898_segmentation.png,78e38d2e745ffe241ae4cbdf02a9ae28762b054ca28c5d9dccec1cdc867606bb,0.168370565,0.999742616
train,755,ISIC_0012228.jpg,ISIC_0012228_segmentation.png,658a8f95003e57b208ec59fa68556947481a08196d0fb112168eb2551410ddf7,0.171951294,0.999830082
train,756,ISIC_0012529.jpg,ISIC_0012529_segmentation.png,4cb323ea5e035f742501d57ad5bdecc72a41d5534f5b053b7a9b74f444dd54b1,0.157063802,0.999586984
train,757,ISIC_0013490.jpg,ISIC_0013490_segmentation.png,6551269004ad50c339b790295226311ffdbd687923720c1b3ae9bd40a8aac779,0.251118978,0.999708168
train,758,ISIC_0013888.jpg,ISIC_0013888_segmentation.png,a2468f07066d96bf0a615fe86a70ef674d46ac2faef6aeeea868fd4fc332d868,0.210927327,0.999788819
train,759,ISIC_0001960.jpg,ISIC_0001960_segmentation.png,4ffc0ffdb9c7e300aff638a65b6b1092020a27da51bbb57db22cdeb8a18a1def,0.281600952,0.999842793
train,760,ISIC_0010246.jpg,ISIC_0010246_segmentation.png,fe7c3d5483cfacd0f58ec598942b2056229b0cf6172b61dd96b75a2a220fb084,0.193751017,0.999890688
train,761,ISIC_0010498.jpg,ISIC_0010498_segmentation.png,21b052480342b161ae464067488368a289f93442fdfeef472893a4116400103b,0.203460693,0.999923685
train,762,ISIC_0013635.jpg,ISIC_0013635_segmentation.png,5a0c9919295f49e9ef41fc7557621bcfa4860e8c040b813030a07df056cd1381,0.233139038,0.999852087
train,763,ISIC_0012526.jpg,ISIC_0012526_segmentation.png,6f0867ad2e85b9a8d88c1de89f21fe73c2eb90d79bcd2c234187b3f354e0608a,0.152943929,0.999793438
train,764,ISIC_0000285.jpg,ISIC_0000285_segmentation.png,ac6928103450aa0dc75d7e657bbd530a26c5df691fc78d837ba496e372289f59,0.173970540,0.999966982
train,765,ISIC_0000517.jpg,ISIC_0000517_segmentation.png,fe8a0223713240230f883741d7ea751d3bea0bf5b5d4775b5c252e40ad618df6,0.214879354,0.999871462
train,766,ISIC_0014843.jpg,ISIC_0014843_segmentation.png,20abeaf8d9a64dcaeb64e2b8938a459abb4be708a02ba9ebd368b2a6f4b3d961,0.370442708,0.999940014
train,767,ISIC_0012501.jpg,ISIC_0012501_segmentation.png,208ada277372b23b047105fdaef023388bca461cb842e06de59ef9e1a167ca8e,0.171340942,0.999788099
train,768,ISIC_0013664.jpg,ISIC_0013664_segmentation.png,85643a17349e3edc688de46aa4341de8af4143b15126b0afbe5cd83411f7a333,0.209543864,0.999870006
train,769,ISIC_0000231.jpg,ISIC_0000231_segmentation.png,c15a494e2743e6bc86af851329c18d0332186bb4a47ed168ed8861599b71d31c,0.192596436,0.999972614
train,770,ISIC_0013845.jpg,ISIC_0013845_segmentation.png,ddc07059145e5983e070736acfa49ed56eab83f073583a543c3e6e66b3beae08,0.158757528,0.999843967
train,771,ISIC_0010318.jpg,ISIC_0010318_segmentation.png,606f2f571469e40503ef7203c9e281967592bb42ec5bcc7975536c1a4ef23191,0.167327881,0.999894495
train,772,ISIC_0014441.jpg,ISIC_0014441_segmentation.png,8d716ae5e07806354e4eb240aa293c4606bee86c18c4a929ecbc3af9de723fe4,0.184209188,0.999270217
train,773,ISIC_0012103.jpg,ISIC_0012103_segmentation.png,75b34ee9c967419a568fbaea41ea8d45d2d05f66fda54d5c8312c0452b08436c,0.160847982,0.999871661
train,774,ISIC_0014249.jpg,ISIC_0014249_segmentation.png,9f43e92b1668746ea307f2427ad68e74c628ad80fa1bbc901220897e568e9278,0.128657023,0.999872179
train,775,ISIC_0000142.jpg,ISIC_0000142_segmentation.png,9e212747f918ca85f633a659def71468b0e35225442e799a718863ea6cbb9080,0.000000000,1.000000000
train,776,ISIC_0012682.jpg,ISIC_0012682_segmentation.png,01b90c1dd2ecc445765a5200b9e27434103cf604b83f71374354f3df72c9aee2,0.223454793,0.999591918
train,777,ISIC_0000156.jpg,ISIC_0000156_segmentation.png,b9b353ecee2aca38d2278ef83aecd1616b5ecee3683822cae09600fd77d6946d,0.000000000,1.000000000
train,778,ISIC_0012391.jpg,ISIC_0012391_segmentation.png,1f5ef962f3701b123424ec8436d99bbd967713f519e9d3e637b5a29ad9b8b2b5,0.198064168,0.999895844
train,779,ISIC_0012260.jpg,ISIC_0012260_segmentation.png,e6dd8fed1ff84b3b01272c52463a9537915b65cab96d3396f86a8284ce12c80b,0.140889486,0.999831276
train,780,ISIC_0012117.jpg,ISIC_0012117_segmentation.png,d10916a0e5fda65d310921f98db09b45982ef90a6d19014af761c0939b147b18,0.187713623,0.999819375
train,781,ISIC_0012183.jpg,ISIC_0012183_segmentation.png,717e882fc08a6aa894e15c3ee36a07ad6adf858dfb335fc18bd7712a6897c3a3,0.284479777,0.999757100
train,782,ISIC_0009973.jpg,ISIC_0009973_segmentation.png,bcf312ca46f4ef9f47c74c2bdb2bf175fb4951174f454426d953bfc06f4599fe,0.240280151,0.999939748
train,783,ISIC_0000100.jpg,ISIC_0000100_segmentation.png,0fb139b80e2e6f38f7d44b60a517cec035fef4fde4fdd345540f2405938c77cc,0.080179850,0.999989921
train,784,ISIC_0010020.jpg,ISIC_0010020_segmentation.png,46002f01cc25613eba620f7253da0c17d0da14b95f606ddb5f5634376991fbac,0.168228149,0.999873254
train,785,ISIC_0012172.jpg,ISIC_0012172_segmentation.png,33a9dd426cf1527626b03e6b8f2e465e89b6a5c62a28d21c3f2e7675ff226369,0.202585856,0.999865646
train,786,ISIC_0014707.jpg,ISIC_0014707_segmentation.png,c26a8a76384dcdcf8dfcb49fec57e9fa55a90af722c4ce055d5df61f386b7142,0.443476359,0.999888533
train,787,ISIC_0013498.jpg,ISIC_0013498_segmentation.png,1d0fd054d212a47f8acc304ced92b5aeaba9169c1a1dc00b6ff5fdaed584b0df,0.154917399,0.999830979
train,788,ISIC_0010014.jpg,ISIC_0010014_segmentation.png,0968dbaab7ad7341bcd727d1fbda65e3fe7fcc29c588f1168c9188b1f3faa60e,0.256251017,0.999841078
train,789,ISIC_0001126.jpg,ISIC_0001126_segmentation.png,00468b762030e6a3e65f6626dfcd912e8959e67e0d272d818f02440b8ed58339,0.086863200,0.999952020
train,790,ISIC_0011343.jpg,ISIC_0011343_segmentation.png,2d0ba3858719d1e22485abab5122382a71bf6077828a50bb3f8dc9afd27a0265,0.177764893,0.999800463
train,791,ISIC_0012135.jpg,ISIC_0012135_segmentation.png,b40f815ad1725b4974a2c38bd3c6f726a7920015f924fffc2aa495f3629cd608,0.218750000,0.999651373
train,792,ISIC_0014026.jpg,ISIC_0014026_segmentation.png,3d36f9457c764c56f3ac3ac5a0e5bd5c3436d2f9e334f92561e3346233a637cb,0.243321737,0.999447040
train,793,ISIC_0012274.jpg,ISIC_0012274_segmentation.png,4b819fbf64bfe2552efad7205f0897c8ed4c42591899f8ff854dc17ea8367768,0.242645264,0.999837132
train,794,ISIC_0000265.jpg,ISIC_0000265_segmentation.png,c157cdaaacfb65c4e50734013c4eac73398b75482cb893abd9fce110a641a985,0.093902588,0.999911380
train,795,ISIC_0010002.jpg,ISIC_0010002_segmentation.png,36cf11452f9072c8928b2e1fcb3ab9c337359a22361de291f48352976f04d77e,0.100886027,0.999892997
train,796,ISIC_0010358.jpg,ISIC_0010358_segmentation.png,31d6e114d74ddc0208895b87f55c40c184434e2c4c40e09e8992f9b31dac9ac2,0.193206787,0.999881628
train,797,ISIC_0013084.jpg,ISIC_0013084_segmentation.png,75153a8b542006e62bfa82972b8f58f69749c9b7b5d82574047d397131fdb04d,0.213221232,0.999907909
train,798,ISIC_0000301.jpg,ISIC_0000301_segmentation.png,cea4320e625664b2b26d44016dbbf95b41461329f0df6b0a5dbcfb264e227c48,0.000000000,1.000000000
train,799,ISIC_0012137.jpg,ISIC_0012137_segmentation.png,7d750dbcb8580d1c853eef0edcef9a9d4458664a1ab4bb74eacbc5fec9b7ab86,0.269541423,0.999870801
train,800,ISIC_0000532.jpg,ISIC_0000532_segmentation.png,92ecab5772aaec19d8fd4c8de882a8d83273cd33c18e7b83e1e7dd7990ad0172,0.251235962,0.999884643
train,801,ISIC_0013797.jpg,ISIC_0013797_segmentation.png,6513de087a507d0e80a6a5fba608f709858280747f1376e5f9f599eaa3a95775,0.130488078,0.999916359
train,802,ISIC_0013495.jpg,ISIC_0013495_segmentation.png,379cdae3797a74207c6b16f6451c8842edd510f461fda302b3dcf44f26f5cec0,0.188588460,0.999832693
train,803,ISIC_0011402.jpg,ISIC_0011402_segmentation.png,beee144a753fdae8e9a67bc55e5ebe23e2286495d18abd94dd297175841581c2,0.273951213,0.999913644
train,804,ISIC_0000490.jpg,ISIC_0000490_segmentation.png,a740809e0ccf0ad9d909dce78c73c789fe3446e3ef7ca5dc05cc89284abfa3b1,0.225611369,0.999877864
train,805,ISIC_0000073.jpg,ISIC_0000073_segmentation.png,09290df3026eb93215cd0453e09be5cebbe73a1ec1b864b5bc835728bd1e8143,0.148010254,0.999981985
train,806,ISIC_0014397.jpg,ISIC_0014397_segmentation.png,d263c1c79610b3b76243be34cce746917ba2985413e77f5d5eb7588faeeb0791,0.147959391,0.999923260
train,807,ISIC_0014650.jpg,ISIC_0014650_segmentation.png,79ac1ca159e66f4dad1939548fff2033f372cb039a489e297faa0b43458ad7ef,0.076059977,0.999950832
train,808,ISIC_0010018.jpg,ISIC_0010018_segmentation.png,75659b76636c91883867df29ea987b70e1ed2f1729ae3be3a084c5742a933d6c,0.192581177,0.999950200
train,809,ISIC_0010474.jpg,ISIC_0010474_segmentation.png,e5f0bd105cb6a5220deed53c49cc633ee7ac6daa9ca2a32e2766a2382488ceb2,0.153371175,0.999940567
train,810,ISIC_0013378.jpg,ISIC_0013378_segmentation.png,13e1696e5ed7fe30008e645bde1c0b7e77781fab5a11894ff0beabedb1a23626,0.221430461,0.999487835
train,811,ISIC_0013304.jpg,ISIC_0013304_segmentation.png,7f569fc098de60410262f449becf28bb0ade8322431d9efe1ea9bcdcddc15c23,0.200658162,0.999759951
train,812,ISIC_0000159.jpg,ISIC_0000159_segmentation.png,9149c89fa0cc1c4f3542d9fb07fb9ccc1230cf68e9fd12164a59e43b9a9e9ce1,0.167760213,0.999978533
train,813,ISIC_0000096.jpg,ISIC_0000096_segmentation.png,5570938b5e5ba1c1f42689089b9118df7f10a5ea1efbd3d0289f3757e83428ae,0.215067546,0.999932992
train,814,ISIC_0000384.jpg,ISIC_0000384_segmentation.png,bd019158fc1c7cbded2633a41b533a25729846992c6f3bedb8521ef430e2007e,0.056147257,0.999919815
train,815,ISIC_0010094.jpg,ISIC_0010094_segmentation.png,7efe32dbcd2fe1e8dd055ca76a5f7a64b21537a791dc401a5c80bbe36d4dcb33,0.151845296,0.999959818
train,816,ISIC_0000371.jpg,ISIC_0000371_segmentation.png,3af61d3403797442ac0063072082c78cbf2330270425aebe11978787bfa6a292,0.000000000,1.000000000
train,817,ISIC_0000354.jpg,ISIC_0000354_segmentation.png,f3c6a657ef45d62cc6166b4df4235ea4093aba721e17281ecebed9ef4c59a88e,0.000000000,1.000000000
train,818,ISIC_0010569.jpg,ISIC_0010569_segmentation.png,830c4b416dcbccc4622c8cbab41cc00917be065b18edb8493f4e598501c23489,0.188944499,0.999698614
train,819,ISIC_0012685.jpg,ISIC_0012685_segmentation.png,cf9d962c33fec005f9695b85a8ec4ab76566b0fc069d4d44411eaf6bcdb3ec4e,0.172164917,0.999780215
train,820,ISIC_0010069.jpg,ISIC_0010069_segmentation.png,40a5b1dbcd68add69149c9397658da981da1e179eaa811a6b410f5cd1f0ff8cc,0.128031413,0.999850302
train,821,ISIC_0012118.jpg,ISIC_0012118_segmentation.png,59702a2ebda6b0d5161fb0f856ea11441398936444f102bf59660d4f91d446b7,0.238215129,0.999815528
train,822,ISIC_0013249.jpg,ISIC_0013249_segmentation.png,f81603b18706d9880cdd1b895597decb2f3947702699adf5cdb75bfcc8bd9883,0.243565877,0.999819487
train,823,ISIC_0014337.jpg,ISIC_0014337_segmentation.png,ed406062870963d78eb10191b380f49e4acec893b6e83f71fbbfb15a357a895e,0.124465942,0.999889231
train,824,ISIC_0011097.jpg,ISIC_0011097_segmentation.png,9c43adbfb5ae92503630583b22b527538762b7e1ae8b30fbb5a35c8c81c09aa0,0.244028727,0.999853749
train,825,ISIC_0002871.jpg,ISIC_0002871_segmentation.png,36e50fad1442fe4db4c50a8c6c9c0a232dfe35c6c899ed386d99e9233e9382c3,0.304712931,0.999863900
train,826,ISIC_0013775.jpg,ISIC_0013775_segmentation.png,f9c3e05d4be88cddf8020ef0712c7484319946d819f5435f8bf3e8f9cf4b7a26,0.492874146,0.999419408
train,827,ISIC_0000431.jpg,ISIC_0000431_segmentation.png,97554040af0f968c0e0ecc6c0e73fcd9c81bd820dbbc8ddbff164445cbbb2ab3,0.122833252,0.999892484
train,828,ISIC_0012949.jpg,ISIC_0012949_segmentation.png,ae99381149f56f86c54b93b1a27530d7484b3e2cf00a75f6e63caa8d07313d16,0.145868937,0.999731602
train,829,ISIC_0013864.jpg,ISIC_0013864_segmentation.png,c19cd908d03f2692369a201d396e9199bd6969f4ad1c46c4447d77f782c80743,0.232645671,0.999750741
train,830,ISIC_0013688.jpg,ISIC_0013688_segmentation.png,239d91ffb25f23ba3c9fdbe3aecdacdf31d7537e3d634f1295b15514a6e43b16,0.180363973,0.999814947
train,831,ISIC_0008541.jpg,ISIC_0008541_segmentation.png,3f18ddad51acdd11d9b010aa92fc63347bc866d8b5584224114628ab81849dc7,0.166722616,0.999905144
train,832,ISIC_0015082.jpg,ISIC_0015082_segmentation.png,d93840293a126b3da36e33a68bc768530c9a7363a52350d556ad439ef1206428,0.562500000,0.999903718
train,833,ISIC_0013346.jpg,ISIC_0013346_segmentation.png,5cdca51feb16cc8f97ff8806d763b978bfd385f78ffac380e2c279fa90edbb95,0.189890544,0.999857709
train,834,ISIC_0012966.jpg,ISIC_0012966_segmentation.png,e42f2f7ac4e0006058939e82647b5526e593970473b02959a8bc9ebde1e2459c,0.115163167,0.999984753
train,835,ISIC_0014625.jpg,ISIC_0014625_segmentation.png,64965f45d252d175a59ec1259e4d276f25ab26410e4f2269bdb3ebc117ae5b42,0.098531087,0.999945406
train,836,ISIC_0012911.jpg,ISIC_0012911_segmentation.png,3926cc771c628f380a209f4c31c8470c5c38a66f2c486dd8aa6a44efdb9f9329,0.211730957,0.999670077
train,837,ISIC_0014073.jpg,ISIC_0014073_segmentation.png,1fabf752cec28521a61aa33a098e679ea7edf52c0bfe917a4793cae92b6bd27e,0.299794515,0.999764288
train,838,ISIC_0013196.jpg,ISIC_0013196_segmentation.png,d61d14924ddbcff5932114ca3061f81a07c4ed970928968efcea5a7f508d6378,0.211552938,0.999754785
train,839,ISIC_0014898.jpg,ISIC_0014898_segmentation.png,f85242ade5e3229006f360fd1fbfe46c2bc3f8d25c5fdfcf66fc71f1806d57d4,0.560557048,0.999924560
train,840,ISIC_0012957.jpg,ISIC_0012957_segmentation.png,d8cfd053bd717f70bd73365e0497f3e52f5e08cbbbce146329e3864d0f12e3af,0.202061971,0.999767947
train,841,ISIC_0014504.jpg,ISIC_0014504_segmentation.png,e98a72b339d8e0e83bd57d0138d5c635079612dd23c4ac7dba78f3a9ae9e86f7,0.142781576,0.999853062
train,842,ISIC_0000091.jpg,ISIC_0000091_segmentation.png,66eabeec7fc9577a24c4ff87ca98633c9acf8df1234570739e9419e76f146d07,0.000000000,1.000000000
train,843,ISIC_0000268.jpg,ISIC_0000268_segmentation.png,140eac727b5d3603bbc55cd051fd81981871407c1e0e3661fb151f4c04b5eac9,0.135197957,0.999905562
train,844,ISIC_0012235.jpg,ISIC_0012235_segmentation.png,fe608775e42f51d77a95c2b021c0c8b9a641e5f7ac595387525e89937e76f0b6,0.174926758,0.999802996
train,845,ISIC_0015112.jpg,ISIC_0015112_segmentation.png,271ba6e2b1fd0c6cc0efd5bb53ca42af86a5ddfb317ff9d84085492be7f869f3,0.435496012,0.999890267
train,846,ISIC_0012788.jpg,ISIC_0012788_segmentation.png,32406e184ded50216d8d98d01eb81067a89ee92240acb44d6fc4b4c74cd9a791,0.130681356,0.999864348
train,847,ISIC_0010032.jpg,ISIC_0010032_segmentation.png,ac948acfce29ad61efd67632d4c3fae1d476988584217eae6de476a1355c76ee,0.248530070,0.999879411
train,848,ISIC_0013843.jpg,ISIC_0013843_segmentation.png,1c415ff5f8bb3d4b5e87dd830d67593237a4edd4b5188b295d7c8029ab4fcb35,0.176742554,0.999804614
train,849,ISIC_0011176.jpg,ISIC_0011176_segmentation.png,a8f879a7ce8184dccfef161f926b3f5e77cbc1b45b02a5466ee3eabe2507b57e,0.204360962,0.999941275
train,850,ISIC_0014079.jpg,ISIC_0014079_segmentation.png,4259635d307d581dcc186c5755566734d6e2ffb45a10afa51766d03d106ba0a2,0.116053263,0.999870569
train,851,ISIC_0000415.jpg,ISIC_0000415_segmentation.png,ad0301d2913c49f7a8d672daac1d10388d2e4c2b3f5a02c751c0cbcefb25d3ae,0.137532552,0.999921248
train,852,ISIC_0012950.jpg,ISIC_0012950_segmentation.png,e7dcbd0288f93398961498b396cc3c9d527d564d0751b71ffd4b47b28a24cac9,0.095672607,0.999814060
train,853,ISIC_0003728.jpg,ISIC_0003728_segmentation.png,6f71286f4554699406fe1a43e2baa3ec69a9f1ba98832c618b304250ec568b6f,0.390014648,0.999910972
train,854,ISIC_0012390.jpg,ISIC_0012390_segmentation.png,e3c1eadc2aa0abe923890e5597b3a4c80595ac2638c791aa9c3434e089e02c4c,0.159825643,0.999822574
train,855,ISIC_0014735.jpg,ISIC_0014735_segmentation.png,dca2f189555fdba0c87dfe9b40802093c1431766abf53a7df8c9dba8421e39bb,0.623825073,0.999868368
train,856,ISIC_0012840.jpg,ISIC_0012840_segmentation.png,21d570da2eb1eb9db3bbfa70a3557863c3d25ea1675941e295fe689500a4e5e2,0.152893066,0.999881382
train,857,ISIC_0012268.jpg,ISIC_0012268_segmentation.png,af22bb13e6c1f47a9248d2687b7de0af6c4db6718ee92f332ae8ca2e92766745,0.202514648,0.999843076
train,858,ISIC_0010348.jpg,ISIC_0010348_segmentation.png,2f6669fb06682cf58d7cfcf427af9501188f1db37306eaa8a23861c16f5f5670,0.236836751,0.999792230
train,859,ISIC_0014754.jpg,ISIC_0014754_segmentation.png,75494798aedbe93bc9bed79b0e6b8e517a10966322d1b5b95fc84102be7a4051,0.580368042,0.999888136
train,860,ISIC_0011349.jpg,ISIC_0011349_segmentation.png,bf32b24ecb6d1261449b32e5d651b7bf0b8de4ffc0ce59e66f764ff2817f470a,0.256469727,0.999902405
train,861,ISIC_0000293.jpg,ISIC_0000293_segmentation.png,2e06767c34bb5a98521dd93fcb9538c87353b2894b13205116afd3a89709ef58,0.184178670,0.999980354
train,862,ISIC_0009960.jpg,ISIC_0009960_segmentation.png,ce4a72157c522f3532ad49ff8c61789c0aa8b1a78d84e47b7a9d8e611905a778,0.165166219,0.999840256
train,863,ISIC_0013015.jpg,ISIC_0013015_segmentation.png,d8e8056b2975f3a56006c9680de1e8742a698083f896aeea243ddf5067c63c4f,0.170995076,0.999466825
train,864,ISIC_0000403.jpg,ISIC_0000403_segmentation.png,3e02211fcbf97b50ca923c25ffd56c9fa6a540b71d9b6eecf5a36b7bbff9b6b6,0.052464803,0.999981825
train,865,ISIC_0000137.jpg,ISIC_0000137_segmentation.png,98a7c4aabc3bd482f73effd660882e94081449175690213097172ebfc7c84ebd,0.000000000,1.000000000
train,866,ISIC_0014866.jpg,ISIC_0014866_segmentation.png,0c0493f1b8a5a0a73380deb2ae44ad9623587832bfc64079f8e617903e1760c7,0.582743327,0.999812299
train,867,ISIC_0013530.jpg,ISIC_0013530_segmentation.png,358b9122fc61cf5162138b7bd937ace05b5cb393748c5f873c913238944ac50f,0.422459920,0.999551328
train,868,ISIC_0012814.jpg,ISIC_0012814_segmentation.png,834dd60c4ac4ace768356726708e81592c5ed6d5fa63877766d91c4750c3d062,0.206792196,0.999849270
train,869,ISIC_0014346.jpg,ISIC_0014346_segmentation.png,e54d7349461c87cefbbd762bd3c4d8526fe5718dbf5f3fd40ee7865fb22ed95a,0.103668213,0.999921199
train,870,ISIC_0013996.jpg,ISIC_0013996_segmentation.png,74127ef1715c8c2eaee5793639f454a5ef8c695e0ff8dd819a2c6dcd06e7a06e,0.237772624,0.999516861
train,871,ISIC_0008406.jpg,ISIC_0008406_segmentation.png,a2947bfd1c338cebcfe6407a61cb0d048c1766f17b11bc2aa370f7ae433d3de6,0.345830282,0.999891106
train,872,ISIC_0011326.jpg,ISIC_0011326_segmentation.png,e4f0d65fd9f544dc1db9d0a71d7ba5b5d081f7bcc090b2a0d35fd05ded31dbfe,0.186569214,0.999767254
train,873,ISIC_0013340.jpg,ISIC_0013340_segmentation.png,96641dc9e586be257bfd1a9eb3cf4c08a699aa9f672a42c2c7bdda46a991fdcc,0.190241496,0.999833638
train,874,ISIC_0011358.jpg,ISIC_0011358_segmentation.png,cae4d26de659341e38a7f69fa2414c293940ac0e96c4983f733ca534941b4900,0.211491903,0.999901381
train,875,ISIC_0000900.jpg,ISIC_0000900_segmentation.png,57b1ab6dd4dc2095f926e6ec1bc8dde6d5323a287a429112d1b656fc79f64b2c,0.254623413,0.999879777
train,876,ISIC_0014502.jpg,ISIC_0014502_segmentation.png,df4370623e35eb75a3f237b1e21a53a641fccfcf049e7da6a3ec24299a6f49ad,0.094645182,0.999871771
train,877,ISIC_0010490.jpg,ISIC_0010490_segmentation.png,45f7d4a849ab7bd64bf7fcb607cf66039dcfc0dba5defda4b67fe3abc26f433f,0.074005127,0.999874774
train,878,ISIC_0011347.jpg,ISIC_0011347_segmentation.png,12add520ed1011630a9204b944cf8f714f978f240cfc0edc63de21d0340420a5,0.230784098,0.999832088
train,879,ISIC_0011140.jpg,ISIC_0011140_segmentation.png,77e8fe07bf59043ddb23a6dbd37ed416ab7dcb88a9a2088d70b0e1331c1f87fb,0.160110474,0.999842786
train,880,ISIC_0000056.jpg,ISIC_0000056_segmentation.png,6e4f14f9bca5a8886a6bea9fcada6ddbab588d5af798c810162173d523e5cf49,0.111933390,0.999943254
train,881,ISIC_0008256.jpg,ISIC_0008256_segmentation.png,5a71dfffdbcc4341b13d63efebb3c4b50ed8742aa855a7b4708b86965c898b79,0.214843750,0.999922291
train,882,ISIC_0010458.jpg,ISIC_0010458_segmentation.png,a4ce6009c9a4ff969d5a42bb74f9302d9af644f3a4f464f27ea3ed76cef47cb5,0.160166423,0.999645169
train,883,ISIC_0014838.jpg,ISIC_0014838_segmentation.png,a7f16bb54c7e220607e65305497116e94769329dd7d4b44c5212b6e10547eaed,0.385523478,0.999924845
train,884,ISIC_0013034.jpg,ISIC_0013034_segmentation.png,425570a7c852197055ff372a5f737857d965eea7ca08950fa23c7f82457a7cbc,0.239863078,0.999807692
train,885,ISIC_0000152.jpg,ISIC_0000152_segmentation.png,43cec753c7ff24df5d4a013b76c88ccf7a353c7e464f8568d58a50eac7c0cdde,0.138127645,0.999958301
train,886,ISIC_0000206.jpg,ISIC_0000206_segmentation.png,709ea51583eff25e77e2fb6bb46d4bb53c3901ae7b27748dcc8bd215c49e80f5,0.191960653,0.999954590
train,887,ISIC_0000518.jpg,ISIC_0000518_segmentation.png,a3aa33fdbcfe1cdcf4229f78cf7c36d4f783f8c77868d2150bf3ca9e35b622e5,0.402786255,0.999818160
train,888,ISIC_0000202.jpg,ISIC_0000202_segmentation.png,53b175176314094dc8b32c351c746a28579b6cd02a5d409bc0db45bc9e7b2fd2,0.227640788,0.999956432
train,889,ISIC_0015005.jpg,ISIC_0015005_segmentation.png,e1fcf586ca079e6d033ae6443be5136ac0387ab9f6292197db44370f8803b2fb,0.406356812,0.999930658
train,890,ISIC_0014770.jpg,ISIC_0014770_segmentation.png,f987b57ac98039296b71b9aaefe720b216f3d40c91aded2954a43fc4accb69fe,0.547215780,0.999803626
train,891,ISIC_0009897.jpg,ISIC_0009897_segmentation.png,d7fb8797b0b51fee0439d3c035fd56ed06404c1c7c01b5fa3dd3cbd0ecd3c6e7,0.184941610,0.999966826
train,892,ISIC_0009895.jpg,ISIC_0009895_segmentation.png,8e9cdd664f2d9b822c30c385c2345c553135620cdc2f4a587bdf2cbb34780f1c,0.282918294,0.999875574
train,893,ISIC_0013121.jpg,ISIC_0013121_segmentation.png,efa4c6a6dd7de3decd151cd198a5599d47d24fdc0625a635a90e24d0f822d80e,0.233479818,0.999816631
train,894,ISIC_0014191.jpg,ISIC_0014191_segmentation.png,5f20cdcc63812be81efa089284900ae3f64240d5704be2e6f5671996cf0170a2,0.145009359,0.999768310
train,895,ISIC_0014031.jpg,ISIC_0014031_segmentation.png,1d02d7d24fc791e5680650b73d2bf391ea238de5a9d562949636d6970c3518dd,0.226938883,0.999760748
train,896,ISIC_0014289.jpg,ISIC_0014289_segmentation.png,a68fa9d5cfb9e7b6a8ce4930d289bb509d0116b173e34d31ee26d1518bcdb77c,0.128265381,0.999938091
train,897,ISIC_0012725.jpg,ISIC_0012725_segmentation.png,c0f5a0121663f4b96148a4e60f776eb239c0a6b1ae96fdd38c0bf47a1f6b9a6d,0.205022176,0.999653737
train,898,ISIC_0012094.jpg,ISIC_0012094_segmentation.png,bca53b3547631efde59885ddeb1670ba6b293d298b15917242a211b585ec3321,0.185480754,0.999678978
train,899,ISIC_0006612.jpg,ISIC_0006612_segmentation.png,c956d052d431fe3e14a993f1024114db96187f0a8ffa85da644ef968c084ab8e,0.202555339,0.999910101
train,900,ISIC_0014136.jpg,ISIC_0014136_segmentation.png,7d1389fd3878825cc32af15d1e818be95068e3f35115d038f878d5275065efce,0.135187785,0.999959616
train,901,ISIC_0000542.jpg,ISIC_0000542_segmentation.png,ff0964d310d9a67b6a7a8633870526cff2e988c4a52c6fe1a565d80075aaec1c,0.145634969,0.999934759
train,902,ISIC_0000511.jpg,ISIC_0000511_segmentation.png,cedd8b0f0b6e5f55a56faaabd4cb103de36e25d41f46f5d1655852a848527b45,0.233205160,0.999933965
train,903,ISIC_0014080.jpg,ISIC_0014080_segmentation.png,89287bb7d400e25019fc1cd358de0ddfd2aae280c20acea20d6780ed01888532,0.137476603,0.999844481
train,904,ISIC_0014353.jpg,ISIC_0014353_segmentation.png,b54d936624a2fb494982d45a0bee3420529a1d25bbeebf2f3a2dbd1196c7ac98,0.162211100,0.999781104
train,905,ISIC_0012737.jpg,ISIC_0012737_segmentation.png,3f868e5b19eed68a2ba6107c24d6f6bd3f80fdca4f950df1b34d500397e62910,0.144694010,0.999756330
train,906,ISIC_0000214.jpg,ISIC_0000214_segmentation.png,c54dd24ed4559858d2dd2e5e523ccb887ddfcfe6390e4e285c404cfb1d5bb4fd,0.286229451,0.999962947
train,907,ISIC_0000445.jpg,ISIC_0000445_segmentation.png,c93d51ebf57bfe0bea83952f503858f4317ab9062e47dc1ecab2ed70228568cc,0.113728841,0.999933701
train,908,ISIC_0000147.jpg,ISIC_0000147_segmentation.png,64b16c2eb0c50bfda93652baf15605d8b9c87e77b45041a5e9dc85dafad7aa29,0.000000000,1.000000000
train,909,ISIC_0013219.jpg,ISIC_0013219_segmentation.png,b278b56f9dd7188bd3ea168dda8fd805aa0affe4bb1235ea963ac8fd80d1e79a,0.138844808,0.999644628
train,910,ISIC_0011393.jpg,ISIC_0011393_segmentation.png,d63f801ebc850276d2388178fa7e35bbc66dfdc451aed795533454b689787c31,0.410964966,0.999880896
train,911,ISIC_0000069.jpg,ISIC_0000069_segmentation.png,6bffb71871352c3766ba20d7761f43c25c543e5e290bf570d37e02c69cdb290c,0.109608968,0.999957895
train,912,ISIC_0003308.jpg,ISIC_0003308_segmentation.png,60852e6592a395cab773641d4270aad5d3ab0c95ec0695a7c506621421f4314a,0.326538086,0.999871240
train,913,ISIC_0013499.jpg,ISIC_0013499_segmentation.png,87a676119a3a4a272d7f5582c7ee5c5ca60324b968aae578a232c3c87a12931f,0.216013590,0.999851138
train,914,ISIC_0013294.jpg,ISIC_0013294_segmentation.png,778fd5088f2d529ec6e578fd29abfd559b9cfe6012142ae229b75ca808ab7d20,0.205001831,0.999706933
train,915,ISIC_0012657.jpg,ISIC_0012657_segmentation.png,eabf7388d2a5b4ed9dd755105ecbe3312463e5500870a4aa165e6d7661026497,0.352818807,0.999645594
train,916,ISIC_0000515.jpg,ISIC_0000515_segmentation.png,913800b2a22c470ac01d263c280f0e59315b8b4287db5a553481596f54e58161,0.209854126,0.999909699
train,917,ISIC_0000346.jpg,ISIC_0000346_segmentation.png,26ab38cc3e807edd0e94d67279a6bb2973dd5d0f484bc7866152d4de9bd9d591,0.000010173,0.999999998
train,918,ISIC_0000347.jpg,ISIC_0000347_segmentation.png,12881d2228ffc3cdfe7ae373f925ad0b10131bd4f4562ff8244f57f25a980422,0.000000000,1.000000000
train,919,ISIC_0011204.jpg,ISIC_0011204_segmentation.png,43e5d7b89b07f9d60c3da37b0bf776ad378a5a7c244c2d5cf518be563dbbc11f,0.284159342,0.999766895
train,920,ISIC_0010264.jpg,ISIC_0010264_segmentation.png,5c9680bd7a38e541522024f921453f81cdb89792a6349be300a2607f52a749b0,0.224182129,0.999864625
train,921,ISIC_0014731.jpg,ISIC_0014731_segmentation.png,a8948cf9ab1ec548d0478d7f1d9dc3867df275e88ba6f22fcc8fb6cf365e899b,0.344370524,0.999941000
train,922,ISIC_0014646.jpg,ISIC_0014646_segmentation.png,342a99e38f51a4e4e9d4906dfa0d7a6794a7b7d1d3e2059fb7bb6bdd8923b46c,0.124267578,0.999945543
train,923,ISIC_0000552.jpg,ISIC_0000552_segmentation.png,7030008e2cb55c48bdaf0747b9dc33bd5aa560160cee69933d90f2d563586729,0.323806763,0.999898910
train,924,ISIC_0000035.jpg,ISIC_0000035_segmentation.png,0e0d92f237284bc6c7a4d32715b59b80d8e97ac8ff3efc6fc532cb7384c17a58,0.170618693,0.999952364
train,925,ISIC_0009936.jpg,ISIC_0009936_segmentation.png,3bd000b48bfa1945e5f2e164f0b28ae8c80de28d4f329d66348db116f761fe24,0.063268026,0.999789587
train,926,ISIC_0000203.jpg,ISIC_0000203_segmentation.png,4ccfc5f6b526e9bbfdae5006a12c7764c7eb68a3f258515c4d3186244aef6cc2,0.258906047,0.999958334
train,927,ISIC_0004115.jpg,ISIC_0004115_segmentation.png,788916a2f2021066c7c56fbbb0f8ccb68e4376506eba082e5ab1aca70340d967,0.219329834,0.999936691
train,928,ISIC_0014066.jpg,ISIC_0014066_segmentation.png,805ce85c5bc44c3d4723bf359f231bcbab32fbef5ff96f7ef6e7d34652f363ee,0.142791748,0.999724680
train,929,ISIC_0012790.jpg,ISIC_0012790_segmentation.png,3746aa1ec3f1709b72406c82227ae6284d3caf4028f1fc4057314a2a601d07ea,0.223266602,0.999811492
train,930,ISIC_0011099.jpg,ISIC_0011099_segmentation.png,05443857e89dd7403df1ed4dd0f593346504b68bbbd4d3fc918f8bcc3889b5be,0.283620199,0.999821407
train,931,ISIC_0010105.jpg,ISIC_0010105_segmentation.png,675541d050030cb8b0021d2dc9af3095b30ea29dd85fb44c2f6f5512b2f15c68,0.279505412,0.999831749
train,932,ISIC_0010043.jpg,ISIC_0010043_segmentation.png,4418f944cd4d7e08db92462d81a182e327e8c72d8ada7ddcf9359b78a13de09a,0.128646851,0.999871502
train,933,ISIC_0000514.jpg,ISIC_0000514_segmentation.png,d649d7810912cbd27120e09b756fd14483d6c3b7022eaecb1e08f5ac494cd291,0.278844198,0.999827280
train,934,ISIC_0012905.jpg,ISIC_0012905_segmentation.png,2bb9213109bf46ddd87389a24373e18ad6aa30ec05ba616de29f36fdaca333a8,0.095118205,0.999902353
train,935,ISIC_0013086.jpg,ISIC_0013086_segmentation.png,b94aaa3451ad221f182585c48e3d3c90a994a6185f90dace13b94bba1ec6970d,0.129506429,0.999761919
train,936,ISIC_0006021.jpg,ISIC_0006021_segmentation.png,89c3a813cd8b129d1852ad171792a503052f98467ddaa2d04b3f558d4797d3dd,0.093551636,0.999927870
train,937,ISIC_0014664.jpg,ISIC_0014664_segmentation.png,956477ef2e3b9a3d829d30375dacfd25c7ff845cea569cb323d58afb0f6763fb,0.421025594,0.999925291
train,938,ISIC_0012961.jpg,ISIC_0012961_segmentation.png,25fb9ad16fb66e0ee63f095a9bb785adf2a3f11286268588844afc1b02f93760,0.208552043,0.999836047
train,939,ISIC_0015038.jpg,ISIC_0015038_segmentation.png,70917c78ba8651a90a827e2b856a772cb9abc6840e573156e2cc8b1d88d3b8d2,0.456598918,0.999899699
train,940,ISIC_0000047.jpg,ISIC_0000047_segmentation.png,09be14f70ba2bc4035d5925bfb8d83975f45f101c766e23ca85f9f89d91ab712,0.064610799,0.999981572
train,941,ISIC_0010267.jpg,ISIC_0010267_segmentation.png,b25f7890c5451cbf5ac11da27841defa86758e041b3ede49f0b9bc98b1259771,0.222503662,0.999828204
train,942,ISIC_0014685.jpg,ISIC_0014685_segmentation.png,c388887832d83d56a315e0a95df1197d2092be81ce3c1f22fb7ca63b31bfc7a7,0.525192261,0.999752530
train,943,ISIC_0000525.jpg,ISIC_0000525_segmentation.png,c36acfa840a100e37dcae77eed79211e323a7efecf890d899c1c23dde03f127e,0.266799927,0.999915155
train,944,ISIC_0013040.jpg,ISIC_0013040_segmentation.png,818942b7be16951df5bd13bc45c4b47d9f3e106f2ccfe9747614270b43f7f58f,0.216420492,0.999538003
train,945,ISIC_0012701.jpg,ISIC_0012701_segmentation.png,fc3f8b8c99abbaa49dcbf6af387642f2960a3ba5e66bd9aff4e178a4457e7f50,0.180765788,0.999830801
train,946,ISIC_0000208.jpg,ISIC_0000208_segmentation.png,15c6e827ba0ad0274fead9cd37a4d97e4f75fb10adb4a53c6dc5dad33223616e,0.226643880,0.999962192
train,947,ISIC_0010194.jpg,ISIC_0010194_segmentation.png,54622a9785bdb01168f52b21cd574e00878e35b2c423b4aa184b1cea013e5b43,0.216130575,0.999864783
train,948,ISIC_0014846.jpg,ISIC_0014846_segmentation.png,4af991e5cedf414d43f7ec899bf65c6bd48b63cdc80136a5919a90c41e50be88,0.364257812,0.999956967
train,949,ISIC_0013792.jpg,ISIC_0013792_segmentation.png,d0776936561b0b8b754bba5953ee13779ab3b87cea87f45c8030e16a613babf0,0.352310181,0.999794515
train,950,ISIC_0014526.jpg,ISIC_0014526_segmentation.png,b7ba2349927740ad385485bc9e742e49b3357906547b4e83b4c837b4d5ccde4e,0.120783488,0.999882234
train,951,ISIC_0012416.jpg,ISIC_0012416_segmentation.png,97f989f64cf6c2ff0e3f6e631cd85bdf1c34c8152b691493e47908829484564b,0.232279460,0.999557564
train,952,ISIC_0013721.jpg,ISIC_0013721_segmentation.png,674046ef40c47695649750759a127e30984bc36155d12b76b86f02ad84d6d9cf,0.256195068,0.999830446
train,953,ISIC_0013525.jpg,ISIC_0013525_segmentation.png,ba6101e188c943efbd970dd045d3dbd4781f3c4d381c0facc3576fcf885f35d3,0.177724202,0.999841301
train,954,ISIC_0012672.jpg,ISIC_0012672_segmentation.png,e339e7087b6ad9d12018ce6f3a0247194373d254aaa1957b97a017c66898fb7d,0.066157023,0.999912867
train,955,ISIC_0011384.jpg,ISIC_0011384_segmentation.png,7ad4b18f628e73f43e87214dcdc1c0a294ac20551eb6fae5687e16f46f1f38b5,0.191324870,0.999877485
train,956,ISIC_0000534.jpg,ISIC_0000534_segmentation.png,0a23beae9973996a2e1fbac80dd924576f5bbed3c0979ca1832fb27ccaf42ffe,0.136693319,0.999970218
train,957,ISIC_0013047.jpg,ISIC_0013047_segmentation.png,35354243e74bf4d5db26f5816867cbbd9abf55ee78e49f4a5d02acc1365662f0,0.231435140,0.999891014
train,958,ISIC_0000048.jpg,ISIC_0000048_segmentation.png,faed2f0ab8b58932e6f46fd123c6b5df4c3dfe9e175d119c6dc86ad7e01f1b68,0.154454549,0.999957067
train,959,ISIC_0008280.jpg,ISIC_0008280_segmentation.png,d4ab6affa810491e24e4c2c388cc495af7d13f9d615d9fedce56806d200d4e78,0.250620524,0.999940771
train,960,ISIC_0013224.jpg,ISIC_0013224_segmentation.png,828205aec70c14b0cb638e84925505f694bd91b7e947afed55730827df8c0cbe,0.109736125,0.999767613
train,961,ISIC_0010256.jpg,ISIC_0010256_segmentation.png,6c9358e8a376656b021416daa7140f956b606cbf2a2803bc1e5e3a79bfdd4039,0.095179240,0.999812285
train,962,ISIC_0013235.jpg,ISIC_0013235_segmentation.png,a8f542e265cdca212b36dfe77c3867cd19a22ae6b745a5d3def98123e7aceec1,0.155827840,0.999870668
train,963,ISIC_0010850.jpg,ISIC_0010850_segmentation.png,ca879eea9d7673e2fc7a3b729d08f0bf0b22dfba6c75caa6706b2391e6999352,0.252670288,0.999857920
train,964,ISIC_0000882.jpg,ISIC_0000882_segmentation.png,43f5812ff9ec5b4bd2ba9cf17d4e4fd65d4ac28a0b3feb4a52d4a6ef880c8e84,0.229665120,0.999854214
train,965,ISIC_0010240.jpg,ISIC_0010240_segmentation.png,8277c7683e4b29cd1c40f7cfb44ec503a5e5d6c0302f3105b765c0908dfee74b,0.250717163,0.999875627
train,966,ISIC_0012549.jpg,ISIC_0012549_segmentation.png,2dccf36275a3ff180be097a89bb8ec35067b2274280047f900fadb4ceb681b08,0.180496216,0.999929425
train,967,ISIC_0000169.jpg,ISIC_0000169_segmentation.png,bb65777f4c91cc65270ba4c23a60523d466e2a40c969d48931404a835a110d76,0.250920614,0.999954561
train,968,ISIC_0000028.jpg,ISIC_0000028_segmentation.png,01002d35d834ecfcedd56f3efc500aef23692866890d1878a2d79d48055b5e04,0.073613485,0.999982892
train,969,ISIC_0000416.jpg,ISIC_0000416_segmentation.png,44e200e36db8a57a64f33af2b997f05410fe44264167b9d221794c4108fb74bd,0.121414185,0.999922712
train,970,ISIC_0015158.jpg,ISIC_0015158_segmentation.png,3cf0a87852ce2e50adf5f9459ff3dc28e8c18d891131169bba13e1fae3c36375,0.399063110,0.999861062
train,971,ISIC_0012679.jpg,ISIC_0012679_segmentation.png,1b002e91659ac43864f2a60ae7c6c9cbc81c72380d7b0b369534c7879a1bd51c,0.177454631,0.999854960
train,972,ISIC_0012787.jpg,ISIC_0012787_segmentation.png,709eb640cac00e08f96cafc8976512d461771d108c5e59a2e173c2ffd742265d,0.115442912,0.999845550
train,973,ISIC_0011112.jpg,ISIC_0011112_segmentation.png,efddadbd532a81ddf0be6d7529d473394b8f37a74833f9321301dbd466c082ed,0.396860758,0.999880730
train,974,ISIC_0013306.jpg,ISIC_0013306_segmentation.png,a7c200ae7b70ab1e676e7517b290ca4866e3294fbec0a2cc16654fbb39aa2834,0.233769735,0.999881308
train,975,ISIC_0012224.jpg,ISIC_0012224_segmentation.png,41000933deae85c6b99a1eeb43e5c27d09679787ad6ac024530d5e4a41cbd824,0.223821004,0.999778091
train,976,ISIC_0001119.jpg,ISIC_0001119_segmentation.png,6be95d6ceac93259dae766f870fb366945bf73e967d5addcf6ad5355c9fbb177,0.146784465,0.999760122
train,977,ISIC_0009991.jpg,ISIC_0009991_segmentation.png,a2dd914669a7d3ef941548d48e343ac1da570502c4911daacc93aad988e22069,0.168782552,0.999948216
train,978,ISIC_0013971.jpg,ISIC_0013971_segmentation.png,27f06369db79c29d0dd4a0f2e0159853c786d610db7af6efe4336d367bf304d1,0.209615072,0.999563964
train,979,ISIC_0014299.jpg,ISIC_0014299_segmentation.png,7734e19812eff94e210dbadbb648ade829fbedb66a2734809e7acafa91a24ed7,0.135208130,0.999897132
train,980,ISIC_0013205.jpg,ISIC_0013205_segmentation.png,6a7186a0109b6240d8a05888b34d4b0cffd19dcb8656c0237f2c3895a37fc74b,0.211212158,0.999770712
train,981,ISIC_0012772.jpg,ISIC_0012772_segmentation.png,efc023e338c596d283f89a519f38525d8a49ae6d0626347acc4c530d81d2c277,0.163009644,0.999791188
train,982,ISIC_0014929.jpg,ISIC_0014929_segmentation.png,e652bb821805a41e165759a9fcde69041f60ff617ba846199cb90ac14e39164d,0.729283651,0.999709587
train,983,ISIC_0009945.jpg,ISIC_0009945_segmentation.png,f1dd7cd484ad25577c3a4f48b0318dd2bad1e1da1c19da3996b7a4dce804719d,0.249333700,0.999820272
train,984,ISIC_0012726.jpg,ISIC_0012726_segmentation.png,224bf65e771a03175ac9cdefc62dde3ef528a53b587e41335d40982000876f4d,0.207733154,0.999575385
train,985,ISIC_0000367.jpg,ISIC_0000367_segmentation.png,2c505c06782c665a0177b0f0b92cca6884a94efeb5e11aa3f2d5ad806161f634,0.000000000,1.000000000
train,986,ISIC_0010340.jpg,ISIC_0010340_segmentation.png,f5d4d0851f3a45c551e2b372858226075b38bf9d6cafd2f1196b686cb9a05e1c,0.093744914,0.999964097
train,987,ISIC_0012880.jpg,ISIC_0012880_segmentation.png,8073f370fbeceb4fad0ccea8bab3b161820387e83d88af303d5f56590c759c0a,0.200266520,0.999737245
train,988,ISIC_0011297.jpg,ISIC_0011297_segmentation.png,af932529f6ad256594cedb465c54213fda123c0ac22d7359fc4d87b5d3dded6f,0.165232340,0.999827913
train,989,ISIC_0014855.jpg,ISIC_0014855_segmentation.png,ff6693f1f3a7b347d701c95d64b636769160c1db9dda717e674bd35f8c911b43,0.540878296,0.999766918
train,990,ISIC_0012856.jpg,ISIC_0012856_segmentation.png,ce8454b1f002450ae84adaca9af722123caf480681d95618bec1650d01d47b25,0.161478678,0.999778501
train,991,ISIC_0000236.jpg,ISIC_0000236_segmentation.png,e64fbfc8861593659bf1d96228fb212ea4d322f6808c501f9874e7936e4eaf99,0.108006795,0.999986298
train,992,ISIC_0000310.jpg,ISIC_0000310_segmentation.png,ad74ed1dbbbbcabc278b1d409822405e71ced64be64ebe2ef9d3ba2a442ed1e3,0.000000000,1.000000000
train,993,ISIC_0013063.jpg,ISIC_0013063_segmentation.png,bd9b04b59eda106999a7808ae7ded34b70c1599ca0cb7de61529b60a67179d21,0.236317952,0.999774259
train,994,ISIC_0000328.jpg,ISIC_0000328_segmentation.png,6424650ef1a0eb35ab8c22d6b2e076f7b16f00d066493e5838cd024263ef1290,0.000015259,0.999999997
train,995,ISIC_0000254.jpg,ISIC_0000254_segmentation.png,d0451800138190767825ef1bd60cd0a8e3ebb1eada179a747ade96a4d430615a,0.115849813,0.999971637
train,996,ISIC_0014595.jpg,ISIC_0014595_segmentation.png,1badebf88f7776dfa83fa4732e9fd8289fc771560f5cc47cbbdb0bc216339db5,0.124888102,0.999935540
train,997,ISIC_0015110.jpg,ISIC_0015110_segmentation.png,4cc979e501391aa8305d2904ab627cb86d01e40f9cb387c26f9962d1ea9abd52,0.693806966,0.999841001
train,998,ISIC_0013835.jpg,ISIC_0013835_segmentation.png,23c5461c1de481617868007e0bc5109b83cd9f7b93492d09c434272b2dda0914,0.256591797,0.999552747
train,999,ISIC_0014046.jpg,ISIC_0014046_segmentation.png,847a9101a31e902f5e8edaa9b8f36b056e74bfeccbe1b06f678cbcafd09a4977,0.147633870,0.999697007
train,1000,ISIC_0000408.jpg,ISIC_0000408_segmentation.png,1a9e80d7137913ac098606dcd96a0f9b644045f2ac903827ce1869141fdc5b46,0.104721069,0.999965658
train,1001,ISIC_0013089.jpg,ISIC_0013089_segmentation.png,2052746c91ea0dbd6f3c696f8160955206259d9d18c5a9fb1968e53054a13e80,0.256795247,0.999710196
train,1002,ISIC_0000036.jpg,ISIC_0000036_segmentation.png,08a551665491b6bdef5f2a2503ebacb0fc7475e03e5ec8f9cb42b1b03ffa159f,0.162114461,0.999983322
train,1003,ISIC_0000503.jpg,ISIC_0000503_segmentation.png,cdccca76242baa84a3c70cecf903fa545c4c8bd1d9699545b41f429dfef3b27a,0.211008708,0.999919367
train,1004,ISIC_0012167.jpg,ISIC_0012167_segmentation.png,f8dc07c1124868b0564315a05ae6669165c9a14ee628a1f1384b392b4c449c9a,0.305775960,0.999866500
train,1005,ISIC_0014327.jpg,ISIC_0014327_segmentation.png,22184a948a168eb9ca19bc0ff1c0a781a372276715493362a5c45c120e3c0ba9,0.146352132,0.999829124
train,1006,ISIC_0010607.jpg,ISIC_0010607_segmentation.png,3e667d276bcc5aca23f0d7c51ec5e139efd8127ddaa97a07efe03563a1fe2d5c,0.113403320,0.999912548
train,1007,ISIC_0010452.jpg,ISIC_0010452_segmentation.png,ed597adfd0db496b9d7717be6359d92fa2fe706db860e4ff581096cb84e52119,0.273854574,0.999883657
train,1008,ISIC_0000467.jpg,ISIC_0000467_segmentation.png,026cb65b6bcc6abaf7477177bdc9a3ed83c874d2f3f5579383fd99a1994d2c97,0.266688029,0.999922088
train,1009,ISIC_0002438.jpg,ISIC_0002438_segmentation.png,03c306cf6d81c9ff6fe6c42fa71c030057cd9e732a18bf18a5c2e6050948e85d,0.306076050,0.999900162
train,1010,ISIC_0000530.jpg,ISIC_0000530_segmentation.png,69d2ccbb6aefdc0f7349cbc2829c4665829fd5c5c6df00a72492ff6302cd842c,0.268636068,0.999865812
train,1011,ISIC_0000410.jpg,ISIC_0000410_segmentation.png,f1d7ed3f29a030a6dbaf7f44753aa5c50f576f3352925b4828255687136506cf,0.121602376,0.999765905
train,1012,ISIC_0008116.jpg,ISIC_0008116_segmentation.png,97e9d7df58e8d95e33bcf97f754ca572785e4e4d5cb2747f18a67ea0cee51b06,0.248489380,0.999761483
train,1013,ISIC_0000489.jpg,ISIC_0000489_segmentation.png,1ca503e87908bf8ac4cbbd6af871ff28110d7b882f4c9dc4d590d73351d37d5a,0.196634928,0.999769542
train,1014,ISIC_0000524.jpg,ISIC_0000524_segmentation.png,f77d90b0fceb5cc039b80e0894460aa03449ae84a6ef24d5d7f47c7d6951e385,0.303415934,0.999925222
train,1015,ISIC_0013054.jpg,ISIC_0013054_segmentation.png,4c0f28b56acf39182f7e0aba55a9d878c6ced2cce045bb793c9b7e441b3d349f,0.230906169,0.999789284
train,1016,ISIC_0015044.jpg,ISIC_0015044_segmentation.png,dc7afa63cae21214d2a9755a262387dba9376243ca2b8ba27bac91dc8679437b,0.398183187,0.999935286
train,1017,ISIC_0014264.jpg,ISIC_0014264_segmentation.png,0554707e849ad572cb2e425c203f9931d30485f2fc3d04732fc7ce6f933cdd5d,0.140462240,0.999777365
train,1018,ISIC_0000383.jpg,ISIC_0000383_segmentation.png,59fe44527c19548a2fe302c3b351b8dda6b0b3e29e03675593eb5bc87441cd38,0.091461182,0.999905913
train,1019,ISIC_0008992.jpg,ISIC_0008992_segmentation.png,a64407ebfa348245f934fc2b7aecb56b65cd01a3091c2b2657d194d658dacb06,0.223114014,0.999919846
train,1020,ISIC_0001152.jpg,ISIC_0001152_segmentation.png,9aae8cf436fba82e8f7daa6f63ba41d73a15ffb579876fd0149272674831b88f,0.204813639,0.999895066
train,1021,ISIC_0000023.jpg,ISIC_0000023_segmentation.png,1bb99bce9bada5bd0dac2333c27581234c5bbac6138640b12b75c90b1f186a02,0.080230713,0.999947999
train,1022,ISIC_0014431.jpg,ISIC_0014431_segmentation.png,0ea2f1db1dc59c979e6583bdb026ae9858ae90b8bb62f142deba9780911e2dd3,0.097305298,0.999892704
train,1023,ISIC_0000540.jpg,ISIC_0000540_segmentation.png,e1317d099d699aad2024ce8f4b72cdf897688f0d4105ad5c25d56091b9dcea6a,0.149658203,0.999959745
train,1024,ISIC_0009888.jpg,ISIC_0009888_segmentation.png,93a5fe3465d4ed34223221a7295f7e9366178f7cdbf8295ff39ded7c9a491e99,0.125137329,0.999871489
train,1025,ISIC_0012813.jpg,ISIC_0012813_segmentation.png,4508ad83b116dfeb319aee8bade8c66b3ea1b651265ac9315fe491b251255718,0.188852946,0.999804458
train,1026,ISIC_0014366.jpg,ISIC_0014366_segmentation.png,9010f02dba61bf1cb657ce2bb00620614a047f81ef6a7e97c38dca8ccdc4ee9c,0.152308146,0.999819441
train,1027,ISIC_0012742.jpg,ISIC_0012742_segmentation.png,9142d46979009359d2c0bcfcc3ed8923ec9878e4361fa7fa2d068eab38929860,0.191101074,0.999600647
train,1028,ISIC_0000059.jpg,ISIC_0000059_segmentation.png,0261b637aac4d78647078a5b2d6d326899b47112ab62d86f09625d0644af3272,0.092468262,0.999973970
train,1029,ISIC_0011230.jpg,ISIC_0011230_segmentation.png,cea4ebee3e5730b4d6c9874c45f62becd9f24b3e6e87105b7cefaf2f1d215ff4,0.085057576,0.999934964
train,1030,ISIC_0012141.jpg,ISIC_0012141_segmentation.png,b6b95c039207d5aa0e9655a5ce72fedd62836f558bdf765f03f7f53a3efedb58,0.234751383,0.999749507
train,1031,ISIC_0013423.jpg,ISIC_0013423_segmentation.png,bffe31685fc90549270c8aa8f04954a7998f457d73f306309106cc31c5f920af,0.198582967,0.999782477
train,1032,ISIC_0011119.jpg,ISIC_0011119_segmentation.png,e402fa2cfd10fb175d14429bd0c74989187ce38795babebbe224e5ef09e96eae,0.116892497,0.999919987
train,1033,ISIC_0008626.jpg,ISIC_0008626_segmentation.png,763ff29f8d4d593174e102b27c45857acad2aa1c4b6fe3db06d54d981ab4022a,0.184214274,0.999922718
train,1034,ISIC_0014088.jpg,ISIC_0014088_segmentation.png,d5e9102928269b3e7a24368f95e9d35a02db467bb12b42768f36465be58ce7fe,0.133783976,0.999845599
train,1035,ISIC_0012257.jpg,ISIC_0012257_segmentation.png,f9afbaddba6b61a2025bb678155134e045c4ee7c6b738ee500c78e47f4ad434c,0.254608154,0.999295263
train,1036,ISIC_0014636.jpg,ISIC_0014636_segmentation.png,5d6d1115582b6649f51c6c95d91c21cb09e74ab6635be441ffd96420ca0ae044,0.157842000,0.999889087
train,1037,ISIC_0012800.jpg,ISIC_0012800_segmentation.png,676d023a5365163a7ebcb8e41d2471408f91dde05383b0c43b0ddb2fd2b0aabc,0.284413656,0.999847790
train,1038,ISIC_0000545.jpg,ISIC_0000545_segmentation.png,71742982297b1a97426641f378854c8d07950eae09f2fbcd28d1888e7ad04e43,0.072174072,0.999971073
train,1039,ISIC_0008207.jpg,ISIC_0008207_segmentation.png,056406760bd3c939bbe5f2c6c6a0d72d7dd37deaf2789a0450b5710065b374a5,0.287907918,0.999931986
train,1040,ISIC_0013124.jpg,ISIC_0013124_segmentation.png,cbda5208704df18e66f09785490fbecd2ef0e4bbb01d97c37b3441a85a869486,0.228098551,0.999837079
train,1041,ISIC_0012907.jpg,ISIC_0012907_segmentation.png,2fc2170ccece403ca83ea29f6d71533830334308b4d68e62e230c5f42f4c9a2e,0.114283244,0.999845151
train,1042,ISIC_0000478.jpg,ISIC_0000478_segmentation.png,ee1ef55c910ae6bb5f3ef74d22ac10078a863c6d769b4637eb7fc0e9b272842e,0.222290039,0.999861256
train,1043,ISIC_0013965.jpg,ISIC_0013965_segmentation.png,5d8df644466576798d9cf518648407171283eddab1083a0591801eb4e8237509,0.241546631,0.999751535
train,1044,ISIC_0012455.jpg,ISIC_0012455_segmentation.png,920e77987971405e96fefff1f4c322b050db03d64114cacb675588ec313f5043,0.236923218,0.999870288
train,1045,ISIC_0009938.jpg,ISIC_0009938_segmentation.png,10d43b772c8c0bace6ba5b4fe58170c27c55799b75200ff35a029401b7e7ab47,0.188039144,0.999820950
train,1046,ISIC_0014522.jpg,ISIC_0014522_segmentation.png,00e3fe7a422c28e69fd2573570a3afd284c04c34a0fdaee32122f3ae379274d1,0.148081462,0.999851349
train,1047,ISIC_0014458.jpg,ISIC_0014458_segmentation.png,2df8db99425a2009ddc1375377eabad89c9cb3543dbcfc2facb7e92ba3e774ac,0.112289429,0.999933623
train,1048,ISIC_0012854.jpg,ISIC_0012854_segmentation.png,227fb3ca98058811ae8238cf2fe44cb6503debecefe3c110d28f7d30ce322ee3,0.254287720,0.999743779
train,1049,ISIC_0010077.jpg,ISIC_0010077_segmentation.png,9cf4eeee069abdb1ffb394d56dec1c112159dcf224f411fd6119076e1d1bf873,0.207819621,0.999797737
train,1050,ISIC_0010442.jpg,ISIC_0010442_segmentation.png,c7505a854019703ae979a635f3cf1015b6846b1e54e46a3c56bc410286d374a0,0.189595540,0.999926716
train,1051,ISIC_0013783.jpg,ISIC_0013783_segmentation.png,7b3b83cb381583ae7bddfb7a72fdb63c99c29c5e23a0a87939006ed9a01a1ea7,0.455678304,0.999776835
train,1052,ISIC_0004110.jpg,ISIC_0004110_segmentation.png,5c259794baa30e4e488127650bcb545928f5a37c10e94ee40339d668b05ab749,0.214940389,0.999858881
train,1053,ISIC_0009911.jpg,ISIC_0009911_segmentation.png,6e9856b6d618e7e8b8df8375c31960cc28c2690102942c8962b3cc425f5070ae,0.302993774,0.999826558
train,1054,ISIC_0010568.jpg,ISIC_0010568_segmentation.png,daedb6728eb8e13ea83fae112508f3c4a728c53736b4b3e8a25ddc4876e00de3,0.127593994,0.999914554
train,1055,ISIC_0014598.jpg,ISIC_0014598_segmentation.png,3318abbd181ce44bb7181834f63dd456116fddae26cb5b81f7a056f55e3f0b33,0.084106445,0.999956900
train,1056,ISIC_0009955.jpg,ISIC_0009955_segmentation.png,13dbdc8200e9315c4ed65ef8950779508dd387cc3312a090ffba2fe561876e61,0.206329346,0.999809215
train,1057,ISIC_0000044.jpg,ISIC_0000044_segmentation.png,37fb6c2471dd29e720c37ac443bfef793489fccbccaa26ddee93c6818591a488,0.192026774,0.999974061
train,1058,ISIC_0000018.jpg,ISIC_0000018_segmentation.png,fd44fef954ff91f6e214a7388131842205e53c57bab0c95747b964d8ac11d937,0.071050008,0.999959745
train,1059,ISIC_0014290.jpg,ISIC_0014290_segmentation.png,f3fff71a535a5685123a7ec1b5ded56ef492939cd348762e544344f7a544d911,0.431365967,0.999416416
train,1060,ISIC_0014094.jpg,ISIC_0014094_segmentation.png,3e7fa6b19e896c960bf8c0a8eb3f4a3751f171d5d951abf8e4bb66e2c13d0e4d,0.087814331,0.999900962
train,1061,ISIC_0012294.jpg,ISIC_0012294_segmentation.png,bd4ab547408bac43fe6c8359557b4a1e207cb6fb398f5b847693ecbdd10cece9,0.201843262,0.999786034
train,1062,ISIC_0014569.jpg,ISIC_0014569_segmentation.png,57accd1baee38db2e53b11b868a4b086e5240c0c0720dfdecbf57dbe705df0b1,0.167734782,0.999903921
train,1063,ISIC_0014803.jpg,ISIC_0014803_segmentation.png,c03f71b0567bf580eef7d221626cb4acd77e868bf6696d2f8ff399b3dfd62962,0.372339884,0.999925934
train,1064,ISIC_0009975.jpg,ISIC_0009975_segmentation.png,9bab7a17b0832e04bfbc9dbb5c032a7096830a153474b0cebb61c60c7d3063f2,0.181798299,0.999948203
train,1065,ISIC_0000494.jpg,ISIC_0000494_segmentation.png,5770bbab9b9480805a3d3ac2da3fc5dac5008df2d87862f2013bb8204d4a2c35,0.438374837,0.999396588
train,1066,ISIC_0002780.jpg,ISIC_0002780_segmentation.png,8fc7b809396c11465d4f781acd1f5c32919ff73ac20a235e1f44231d8d56fbea,0.181035360,0.999845248
train,1067,ISIC_0000055.jpg,ISIC_0000055_segmentation.png,1d80b038edcf2e3426e0d32cc19b0dc22b0d3a26e0121ad65fa0ce2b38777a0b,0.068201701,0.999970690
train,1068,ISIC_0009909.jpg,ISIC_0009909_segmentation.png,1c76b79660a506c128e14af741468e94123eeedf4ad2b6d0bcc73b97b0df8d09,0.222264608,0.999814352
train,1069,ISIC_0014819.jpg,ISIC_0014819_segmentation.png,b7405700fc79f60a9018c7b804290a9c549a6043b7cf3a35f730cbb93c99ad2e,0.355005900,0.999937325
train,1070,ISIC_0000039.jpg,ISIC_0000039_segmentation.png,c0ee3df08b80d9de30b9e9e18ea34ad31f9ec3c93442d7b9bf2589a1f8e50d24,0.176239014,0.999971367
train,1071,ISIC_0013580.jpg,ISIC_0013580_segmentation.png,742f06ce744198bd8f2fc0337c97d40ded519d82e02379725485ceae77617fb8,0.204569499,0.999804314
train,1072,ISIC_0013676.jpg,ISIC_0013676_segmentation.png,7cb101cbf8442c04e29465ff6e319449f57fdaf8e8f0e47473e23288a9da818c,0.465062459,0.999635251
train,1073,ISIC_0011130.jpg,ISIC_0011130_segmentation.png,5aae10e8a15a771c409fd5d3c3351f8c6cd7d2710424398af28da6844e9cd00c,0.171946208,0.999857463
train,1074,ISIC_0000222.jpg,ISIC_0000222_segmentation.png,f10c62b3394ddf344267df49549f8e95dfca596d527cb27d65b796e012988c80,0.132166545,0.999981913
train,1075,ISIC_0012170.jpg,ISIC_0012170_segmentation.png,11987bcaddefea8490985039f0cc63c3da95229ab146efa6c3e8af7ee9e7bd8f,0.207087199,0.999786654
train,1076,ISIC_0000495.jpg,ISIC_0000495_segmentation.png,0fde5d68d3aecab1147da76a32d992ba8903f62965c5e8f67c0401ab129e1285,0.207331340,0.999942948
train,1077,ISIC_0000353.jpg,ISIC_0000353_segmentation.png,2143312b6d7159fbec162b38e62c18e1e4f5e9bcf1f8f8a555dc610ef0481d62,0.000020345,0.999999997
train,1078,ISIC_0014001.jpg,ISIC_0014001_segmentation.png,14c5ede22c0928008026e8ed3dd0526e718e3a1d44c61718d92ad7ffc484991b,0.211756388,0.999718942
train,1079,ISIC_0014583.jpg,ISIC_0014583_segmentation.png,d8e97bc8ea3a73ac98130e9890230b1968a9237e417c1737dbf70f91e8235d68,0.091725667,0.999970175
train,1080,ISIC_0010339.jpg,ISIC_0010339_segmentation.png,5ce0af43ba54003106c48f755be7d34146909205f10188025cdcb50079750d9e,0.195800781,0.999887034
train,1081,ISIC_0009188.jpg,ISIC_0009188_segmentation.png,4a7e7e8e5c3b1dbf256dad0cafe854c4f3ac46f2c7b4e2bbbbc3d8f206793e9f,0.221644084,0.999905727
train,1082,ISIC_0013807.jpg,ISIC_0013807_segmentation.png,6ab8690c98cb88696fec0afac684ebe20a81da569f026a7cfbc8ae439f056e95,0.193847656,0.999838832
train,1083,ISIC_0000352.jpg,ISIC_0000352_segmentation.png,0ab9e790b95ae929edbb99b2447d4df8d1135ec15bc4f63342ff889ed140e05e,0.000000000,1.000000000
train,1084,ISIC_0011366.jpg,ISIC_0011366_segmentation.png,7c4982a21fa2bb286a733d4fd3f16a2fcc5abc8f1e86f5a4b0da1f6aac720d35,0.243657430,0.999877684
train,1085,ISIC_0002976.jpg,ISIC_0002976_segmentation.png,4fd301fc25d7c77de71e6f5f148198d5fe1422eb8e0a51050a355ce738dd52e9,0.274597168,0.999904838
train,1086,ISIC_0000129.jpg,ISIC_0000129_segmentation.png,9b9bcd8433df2b1c2be3f38af661e5f41dd093a1898fa8973572c168edd7d6fe,0.000000000,1.000000000
train,1087,ISIC_0000016.jpg,ISIC_0000016_segmentation.png,6b00ae72c4d43064a639a51c2aa269e9cc03adbc2b1b70a9d7cd3082b14426d8,0.115687052,0.999980113
train,1088,ISIC_0012478.jpg,ISIC_0012478_segmentation.png,271d8294f9c89dede78da27a22917dc6f16b5801b1d23a294ccfb284ef09ccc6,0.113118490,0.999885753
train,1089,ISIC_0011126.jpg,ISIC_0011126_segmentation.png,aca1ebc9977cad67b28325da2c7ca850d89e318a29700e2fe9765e70a86dcc2d,0.189580282,0.999972376
train,1090,ISIC_0009941.jpg,ISIC_0009941_segmentation.png,997f543bcd56a45e85df5f943190d95aef6942c75ad47696ce7393c384773e4c,0.167388916,0.999889677
train,1091,ISIC_0012518.jpg,ISIC_0012518_segmentation.png,28355418a8a75ad21b1c68ba056b7041b8ab86f8d72ef9b9d1f42e2c65872eb6,0.146545410,0.999665688
train,1092,ISIC_0014805.jpg,ISIC_0014805_segmentation.png,4f011c47bc729ecedf5f86791607ef6021687ade8a30e1a7f09db9193c0fb02e,0.432795207,0.999865329
train,1093,ISIC_0000085.jpg,ISIC_0000085_segmentation.png,a1eb7c3f5452fe2d774ce29291114d562fa3afe0bf484dbdace94035d3c5505b,0.000000000,1.000000000
train,1094,ISIC_0009981.jpg,ISIC_0009981_segmentation.png,49d49cb665ebb16a0bd6ef3a7ad6fba8ca5da16641fcb02a83ce429ed49cbede,0.159001668,0.999845593
train,1095,ISIC_0010342.jpg,ISIC_0010342_segmentation.png,169c30399ed7bae6ef95050853f43ca06b1e3d8d40e94a19b63b8a4d94f83cf7,0.203308105,0.999944864
train,1096,ISIC_0012303.jpg,ISIC_0012303_segmentation.png,3c45df3ba41291f0ea3de925e9ebf1676d18ea8273b7459dfdb65ba3dd0f7081,0.219355265,0.999638421
train,1097,ISIC_0010233.jpg,ISIC_0010233_segmentation.png,bd8c4a925b8474a89dd9974439cccd58990ab26d7fc04b35d78445e95bf60265,0.296162923,0.999922510
train,1098,ISIC_0000460.jpg,ISIC_0000460_segmentation.png,003b9d4e47b2eda0791787bc5746c1c2cac1315c06720cc3cda65ff10d4965eb,0.284179688,0.999815540
train,1099,ISIC_0014527.jpg,ISIC_0014527_segmentation.png,893dc5907388470c36f58edd664b12502e05b4853c00cb1a5abd051920f82374,0.154200236,0.999742843
train,1100,ISIC_0014794.jpg,ISIC_0014794_segmentation.png,1d07f5d990c642a5620429636a2bf4cf522fd5b805827b66a3dc0f904be12f06,0.332173665,0.999954634
train,1101,ISIC_0006193.jpg,ISIC_0006193_segmentation.png,7b574788a761268f16760d094adec3d45fc810247b18956dd18d4f1e64890226,0.322031657,0.999709287
train,1102,ISIC_0008294.jpg,ISIC_0008294_segmentation.png,f8f4efe24d4f848c254df007bfdcad0316d1d1b25d68c51234e73cd6c1e57975,0.221878052,0.999897357
train,1103,ISIC_0014920.jpg,ISIC_0014920_segmentation.png,fe8cd21da1e41522bd577a64901ad9ecd78a54846e02993ebbbbd10bd7c0f615,0.455693563,0.999921107
train,1104,ISIC_0014658.jpg,ISIC_0014658_segmentation.png,3f2295c4ce21e96c356200cfeedb930e28794903ea6b30f1c70e7670f5eefbd6,0.865117391,0.999676961
train,1105,ISIC_0012878.jpg,ISIC_0012878_segmentation.png,d80d45991f31a0ab12f07dcb9637a65c3c03063f72a9f66d1b2b3f3b5182656b,0.175587972,0.999767722
train,1106,ISIC_0013707.jpg,ISIC_0013707_segmentation.png,41fd2a92829b61773f1bbe621dbf87ac81e14d23fae3b12ddcfeb1dd622a658f,0.166605632,0.999790363
train,1107,ISIC_0000420.jpg,ISIC_0000420_segmentation.png,8dd3de128500301a1bd051dab317c3de1efa314ae5fda87931fa74c03145c8f8,0.134307861,0.999957282
train,1108,ISIC_0013192.jpg,ISIC_0013192_segmentation.png,3898dddd37fbae403597e6be2a16d783eff5aa8a447137a3869230e3cac7cf71,0.231079102,0.999777842
train,1109,ISIC_0013803.jpg,ISIC_0013803_segmentation.png,ce423632fc5c3aa4b8be77a9991baccaf9fa8e02a19cf9f8752d74224aa7d725,0.166742961,0.999728687
train,1110,ISIC_0000388.jpg,ISIC_0000388_segmentation.png,e671687ba2cd3d7103600006f8218d88e13af1a7ee27c4e08203aa9ba90785a7,0.073410034,0.999920955
train,1111,ISIC_0013805.jpg,ISIC_0013805_segmentation.png,991ab8e7db41ea13dee07872b9e8d6dc445c788483b1ef935820df91eb418b22,0.206425985,0.999829187
train,1112,ISIC_0013559.jpg,ISIC_0013559_segmentation.png,5ec351a74d907811521c6dceb5b6779ea5e4a6e2e3ea5ff67fd1a4c3f5e8de87,0.227447510,0.999787530
train,1113,ISIC_0005000.jpg,ISIC_0005000_segmentation.png,4d8290a18720786c3073a6261623f7542663816e84aba99ce2c019223656b141,0.227198283,0.999860733
train,1114,ISIC_0000506.jpg,ISIC_0000506_segmentation.png,e650bb8bb6da7e44617047f202b12f36fd2c732ece7b5b4ee4da7bb474ce2a08,0.259043376,0.999695685
train,1115,ISIC_0013359.jpg,ISIC_0013359_segmentation.png,cc41f6f58eab6d751c6230fc495c924de7c1da270c63d101d62416f37b7b974c,0.205764771,0.999906507
train,1116,ISIC_0011315.jpg,ISIC_0011315_segmentation.png,12eaedcb5b31f36d0720ba58ebbdc20a10f134b9de2ea267f31d4c102100b249,0.212163289,0.999793156
train,1117,ISIC_0014195.jpg,ISIC_0014195_segmentation.png,b3d908da170d9cf4de5546029c441854c13443c4e3411d440b96a2c7f63892c6,0.136067708,0.999872948
train,1118,ISIC_0014179.jpg,ISIC_0014179_segmentation.png,6b29c8452fc44bfe9f1862cf345e2a4863cd8e7bdee87cf985fe56a3e317717b,0.114288330,0.999859403
train,1119,ISIC_0012212.jpg,ISIC_0012212_segmentation.png,4c716cd2d24c5561797001d14f22f831af9e1a5ee492f8c107672805664c1628,0.142710368,0.999837276
train,1120,ISIC_0000032.jpg,ISIC_0000032_segmentation.png,eb6e96e353828da247adbf037dcd4ffce5a2e0eac73a5652d517a02bf63a8233,0.160588582,0.999935360
train,1121,ISIC_0000316.jpg,ISIC_0000316_segmentation.png,687da3670e25982aff282160a94b38c287b4ee6b2c9d0e28718affaacd24c4cf,0.000005086,0.999999999
train,1122,ISIC_0014739.jpg,ISIC_0014739_segmentation.png,927b9b9cf298bb9eb866a1cd2a2a806c38c4d0e854f6f7c8dae1a9270e2ad02f,0.596079508,0.999820063
train,1123,ISIC_0014013.jpg,ISIC_0014013_segmentation.png,eb70b19b4d8d075da9b3323633c6ff17f6909e976bb28a498a8935e4c0c1dc0d,0.176589966,0.999900539
train,1124,ISIC_0014845.jpg,ISIC_0014845_segmentation.png,7f5ee16e443e6bbfd896efd898a634490edad21cdd1f62a7bd011c99e63d6c7a,0.447036743,0.999874899
train,1125,ISIC_0014082.jpg,ISIC_0014082_segmentation.png,b26f956f33a2c8d6b8bb0552497fa006cf6bce35bb290c8ac1d2a5e64092e008,0.120869954,0.999811440
train,1126,ISIC_0013120.jpg,ISIC_0013120_segmentation.png,43f9d30275dfebc92ec742c1ea3e2e73311fec337c15b8596fdcf8bea79f87e9,0.245915731,0.999777117
train,1127,ISIC_0000522.jpg,ISIC_0000522_segmentation.png,9368054d07458b0ab48cac1c7ec5860517b6a9d602687e79badf21c5ea468765,0.239110311,0.999789380
train,1128,ISIC_0013567.jpg,ISIC_0013567_segmentation.png,ce412138a7f7f9004595a69f9b84a37dac538aecd1a103cca915a652d7c46022,0.244145711,0.999717723
train,1129,ISIC_0012653.jpg,ISIC_0012653_segmentation.png,6fe9567f75dba8ebf9803dc1d62d5259e90c150b66df535cc0c08e18cd90b386,0.297698975,0.999895587
train,1130,ISIC_0000366.jpg,ISIC_0000366_segmentation.png,94e9eb5ae8c69ec1459b6443b154c543d193b8c1b558d8487f909df2d22e9b9f,0.000000000,1.000000000
train,1131,ISIC_0010330.jpg,ISIC_0010330_segmentation.png,a4c2b8e3c266e855dfe58feb63853cc6110ff85eb48389483b154598d582fcd7,0.270980835,0.999841401
train,1132,ISIC_0014328.jpg,ISIC_0014328_segmentation.png,76b186359ccb02456a71815826c7ee04db7f2a6f14ad224a9bc4a7f555d53dbd,0.122655233,0.999839966
train,1133,ISIC_0010193.jpg,ISIC_0010193_segmentation.png,6f747f4408784864b2fbc7a9b9b19fd1b4a9b96c14c3322135ced78f6b13b5a0,0.214925130,0.999706204
train,1134,ISIC_0015166.jpg,ISIC_0015166_segmentation.png,5187d6b84dbf2633350eeb3876964977a0095831e4ea404808587c151649447d,0.328577677,0.999958100
train,1135,ISIC_0010176.jpg,ISIC_0010176_segmentation.png,6560480556424b4986db458e41b204bb3dd7f0daf7db08f7fd9b091ba999b787,0.369384766,0.999835773
train,1136,ISIC_0009078.jpg,ISIC_0009078_segmentation.png,24665711f371bffd6dde71eede63b1406df558e0b54ed9c7be5c6f293f9f03af,0.206207275,0.999935590
train,1137,ISIC_0012901.jpg,ISIC_0012901_segmentation.png,8323af0a7f38f45f8e562da522061ca9a2eb022b39c864aad39f6a157f45372c,0.116673787,0.999785174
train,1138,ISIC_0000253.jpg,ISIC_0000253_segmentation.png,75fe8034f08bc3e2ecbe15eb162c246ffc46806bb646ef0fd5f31c281fa8b37a,0.113581340,0.999950311
train,1139,ISIC_0000089.jpg,ISIC_0000089_segmentation.png,4decccb8cebe29f170f0d6a7743aae341fa56701dd67d138ed2f710acd0b0692,0.000000000,1.000000000
train,1140,ISIC_0013193.jpg,ISIC_0013193_segmentation.png,d158cc1b9e3d835f22aa89bc9d7fc80a14e18941cbef02fad576036c61722b66,0.221496582,0.999810627
train,1141,ISIC_0012397.jpg,ISIC_0012397_segmentation.png,fa9761e8179c81b8860309c0192db0b64257dc8bd4f4024e7bf68d2b98d56bbd,0.237152100,0.999400466
train,1142,ISIC_0010213.jpg,ISIC_0010213_segmentation.png,2c3cfa881a2b8fb4206fe61739ac9262065a46270e7214b1b4a83ad76b2c4d34,0.339441935,0.999837511
train,1143,ISIC_0012453.jpg,ISIC_0012453_segmentation.png,b2488593fb978a23783a48b4ee80f1f08b1db956f19bcfe32b82f12228eecf16,0.231714884,0.999439924
train,1144,ISIC_0013817.jpg,ISIC_0013817_segmentation.png,0e624555255c3b774e22fe29e2fcf21a188ec1ce09ffb3ec2456f35ec52a30a5,0.189244588,0.999823804
train,1145,ISIC_0011159.jpg,ISIC_0011159_segmentation.png,21e05c088586f08922b2fa810c26874dfae2590b3dc8214d93ccafe57a966793,0.224833171,0.999854009
train,1146,ISIC_0014430.jpg,ISIC_0014430_segmentation.png,f7ea4e3686a72e6be6db9bf573dc4e3bf49d61840c141efe26998521da9b2ca1,0.144200643,0.999871762
train,1147,ISIC_0014365.jpg,ISIC_0014365_segmentation.png,e9bd50b8c26777d73f15379e799d5b43452836ed8d83f283d35ca33e26abd792,0.143458049,0.999886393
train,1148,ISIC_0013480.jpg,ISIC_0013480_segmentation.png,5bcd2761fb8a2f546301616e5464964598e877526048701ad4cf326354d273fa,0.349034627,0.999293460
train,1149,ISIC_0000341.jpg,ISIC_0000341_segmentation.png,c63ba0be7f5f09cc62bcb461b65a27ebf2e70611dd272b92132cda1e7bee9f18,0.000000000,1.000000000
train,1150,ISIC_0011336.jpg,ISIC_0011336_segmentation.png,e2730db9aeb0ecd792808f4021f57b2a65f719262c5a26c7ccd0fb8f2a83330b,0.083272298,0.999906603
train,1151,ISIC_0009976.jpg,ISIC_0009976_segmentation.png,a83d1378a2906bf22dbeca56d8737feb9080e88342f3b88a8366adc416b8e1b3,0.247797648,0.999838501
train,1152,ISIC_0000281.jpg,ISIC_0000281_segmentation.png,55497e7f807484698ea460bf3eb8002a5438e38ca739912a17b17e26d60abff4,0.131271362,0.999989141
train,1153,ISIC_0014911.jpg,ISIC_0014911_segmentation.png,f562ff69e515b0fb58aeef06f86f0ec5f9f8a0b56e31ce1a7d0671d526c75dfe,0.568822225,0.999901510
train,1154,ISIC_0014453.jpg,ISIC_0014453_segmentation.png,7783041da38fb6d39883897374d58e3ccfc20414c214cd4da680ee243914170c,0.093297323,0.999920587
train,1155,ISIC_0002673.jpg,ISIC_0002673_segmentation.png,9e13b0582cf411cea3cb9892b693f353592f97d9e0ec47dd1b7e6a39df304dac,0.219894409,0.999805349
train,1156,ISIC_0014557.jpg,ISIC_0014557_segmentation.png,624ed3ef3125ab472cfed77d716b8be1aa0d24dcde64fbdc948c9d177ff64ee5,0.090098063,0.999935496
train,1157,ISIC_0011132.jpg,ISIC_0011132_segmentation.png,85d98b64ba8d763082246337f93badabbecfee9827521489a19ae3f20c12ca20,0.165639242,0.999749402
train,1158,ISIC_0012217.jpg,ISIC_0012217_segmentation.png,7c6ae177aa28ce5b4effb2d8dcc050498cffda62f1f693fae5f2cc852a8c3c74,0.187810262,0.999844440
train,1159,ISIC_0013052.jpg,ISIC_0013052_segmentation.png,41c41032cc7082248d5d5d3daac269d2e445afba17dc9d53d250b004ece08a93,0.141596476,0.999702978
train,1160,ISIC_0010231.jpg,ISIC_0010231_segmentation.png,ef04a517e93596a2df78015700aaedad9cb7e23bbb8b9d24d7bc21a82b34409f,0.213129679,0.999858824
train,1161,ISIC_0010180.jpg,ISIC_0010180_segmentation.png,6208798cd38985a390b67fbf1fbe2844de0dc54337219d02a727ee815c9e6505,0.223765055,0.999829329
train,1162,ISIC_0010382.jpg,ISIC_0010382_segmentation.png,a8f5a471e953a12af4c5e1a62522c1735307aee88854862e9043f3f11a96f9f4,0.217005412,0.999851013
train,1163,ISIC_0000229.jpg,ISIC_0000229_segmentation.png,42316cae09e893bd031f8d1a6e7547165294960f135add0db53bab7f0a3ce8b2,0.268956502,0.999959580
train,1164,ISIC_0014851.jpg,ISIC_0014851_segmentation.png,89f600deebb5bba67266d13d1d40da2de4746b4dce3cf3913fb21c96519dd9db,0.325307210,0.999942552
train,1165,ISIC_0000099.jpg,ISIC_0000099_segmentation.png,83d5754838c4ffe687bee734ea82735144d9e2c77b7d32b43fd6f5f5af229d52,0.000000000,1.000000000
train,1166,ISIC_0012487.jpg,ISIC_0012487_segmentation.png,d4cbc7a4b0b054dd18ba0f2602f88ab6c769dd2b1f71cec3f7c622610d8a10c8,0.233729045,0.999796910
train,1167,ISIC_0000468.jpg,ISIC_0000468_segmentation.png,6778abf21001e8c730ee97f00cd2666872c67dbde66e3bc093688a38d5497ca3,0.255020142,0.999862999
train,1168,ISIC_0000088.jpg,ISIC_0000088_segmentation.png,f5121b7c30534edd8cfbe104444c2961eb69f9fe0068f5e21b1403d2c48bf0ae,0.000000000,1.000000000
train,1169,ISIC_0014317.jpg,ISIC_0014317_segmentation.png,fec9bdf2df0cd139f5235f3f24565338280cb939ac73dcb13286b6bc7efeecaa,0.116465251,0.999860951
train,1170,ISIC_0013929.jpg,ISIC_0013929_segmentation.png,6e443a62c58bafcad53ebe4ef29d0f853cb5378ebb1fb10396d10a45e7c82254,0.226760864,0.999755197
train,1171,ISIC_0007475.jpg,ISIC_0007475_segmentation.png,0ef6faaf858fa9a0d9694d69561069888bb57f3da4742147308f2b9589135673,0.257451375,0.999901746
train,1172,ISIC_0014778.jpg,ISIC_0014778_segmentation.png,78b1c94edfeddf55c4519d5470de5a99ca51783c7c29b039acd4b4f5e66e902d,0.597300212,0.999831884
train,1173,ISIC_0013819.jpg,ISIC_0013819_segmentation.png,36f8acf1861aa1d08a89191f945846061f91f210f6c7cfadc14582d44dbefb99,0.265075684,0.999806416
train,1174,ISIC_0013844.jpg,ISIC_0013844_segmentation.png,1adfff4d735a24a96617bf013af8af24291e967531850e507db5a2251e0bed71,0.193959554,0.999891163
train,1175,ISIC_0013400.jpg,ISIC_0013400_segmentation.png,52e76b8995caaa9eeb26ad57a8f743dbaa76ef6786a42dbe04495cf812cb83d6,0.211125692,0.999705066
train,1176,ISIC_0014171.jpg,ISIC_0014171_segmentation.png,ca08be686a012b06bac704c6cb90ec044d10baa67205fa595cc35746cf451f69,0.113474528,0.999873571
train,1177,ISIC_0013747.jpg,ISIC_0013747_segmentation.png,de5d452cb0d6d4065ca42891844bbc49117712cee20ad7301270c71f4868b195,0.246480306,0.999701052
train,1178,ISIC_0011135.jpg,ISIC_0011135_segmentation.png,ff8e0923cd30aad69e900c7ab1fa5f8d0f3e2f7e3d3a4702bf9b03c8210bea12,0.254516602,0.999933445
train,1179,ISIC_0012777.jpg,ISIC_0012777_segmentation.png,736a41afe93891c6e0cfb1c0bedc4c8b234785eea566c6f2ca5cb9a5d1536600,0.195053101,0.999789805
train,1180,ISIC_0012998.jpg,ISIC_0012998_segmentation.png,a3a2538b1a637d9e15e9c8cdfadbb462921da9f69e790ba42159b2c81ad33d0a,0.257507324,0.999788411
train,1181,ISIC_0013782.jpg,ISIC_0013782_segmentation.png,4bac20ee708ab2f7fc0ca5eaaee1f5741b74281f48a71d13e2617b49ee333ac1,0.186594645,0.999606208
train,1182,ISIC_0011294.jpg,ISIC_0011294_segmentation.png,03413af867462dfa767ae1097d4e639e351e59caebe9194c3d1498f7abeb24a1,0.296803792,0.999897402
train,1183,ISIC_0000177.jpg,ISIC_0000177_segmentation.png,539c45d48d82d8f71db093599ec112c38f011eacfa44abae1dc45cb393cb199f,0.209584554,0.999944255
train,1184,ISIC_0013001.jpg,ISIC_0013001_segmentation.png,caf7b724a3b37eb11b3261ddef75e5f178c64ddfee718b44f93e7018ecad40c3,0.089635213,0.999892741
train,1185,ISIC_0011359.jpg,ISIC_0011359_segmentation.png,e2a651823a16867ab21dde9bd426d81cdb3ba74f3becf1a7ad904ff3c401c4a6,0.199803670,0.999763407
train,1186,ISIC_0014793.jpg,ISIC_0014793_segmentation.png,b2ec03490ffd90e985e316032b74ba09a6d3669c46bab3fd020d2199d3115a4d,0.472539266,0.999842688
train,1187,ISIC_0013981.jpg,ISIC_0013981_segmentation.png,3360baed491d5f9a47cfcb4cc96845174e7e1539f226248c49b3848ba2f71ce6,0.197311401,0.999814208
train,1188,ISIC_0013288.jpg,ISIC_0013288_segmentation.png,885931810f62e4d6c6752334279e639f81484f6244d500004ade9d95b5891051,0.207936605,0.999872522
train,1189,ISIC_0000496.jpg,ISIC_0000496_segmentation.png,2f5996526a6f8b6afbef094ace079eab1389c3c1bbd10f5b09e3468aa6338fc8,0.201838175,0.999934177
train,1190,ISIC_0012676.jpg,ISIC_0012676_segmentation.png,9d6e67c62f749083916164d5803123a6447029284d2c4ea0e1dccb9fa1a6e56d,0.076772054,0.999929915
train,1191,ISIC_0010182.jpg,ISIC_0010182_segmentation.png,6c05f131f0b9543d671d4e4cf7c1e17a716b125dd0d6eb66a032f33a9e09b35e,0.085978190,0.999893013
train,1192,ISIC_0014802.jpg,ISIC_0014802_segmentation.png,b0a3c3a5ee572b0be94c77a392238eec625bc4c0ff288c256f688f74b1611ede,0.437423706,0.999891021
train,1193,ISIC_0012930.jpg,ISIC_0012930_segmentation.png,d8950e033e4dadf91651b80140a19bb5566ef7039444d8b654542db4d76dd81a,0.160176595,0.999843337
train,1194,ISIC_0010317.jpg,ISIC_0010317_segmentation.png,043fc7b098388dca3be43aed4ae5dbeb08170a81fbcc58783f4050805b400adc,0.230779012,0.999741385
train,1195,ISIC_0014951.jpg,ISIC_0014951_segmentation.png,a9f001199984d444fef99da79f6e2e9a22b6b4a644bd6ff34ea90ba97d5695af,0.493347168,0.999916985
train,1196,ISIC_0012318.jpg,ISIC_0012318_segmentation.png,39f0393e9035e2d5c321c213e80a65396b3bc992f0b5c3374c93a44449e9aead,0.233993530,0.999788414
train,1197,ISIC_0000077.jpg,ISIC_0000077_segmentation.png,a9a5c273c76999e0d907c5612a3cf1cff0a2c25fec0af6a6a39de19c338bf8d1,0.079096476,0.999980736
train,1198,ISIC_0010566.jpg,ISIC_0010566_segmentation.png,f9cfeea3ceeaf264c1457cfad3b0a59bdcf59b06af8d5aa74a378c909cd59cdf,0.158086141,0.999842750
train,1199,ISIC_0000469.jpg,ISIC_0000469_segmentation.png,822041ae220479575ed9ab565e991c1f4668518250e4f6c40b5158259f4f9267,0.337320964,0.999771550
train,1200,ISIC_0010344.jpg,ISIC_0010344_segmentation.png,7c255683532feeb2d19435e572fad170297cce494db76f4f5ea486e43019c26b,0.218399048,0.999871259
train,1201,ISIC_0013053.jpg,ISIC_0013053_segmentation.png,57cca58063bd9bb6ae74ef0b78497ea338ff3324b3f705fe9de320ae757f6125,0.051060994,0.999919284
train,1202,ISIC_0010571.jpg,ISIC_0010571_segmentation.png,61808716d6049bd19fd49f786660e2fd808b910e263bb9b68f200deb882b48f2,0.308049520,0.999919855
train,1203,ISIC_0009902.jpg,ISIC_0009902_segmentation.png,15b15c9635798c3dc8723a31c0dfe0593cd84bd7aaecce75198139a6b47e0f2b,0.209701538,0.999823962
train,1204,ISIC_0000010.jpg,ISIC_0000010_segmentation.png,b34abafba4bb46aa15a0be02a5e1d23db3dc41f99c14b4527698aaf6f51281fa,0.036122640,0.999954990
train,1205,ISIC_0000527.jpg,ISIC_0000527_segmentation.png,776be2e02173e0391257b66c3376c435024ec2cc101fce4b3de45340a8336e21,0.298619588,0.999888980
train,1206,ISIC_0010476.jpg,ISIC_0010476_segmentation.png,a24dd7b4048571b94bc2b381a2ba0fd1024d19f1b118613375d12db396c623de,0.064463298,0.999888008
train,1207,ISIC_0014860.jpg,ISIC_0014860_segmentation.png,96f5d8d1b60ef2ef775a0a4c90d294585512868a413c9feaead3714415c5b8ce,0.450902303,0.999918247
train,1208,ISIC_0011117.jpg,ISIC_0011117_segmentation.png,554b6bb6c8bdeab08c55f057ec247ddf919b980e8a2167394fd3ad613c0611ab,0.142018636,0.999793338
train,1209,ISIC_0009923.jpg,ISIC_0009923_segmentation.png,86243f9ae6d0205a73bd319c9ea060c0cd11ba5da56d1287a29aad881fee33ab,0.159317017,0.999905485
train,1210,ISIC_0000374.jpg,ISIC_0000374_segmentation.png,4a8b21e021ccb07260080b9646741b1fd0fec305e388f73cc6139e95762b12bd,0.000000000,1.000000000
train,1211,ISIC_0000188.jpg,ISIC_0000188_segmentation.png,64797306400a8f01ae0dfb96af7289297970973b09bbe559dd6d66d98b81d132,0.236984253,0.999961437
train,1212,ISIC_0000052.jpg,ISIC_0000052_segmentation.png,00fa5bd48d30b46a4e0841793a51566b4e575e899b46348ca0e0b53bb6e15748,0.123097738,0.999978896
train,1213,ISIC_0012261.jpg,ISIC_0012261_segmentation.png,0c7f691f7f981d4128a4c47077c606222c2493c3733f5f30d8aacc35ae43dda1,0.237655640,0.999620401
train,1214,ISIC_0012550.jpg,ISIC_0012550_segmentation.png,3a83f1a33c78434714a1c571a23a20c872bdfa531219178b9ef9c047269f7a2f,0.161107381,0.999771905
train,1215,ISIC_0014825.jpg,ISIC_0014825_segmentation.png,79c3b2eae6ce7bf50835fe541b82c4e8200fe3ba04110bd73f63d467ebdc8575,0.503107707,0.999922261
train,1216,ISIC_0012665.jpg,ISIC_0012665_segmentation.png,79dea8332ef0cde3ae13dbfd074983ca95b0dbe3dcf4daa4b016308aa4a1cd44,0.084757487,0.999901697
train,1217,ISIC_0011220.jpg,ISIC_0011220_segmentation.png,51d7e9684df4b1ddd45575fb75881c7dfbcdc8e2422e70055706001ab8b9d20b,0.255620321,0.999419468
train,1218,ISIC_0014632.jpg,ISIC_0014632_segmentation.png,c832f909ced74721a64fe9491129f9e542bf7d50801afa2e6bb29568e0e8dbf0,0.212036133,0.999887839
train,1219,ISIC_0002206.jpg,ISIC_0002206_segmentation.png,d49f1396cc6b32fb3493888dac6090a0b825baa9726441bbac94262dd97356d6,0.230189006,0.999680566
train,1220,ISIC_0011082.jpg,ISIC_0011082_segmentation.png,61424342cf035dc9635417b3efccb6ed31d683db490ed97ab4b7ea1d6b9112dc,0.279576619,0.999851460
train,1221,ISIC_0013032.jpg,ISIC_0013032_segmentation.png,8af5fe9be6fdea6408557127fa1429cf3f669eb76c11d032c230fe174c2aed41,0.176020304,0.999812569
train,1222,ISIC_0014589.jpg,ISIC_0014589_segmentation.png,33b45533c53295fc96cdf3e340f0734b5625183d35c315bbf588461a561acfc6,0.160797119,0.999934031
train,1223,ISIC_0012520.jpg,ISIC_0012520_segmentation.png,44051cb34d286490daedc16c21df79c147a6dac6962ccbf148be23af916dd34f,0.157424927,0.999827443
train,1224,ISIC_0010220.jpg,ISIC_0010220_segmentation.png,946e047411625d773b3e3cfec061680086c3bc34cd90e4f49099964435ccdf08,0.117116292,0.999945982
train,1225,ISIC_0010595.jpg,ISIC_0010595_segmentation.png,43c8f083c1f56098d854f79ea5ad240405b6f987d8f5a468b024c8cf6ef3cd98,0.392868042,0.999809384
train,1226,ISIC_0010444.jpg,ISIC_0010444_segmentation.png,a18913d4e333b7ec72c3bb964288bd0f3937a5700a921019e79efbbf48ee18b4,0.029190063,0.999846191
train,1227,ISIC_0012460.jpg,ISIC_0012460_segmentation.png,af1eefaf990b8aa21fbd05fe3b236ba4cc2cb4c53655b5b5b872e0d7fd866ee0,0.155904134,0.999599798
train,1228,ISIC_0013972.jpg,ISIC_0013972_segmentation.png,70f4c680d1ae3a2091493a94959b1a5d3793033421e13e7f23411c80b5d9d7f2,0.231791178,0.999569132
train,1229,ISIC_0012450.jpg,ISIC_0012450_segmentation.png,7cd20740b190164524329c35945573957bdbbae44927f8b4ec92ff92b64873f2,0.253290812,0.999687153
train,1230,ISIC_0000484.jpg,ISIC_0000484_segmentation.png,386893c701da31994271af3d6cdb234037178f01042155a70bafa159b3dad8fd,0.231633504,0.999869888
train,1231,ISIC_0011219.jpg,ISIC_0011219_segmentation.png,d55afd6f315dfe529c371b7c4bed95da311c6b769d750d3e409a09ecb559cdde,0.230550130,0.999834594
train,1232,ISIC_0010320.jpg,ISIC_0010320_segmentation.png,9d50b5bfe0c0ae04bac511b7324f782ec17bc038480937117280f06bd82906ee,0.229039510,0.999963200
train,1233,ISIC_0011088.jpg,ISIC_0011088_segmentation.png,a1bb5e3bf5de85173dd6c6a62f656c73162ba77e50c32e274c27d31fd930eb51,0.246495565,0.999873912
train,1234,ISIC_0014582.jpg,ISIC_0014582_segmentation.png,61c6ca21fe98a3abb2c922bd08fc1e6e2c3b03d384d235b9ec42e62a3bb4480d,0.172932943,0.999934580
train,1235,ISIC_0014811.jpg,ISIC_0014811_segmentation.png,57a4f39988600095ebebb0cc81ba50e12bf2e8a941c71928058ae89af279c313,0.373942057,0.999925480
train,1236,ISIC_0000081.jpg,ISIC_0000081_segmentation.png,05cd6ad52e597f33c282b88b05cb9693c6794643d538fb4dd9a55ab00ae32b56,0.212153117,0.999745883
train,1237,ISIC_0013198.jpg,ISIC_0013198_segmentation.png,ba6ed671f84923356066a6fc336fece50d1fc80470bc8049254af33618e6272f,0.219833374,0.999857285
train,1238,ISIC_0014347.jpg,ISIC_0014347_segmentation.png,c7d81fb4ccbd0c93ea80f090099a29fb156d03fa2477e90997f820371152700f,0.124821981,0.999834705
train,1239,ISIC_0000234.jpg,ISIC_0000234_segmentation.png,188abea77580bd08c1e1cd65d7d55ec62b1ae1e4938321106bd960abdd24741a,0.201288859,0.999957707
train,1240,ISIC_0000407.jpg,ISIC_0000407_segmentation.png,e1ac4ad55f33e4430f3a183e68862fb0dd93dc04af2a9630cc6b68b9bac08b04,0.077641805,0.999922640
train,1241,ISIC_0010062.jpg,ISIC_0010062_segmentation.png,539b63bd950fc5aee2d089964372f6f3d79b1365da1e78b6a6fa595b8d8846dc,0.174814860,0.999906741
train,1242,ISIC_0015189.jpg,ISIC_0015189_segmentation.png,5595e997cc2e53ae3578965c037c7ea23f6da87835fa0cfc773e8b53c740ff0d,0.449935913,0.999835844
train,1243,ISIC_0000349.jpg,ISIC_0000349_segmentation.png,a255f309859886ac41450d2a07b5592f7e1a27556e68519a99a882b1fcd3c8a6,0.000000000,1.000000000
train,1244,ISIC_0010587.jpg,ISIC_0010587_segmentation.png,a1e15c903a7e874b9d3c8fb6a6593815f97e4d06ff6a6c63f02b4fafd2bf00d5,0.130320231,0.999950530
train,1245,ISIC_0010847.jpg,ISIC_0010847_segmentation.png,01ea9755035a50dfdbb8f579dee62168a6e7c8fb41a7c1a738232c50c35a1923,0.329778035,0.999871463
train,1246,ISIC_0013706.jpg,ISIC_0013706_segmentation.png,92131e2dea88290e5986cf1a1ca22ccb4a3fea9954403ceb3cd3011bf3808fc4,0.146357218,0.999755620
train,1247,ISIC_0008403.jpg,ISIC_0008403_segmentation.png,f8d0e46066c60ffaafdd50487f5013fab2861c544527fa640326a207d784beda,0.251408895,0.999911285
train,1248,ISIC_0011353.jpg,ISIC_0011353_segmentation.png,9fdda3ce638c71c8235df10de257919628a66ea2d4de31eb9f5d93130609ad69,0.278310140,0.999685028
train,1249,ISIC_0014127.jpg,ISIC_0014127_segmentation.png,dcbd3c31b9b53b96a88669574e0a77eef802f7c268e11e28e64e937f8cc96afc,0.150741577,0.999827168
validation,0,ISIC_0000520.jpg,ISIC_0000520_segmentation.png,ceec2b020d19c965daf7325218a88653262748d22f72906219f0397f8205c10c,0.157353719,0.999923300
validation,1,ISIC_0011298.jpg,ISIC_0011298_segmentation.png,af517e17ecace7bc5ff1965ab69cc56102845db41a334214de66fc44dea8c55e,0.125376383,0.999948926
validation,2,ISIC_0014554.jpg,ISIC_0014554_segmentation.png,69cdb2cbd4c5f29fea2ee88ab5158959a683e9f2ed22bc10d52c10b3383a7ffe,0.147511800,0.999808408
validation,3,ISIC_0000418.jpg,ISIC_0000418_segmentation.png,60012a9c4fc35aad3d33cb630a2db8ace9f84298ace346bdb01b3381777e87c6,0.104008993,0.999976776
validation,4,ISIC_0010086.jpg,ISIC_0010086_segmentation.png,71cced0023791c74dedb327221afdad77f8c4776752a70fbd9e5c6da6cdad875,0.188903809,0.999898668
validation,5,ISIC_0013201.jpg,ISIC_0013201_segmentation.png,418a57fa4d03f8f718be12921fb3a2973b04170f9379bd9eb49106ef7b8cbd4c,0.234614054,0.999864055
validation,6,ISIC_0014372.jpg,ISIC_0014372_segmentation.png,7b57fc417ffcf3ae21935a9479dad900de64511aee7029dea58771d67cd5d636,0.087056478,0.999960230
validation,7,ISIC_0013685.jpg,ISIC_0013685_segmentation.png,ccab18087c71a47788a8b8e880a08e443c5006a2f029e6629fcb5aaa34de63e1,0.247044881,0.999885492
validation,8,ISIC_0009966.jpg,ISIC_0009966_segmentation.png,874db6202b89e6f7b1bf6b0337c6bbfd8a5082c2ec6d68c5e7e03a542de7f934,0.077306112,0.999956199
validation,9,ISIC_0000075.jpg,ISIC_0000075_segmentation.png,144771fbc2bc862b505743232a2f95138c0832369c05180652a946312899c615,0.228296916,0.999960505
validation,10,ISIC_0014783.jpg,ISIC_0014783_segmentation.png,79f60088eb08dbf90931eac95d835e1cc8c5502098e887d31badfe466c98ea93,0.592941284,0.999875095
validation,11,ISIC_0000181.jpg,ISIC_0000181_segmentation.png,b884168af71cf0a6d263b7d2cd54badcd72604960e1a0f08b49f4b94a5fad63b,0.147618612,0.999969352
validation,12,ISIC_0014248.jpg,ISIC_0014248_segmentation.png,06c7fb49b7b041dc39ade4e7109bd2ff4d2d4d75a237605e344838ee28211951,0.146179199,0.999775197
validation,13,ISIC_0009758.jpg,ISIC_0009758_segmentation.png,d7934c41cf7827815cbdb834789b02d70c486a9ab45218888102a00103a4896f,0.229370117,0.999929862
validation,14,ISIC_0013136.jpg,ISIC_0013136_segmentation.png,1da38bd08075de792d2ebbfd87e3c510e6b9fb80135fb2c6309348ae6421833b,0.291320801,0.999770459
validation,15,ISIC_0012214.jpg,ISIC_0012214_segmentation.png,bf06e9b8cd4e000eb2d1f9d9737c3f61ffe75fb187819ba41ace56c77e0a9d5e,0.197168986,0.999734087
validation,16,ISIC_0010593.jpg,ISIC_0010593_segmentation.png,1e15aabef54ffef7b12afa9a1c6eea0a9eb9adafb74d8ab9d7d128eacab87c13,0.198135376,0.999798917
validation,17,ISIC_0014612.jpg,ISIC_0014612_segmentation.png,dbd154e6b3df53a86623649b35cf1f7b487b99eac0cde777600ae4dcabe8c62c,0.165898641,0.999923531
validation,18,ISIC_0014745.jpg,ISIC_0014745_segmentation.png,97b657c6b9c6acc7f50ae7d51fc2e5fe43bd59b9b5e7ace382563ee731b6b130,0.773844401,0.999774877
validation,19,ISIC_0000247.jpg,ISIC_0000247_segmentation.png,705c586ab491225e4142ec58c9e918d0aa7d7a5a575f91c5061aa670e5b8a31f,0.086659749,0.999982707
validation,20,ISIC_0014032.jpg,ISIC_0014032_segmentation.png,78939c7512a882d97dfed08aa0ba805df6a947edd876d990608ee902bc335c27,0.238388062,0.999670356
validation,21,ISIC_0012233.jpg,ISIC_0012233_segmentation.png,81ab5aeacfd9fd34bd5a5caae23e8607cd1ede7695811442cac71d57c0ceb0f0,0.192321777,0.999740261
validation,22,ISIC_0013634.jpg,ISIC_0013634_segmentation.png,baf1cc9b1593540f8bd6fb0f2ba7c1ee0052f77b49d447d73b0f3ee2fc561027,0.236358643,0.999705631
validation,23,ISIC_0008236.jpg,ISIC_0008236_segmentation.png,1cd1e0cf37836751ae48561d88c1accb0a5d98fe1520b067e79f4f880aebaaab,0.146916707,0.999887421
validation,24,ISIC_0012987.jpg,ISIC_0012987_segmentation.png,97a7bbc9aa58f96db3668312b7dc122ac2c39810c90e228b0d74c76230bd3fc9,0.166081746,0.999806146
validation,25,ISIC_0014723.jpg,ISIC_0014723_segmentation.png,e35dadfde399ebddefc979a3ad7c93d5a2035d2cb3f51dcae63494292faaaecd,0.463460286,0.999903066
validation,26,ISIC_0013140.jpg,ISIC_0013140_segmentation.png,8f96d8f3d87dec6c3ed449dfa1e5bac7cb218dc999353d6585edf68abb984c79,0.150731405,0.999835164
validation,27,ISIC_0010219.jpg,ISIC_0010219_segmentation.png,edfcac77b4ef76e297fafbe637a098410ed03e28d0db8454b01bc8a8846ae09b,0.164627075,0.999549438
validation,28,ISIC_0000329.jpg,ISIC_0000329_segmentation.png,c233ea6336d0f68f14ba6f148a314559d2e3f8527c8b5fd9447a50276875da48,0.000000000,1.000000000
validation,29,ISIC_0000211.jpg,ISIC_0000211_segmentation.png,2146b7125443cb512d21427c2a5b8a97a874a1d4621f1a0146390a29c764c304,0.221216838,0.999946118
validation,30,ISIC_0010087.jpg,ISIC_0010087_segmentation.png,3d8c2029e600e1dac142d88469222d5ceae20c2947da764e6f9ca931b78f907b,0.069610596,0.999822271
validation,31,ISIC_0000101.jpg,ISIC_0000101_segmentation.png,18aa2b3af346892d42c33f60885c67f2b1e5d002c3e819aa233d36c8095aaadb,0.107879639,0.999984694
validation,32,ISIC_0014913.jpg,ISIC_0014913_segmentation.png,0df4eaa67e21e12bfb1d264ea94c57ded256320dd528049c9f3109e685f71ff7,0.586944580,0.999881341
validation,33,ISIC_0010585.jpg,ISIC_0010585_segmentation.png,073a271aad082592b3c1f55a679635af058d478113de5a068f8ff240fdfda488,0.141708374,0.999942062
validation,34,ISIC_0000255.jpg,ISIC_0000255_segmentation.png,8898b414634c8acaf05253fdd6482e8eb624e9b4c8e2fffbcdbea1b63dd562ba,0.095952352,0.999973178
validation,35,ISIC_0012309.jpg,ISIC_0012309_segmentation.png,fe7d2d71118648cee24711820760f29ca08047e9afda8dda84e94fa5f4f224ab,0.202356974,0.999747949
validation,36,ISIC_0001134.jpg,ISIC_0001134_segmentation.png,019c92d700ee88df6c77faea2f7f560898fc4d4ea2d9238ae864dd7d013ec7ac,0.097651164,0.999796711
validation,37,ISIC_0013424.jpg,ISIC_0013424_segmentation.png,4097b08446919ec48f82316b28d9a984098c53c06734e89e975cd8b9e5a26851,0.213541667,0.999706217
validation,38,ISIC_0002353.jpg,ISIC_0002353_segmentation.png,a6f37c6da293d8d6a733a49cb6f5ac30bc8cf9a2aa018536c0a0e63b1854204f,0.307037354,0.999896797
validation,39,ISIC_0009297.jpg,ISIC_0009297_segmentation.png,f0293b27d84f7aa0c3b97ac2e82c593676df8cfcd0aa9aaf48b0b9369323e66f,0.202087402,0.999833365
validation,40,ISIC_0000151.jpg,ISIC_0000151_segmentation.png,9ae25d0fd5793267056070ad96beb92fbca051f5c1ef15987426eb47a4f6b84f,0.204569499,0.999903487
validation,41,ISIC_0000146.jpg,ISIC_0000146_segmentation.png,514148862534268da07c0b511e4b6c8b8a227c52e27877859772326bcbd7d309,0.192016602,0.999974104
validation,42,ISIC_0014821.jpg,ISIC_0014821_segmentation.png,8d189b65a6743e24b8cc829ee75bc1db5a0a281d420075f6a397e3ef37fe2185,0.328470866,0.999884862
validation,43,ISIC_0012663.jpg,ISIC_0012663_segmentation.png,b1ac54cd61a3c0d9b3ca1f33d1d86744f8446e8cb06e563123987b4452d37b2a,0.126322428,0.999876942
validation,44,ISIC_0010168.jpg,ISIC_0010168_segmentation.png,b44cbaeb37d224a98ea96163c7baf279dd6410567d8c8db41f543bd47da5d8d3,0.109771729,0.999962301
validation,45,ISIC_0010044.jpg,ISIC_0010044_segmentation.png,236dd2d71715ee6526a89c78e6ffed2b999585599a723e7db6b2a271dff33290,0.204905192,0.999889956
validation,46,ISIC_0012700.jpg,ISIC_0012700_segmentation.png,1778f032663df57ad4932049e6f8f793f9fb1e4810ed69abb3b8c4a36cdb6b43,0.192021688,0.999752083
validation,47,ISIC_0000167.jpg,ISIC_0000167_segmentation.png,07c9b175fd3e249dc115f70bc204429fe32e5cbbc34b8bcca6266787b0d9c603,0.391565959,0.999878623
validation,48,ISIC_0014174.jpg,ISIC_0014174_segmentation.png,4c2784eb6f0ffdf04386cd24bc7b9a4c126353bf6a4162f6d02828bfc04041fc,0.152638753,0.999790629
validation,49,ISIC_0014238.jpg,ISIC_0014238_segmentation.png,0d57b00afb0f5b9f90e463e0bbc8b70e15ef9e860070d8e1460f79a5c38d1f2a,0.130701701,0.999799910
validation,50,ISIC_0000179.jpg,ISIC_0000179_segmentation.png,4f4cabafb7c41b48962a3e842d366cb0837741daae6f3506aea2873e2d87ba03,0.219629924,0.999955668
validation,51,ISIC_0010051.jpg,ISIC_0010051_segmentation.png,6ae73dbd985037c67dcdd08739aa4f8d247dae8a94b41a35e9a322316f971455,0.249674479,0.999721312
validation,52,ISIC_0012227.jpg,ISIC_0012227_segmentation.png,fd96b9fef3f6e27550994240849bcc4346f1af5788bca0ac33cdddb140ea6712,0.167424520,0.999863896
validation,53,ISIC_0010241.jpg,ISIC_0010241_segmentation.png,8bf5b75b87b9b5e0ac3b8aac72794e036574389a6f93cce0452e9ea78116a472,0.152180990,0.999757151
validation,54,ISIC_0015153.jpg,ISIC_0015153_segmentation.png,39d11337c2e5ae8f78a0689de7725e5c68c55a2022d4cb2ca72d4da4934f15b1,0.472915649,0.999890621
validation,55,ISIC_0014812.jpg,ISIC_0014812_segmentation.png,beb1e8ca53146ea07122d97dc589f35f8edcb856d86a73f74000272ee194b932,0.427922567,0.999853423
validation,56,ISIC_0000282.jpg,ISIC_0000282_segmentation.png,18398b3826a055e45425359edba3a109f17e88506dbcf1901e1bf529f8d6d143,0.087300618,0.999990569
validation,57,ISIC_0000062.jpg,ISIC_0000062_segmentation.png,47faa7e321b58af6b608044034ceca0616bfbaaf84f87f7d41abe2c9ccd1f4c8,0.119471232,0.999918126
validation,58,ISIC_0012155.jpg,ISIC_0012155_segmentation.png,7fc50ab346e78fd528264476723ad57dc30353e9aba02d9c748a1c24566c11ef,0.212437948,0.999865496
validation,59,ISIC_0000157.jpg,ISIC_0000157_segmentation.png,359c947d785b0e4ae044ec5aea393a3632307105a25a0d34d055fff201d05189,0.194814046,0.999951572
validation,60,ISIC_0009872.jpg,ISIC_0009872_segmentation.png,4800b581b389e12e7e96a9511bf903d18be8fb32080b7e58bef9c6e11f73868a,0.196050008,0.999808352
validation,61,ISIC_0005666.jpg,ISIC_0005666_segmentation.png,7cbbf63783bbad99602a28136b0d07512df73637f44cb7199fac083f8125ceab,0.273783366,0.999923809
validation,62,ISIC_0014490.jpg,ISIC_0014490_segmentation.png,9a698a77119b8b879444df2edbd3e410ea84afa8218e3c758d0b0cb571a8e3f1,0.099512736,0.999871535
validation,63,ISIC_0000269.jpg,ISIC_0000269_segmentation.png,86624512a243efffae34d2d0c76892c44a7b49c6469636ab4201765e5d3d6fd8,0.128575643,0.999978382
validation,64,ISIC_0015295.jpg,ISIC_0015295_segmentation.png,ab2305285dd81fb4a34c28f8e4f4d84329376cfd0c387b62dd28dedd373f530b,0.792526245,0.999741743
validation,65,ISIC_0000358.jpg,ISIC_0000358_segmentation.png,64855c58f87f8867f2825f600311cf8e3ec29f87043853f292bafaebbf5d752d,0.000000000,1.000000000
validation,66,ISIC_0000109.jpg,ISIC_0000109_segmentation.png,b8f99fc8dae8a17832f0b96a9d1eda1964cd58ae24a4de79b22ce962f6dd3d4a,0.211486816,0.999948537
validation,67,ISIC_0000046.jpg,ISIC_0000046_segmentation.png,48506370e7f2340405467cc03d2f7d0ea183f004f7ae36af3ab7d7eb2cb25c12,0.167078654,0.999947193
validation,68,ISIC_0011203.jpg,ISIC_0011203_segmentation.png,4d3296b3495eaf3a8f03013b6c3e9da8f8f3dd5e8b0433595af4b7c0f3705e34,0.256601969,0.999921265
validation,69,ISIC_0000456.jpg,ISIC_0000456_segmentation.png,81e7b392008f5e306d0d62f64e77e9cf2862986f679b2c56a2218c7768832722,0.108093262,0.999864902
validation,70,ISIC_0000213.jpg,ISIC_0000213_segmentation.png,953afd0fad0f77118d4a1aa12f1b5081b4362c6602c45b6d2f89fcf06afd06bf,0.202646891,0.999965276
validation,71,ISIC_0000161.jpg,ISIC_0000161_segmentation.png,5831950c1b7c5876ce68c0563aa08fdb2dffd1532e9c6e9044a7c6765ef465f8,0.259363810,0.999972585
validation,72,ISIC_0014607.jpg,ISIC_0014607_segmentation.png,3a4f43053959b1eb927b5ec2d48ba3c664034b09ba54da1d0219c02b5ba0cd1a,0.090682983,0.999967528
validation,73,ISIC_0014930.jpg,ISIC_0014930_segmentation.png,36ef3501db7e292ec5ba2781921645849233634202d9edd98e183738c10ed21f,0.658218384,0.999857253
validation,74,ISIC_0009914.jpg,ISIC_0009914_segmentation.png,dc7af1a92e642527a13ffd9428ea6f879f859e5443e78e058079e77d9336914a,0.131296794,0.999934690
validation,75,ISIC_0010104.jpg,ISIC_0010104_segmentation.png,68e124f04752d07210c5959c520d02ce734d9c23a717c5c99862d57077383a6f,0.235905965,0.999833199
validation,76,ISIC_0013433.jpg,ISIC_0013433_segmentation.png,208863fcef4d15042fead1f959f4ca383ae6e98a1fd748793740cd2eaa239961,0.185511271,0.999853859
validation,77,ISIC_0007693.jpg,ISIC_0007693_segmentation.png,16fe85256208134787d9e597c874b92075127ffb6251a1deeceea4659d7d6203,0.274556478,0.999165739
validation,78,ISIC_0014724.jpg,ISIC_0014724_segmentation.png,7a6751f4c2aec5c10a7b3550175f5bb0f59ea33463e75a81785fd463063b2c8e,0.375310262,0.999928688
validation,79,ISIC_0014890.jpg,ISIC_0014890_segmentation.png,4323e0955c6dfb8de61710d5bf503eba3f7a956e2f5c42417639ba8784471366,0.493214925,0.999903838
validation,80,ISIC_0002488.jpg,ISIC_0002488_segmentation.png,ad4ba7f9c900e980e3aa8e0aec2059581c46bf333f46533876db91ef115a5666,0.314549764,0.999730946
validation,81,ISIC_0013155.jpg,ISIC_0013155_segmentation.png,1a614d8689f24a30feca904fd9b91df8e3d331b2dbc225352433239bbe13e759,0.163813273,0.999620777
validation,82,ISIC_0014922.jpg,ISIC_0014922_segmentation.png,adaa8d608e1eda114c1bf1d9509fb546cf3d4c97354c2969979338aa9adfbea5,0.615753174,0.999865772
validation,83,ISIC_0008807.jpg,ISIC_0008807_segmentation.png,c4a7690d255226caa8ea65629700afb6386eaaae9dbbe4f97229c2c2578e6d0a,0.169692993,0.999858763
validation,84,ISIC_0010074.jpg,ISIC_0010074_segmentation.png,2ed7a990ce7ae1417921da483d637d2064ddca249987b189ec085cbc84d7759b,0.221995036,0.999775066
validation,85,ISIC_0010063.jpg,ISIC_0010063_segmentation.png,c9ac2f315bbd465f803b2b479b9e7a961e2e043b05458c0723e443495c3f870e,0.260548910,0.999943682
validation,86,ISIC_0013689.jpg,ISIC_0013689_segmentation.png,e755cae41934553284cba2f6961209dfeffa640f36d84a2e3b9adc0c2c56d190,0.176228841,0.999857082
validation,87,ISIC_0013181.jpg,ISIC_0013181_segmentation.png,2429f09a448653be93bbe35bc57c78f43063452f941095c8bcd65004cca8d884,0.230016073,0.999895006
validation,88,ISIC_0012311.jpg,ISIC_0012311_segmentation.png,1848be3a0cae8fc3d6b956bff275025f4a6ca9dff5427a7b720eeda38ee8ffbe,0.138529460,0.999626390
validation,89,ISIC_0012711.jpg,ISIC_0012711_segmentation.png,adff24237db61b4251f9b248194318ebe4f6e924d2f86b28e4e165ec85dde090,0.149261475,0.999617341
validation,90,ISIC_0009884.jpg,ISIC_0009884_segmentation.png,b0b8a604fc3807bdfedf848c1e64856f62717f4a5e7f461090e1bf14e174ef04,0.104436239,0.999880504
validation,91,ISIC_0009869.jpg,ISIC_0009869_segmentation.png,8b2973f3934c33af64b6ce2b73f1c33430d26a24846dcc37567b9023affb98cd,0.171356201,0.999781448
validation,92,ISIC_0014585.jpg,ISIC_0014585_segmentation.png,bd72b4ba4a45a1c7e3d536654247be0d43ae7b821422f0b438f5608b03ea4854,0.109705607,0.999950381
validation,93,ISIC_0013315.jpg,ISIC_0013315_segmentation.png,aa981155b58ba4b874177f5922bff62b8d573b84eeb79f0a190ff42c3217e133,0.289810181,0.999875469
validation,94,ISIC_0000145.jpg,ISIC_0000145_segmentation.png,48fcae3e5739b75a6b08252e55a6e5ca33dfba747f18c1acc6a679437ac31d64,0.187622070,0.999978524
validation,95,ISIC_0013719.jpg,ISIC_0013719_segmentation.png,c32e83047ec00ba598206c807838a3af4cc4ea1dd6054e82e1e0995f9c32f8d5,0.154515584,0.999750480
validation,96,ISIC_0000225.jpg,ISIC_0000225_segmentation.png,98e14d326c29419425dc8f252aa02806f5a105d6111a887ff9b9f2f06fca82b7,0.209014893,0.999950566
validation,97,ISIC_0012871.jpg,ISIC_0012871_segmentation.png,893c8dc1874d5798f206b61ee4f634f42d1344b3ac1851976ca92c918fe2b539,0.093882243,0.999804159
validation,98,ISIC_0012662.jpg,ISIC_0012662_segmentation.png,f0776532116254cdbddb40b39238a297cee727f1b2e178e6172273db8a7b95c1,0.102035522,0.999881837
validation,99,ISIC_0011304.jpg,ISIC_0011304_segmentation.png,38cbb7bab7245c1c8aeab88af38aee80db2ec8da83cdd79a59f417d85c2a4372,0.309417725,0.999782763
validation,100,ISIC_0014286.jpg,ISIC_0014286_segmentation.png,b0156d3684549fd4c6836b16852c0ecdbb612c79843936af6295fb63aebfcd1a,0.165786743,0.999502936
validation,101,ISIC_0010229.jpg,ISIC_0010229_segmentation.png,c33c5908761651658ebb6df516da09e777f088e4e7ba05955db9320e64323dca,0.122024536,0.999942666
validation,102,ISIC_0012702.jpg,ISIC_0012702_segmentation.png,ec6bd04973627a4386520a73861d267c327ce9af64e9ef87821e22a108598d0c,0.223363241,0.999867057
validation,103,ISIC_0000197.jpg,ISIC_0000197_segmentation.png,b8d7fe7b800ccfd97900e862b489a6dc5ae9f2120c0f31d16afe7cdbc1351446,0.192749023,0.999962891
validation,104,ISIC_0012459.jpg,ISIC_0012459_segmentation.png,3a2f833ad277fb23e568f40a4a81be440873467c35c9dc2dcbea1094b8617808,0.106155396,0.999909799
validation,105,ISIC_0012523.jpg,ISIC_0012523_segmentation.png,b25a74b0a33c0ec08ae2cb307c1bd74533928c13b8f9a21ecee307db4090a56a,0.117609660,0.999885196
validation,106,ISIC_0013190.jpg,ISIC_0013190_segmentation.png,ada87430d84f18ec4f9e32ab73ee8d952fc394cdf8b0fbfe6103fc02da5d7018,0.364283244,0.999520743
validation,107,ISIC_0014486.jpg,ISIC_0014486_segmentation.png,7b97e1b57a2bbd4a84236fa8d538e5c87647be34fc36056cc0e8c858548cc9fc,0.149490356,0.999768065
validation,108,ISIC_0002469.jpg,ISIC_0002469_segmentation.png,ef8e9989be6db43f6737d9e44f39d8413462d845c81466036adabd8fc1c7733c,0.253774007,0.999890221
validation,109,ISIC_0012339.jpg,ISIC_0012339_segmentation.png,bad3796e39efdf6b3ea3f076e54856a2b132b5f536ce771f9e9deb513f937eaf,0.262751261,0.999878024
validation,110,ISIC_0009533.jpg,ISIC_0009533_segmentation.png,00a3e9f14938668e6e37cee96ce2b0122cace801c499771fe9114e58b4609da3,0.199284871,0.999836103
validation,111,ISIC_0012521.jpg,ISIC_0012521_segmentation.png,97eb082af69d08badcf11f381efe086efd1ba1e22785e0a08b488440c7547d72,0.138605754,0.999805897
validation,112,ISIC_0000006.jpg,ISIC_0000006_segmentation.png,660febdb8b512f96461b868c9693cef65067c2877a422b91a48eb37780f15848,0.197789510,0.999910077
validation,113,ISIC_0014726.jpg,ISIC_0014726_segmentation.png,f008ef84fd621a7cbdc6c5b53826d021e9755f6d6aaec73e96df322ece3cce3e,0.368606567,0.999925126
validation,114,ISIC_0013682.jpg,ISIC_0013682_segmentation.png,fb072cdbd176d60f41360880133aec6913610e0964056b057a8f2499aae27b30,0.229431152,0.999807326
validation,115,ISIC_0012475.jpg,ISIC_0012475_segmentation.png,2d0be3bfe4c867cc73d4c9370ec5202e7cc29d6976e9fcf3afb1f85363ee758d,0.142669678,0.999909834
validation,116,ISIC_0013027.jpg,ISIC_0013027_segmentation.png,945021f4426ef35b62802028a7d854024e7969649beac8f6238c34ea37bb0982,0.154037476,0.999809666
validation,117,ISIC_0011098.jpg,ISIC_0011098_segmentation.png,c53abb6dadf7c79f68e9f4fc72892e04f4db75e6653e918ba57cc940a77ca1d5,0.335688273,0.999849463
validation,118,ISIC_0009898.jpg,ISIC_0009898_segmentation.png,e1ce2b3b1fb89372280f75a7cbdf3024429aea1963f13c08b8f644d25e973bf4,0.165298462,0.999912405
validation,119,ISIC_0014850.jpg,ISIC_0014850_segmentation.png,dae6d4db473907c0ccc6e49b82f5c7b1764276c6f2751b039b2a0ef391214bc8,0.309539795,0.999940300
validation,120,ISIC_0011317.jpg,ISIC_0011317_segmentation.png,b7cdcdb57654e2468b61c01e94d6989f8dc724de6d82c24f1712cd72117b323f,0.235310872,0.999760222
validation,121,ISIC_0000122.jpg,ISIC_0000122_segmentation.png,d3c602ed36dbfa7c7bd70fcafabecbcde2ef30014d5d2d5aeaa1a0d41ab1fa4c,0.000000000,1.000000000
validation,122,ISIC_0013553.jpg,ISIC_0013553_segmentation.png,d381ffd8e4af261c50a81f6b2c7e69c827018ff96740dd039ba94b07649197a1,0.230183919,0.999859292
validation,123,ISIC_0011144.jpg,ISIC_0011144_segmentation.png,afdaa5f7e277d69c956c1176512cffa53c1f95e85bddaeeeb289900ae69c42e7,0.412602743,0.999739405
validation,124,ISIC_0000488.jpg,ISIC_0000488_segmentation.png,67cc8fe806f6c11ba8decc31fe71fd69c25e7f27e7edc750f9df94fd07962ba4,0.284652710,0.999774326
validation,125,ISIC_0013177.jpg,ISIC_0013177_segmentation.png,c5b57c2cc61502c9093a4b196da65d7344d5f7ea5875709b25d25a9e011929ac,0.232386271,0.999847362
validation,126,ISIC_0014169.jpg,ISIC_0014169_segmentation.png,b7d250f4a052122b4bc842efc57453a4cebb4ebbee485cbbe4004c491b964f00,0.149703979,0.999699824
validation,127,ISIC_0014823.jpg,ISIC_0014823_segmentation.png,4f6c67f225482099b0671bfbd7802b896a880d723aeed9fcc8e418393abf3fa2,0.391016642,0.999855820
validation,128,ISIC_0014545.jpg,ISIC_0014545_segmentation.png,341a834d708a48d1cf5aaae49ce1947700502d76847ba956988dfe046d26b24e,0.118555705,0.999884059
validation,129,ISIC_0010202.jpg,ISIC_0010202_segmentation.png,d6a8d0dce7ebc4eca1894ece2d0e8adba9dd5bbc22ea1a0ff4e3a407b5b3d618,0.145614624,0.999968640
validation,130,ISIC_0000364.jpg,ISIC_0000364_segmentation.png,e7c21f28121c74fa2115ee6225b4fcb509f4af1ecb633e7bae53d562d9809fe5,0.000000000,1.000000000
validation,131,ISIC_0000190.jpg,ISIC_0000190_segmentation.png,155a4d01c17e4eb6a06585551ccca25655e333af1f70606477da0078140d42a6,0.241139730,0.999963321
validation,132,ISIC_0003346.jpg,ISIC_0003346_segmentation.png,0ebe72b6b0a691f7f2600c9012d94f6e5575099757063238091c41c1e5402f7d,0.170496623,0.999939140
validation,133,ISIC_0015204.jpg,ISIC_0015204_segmentation.png,bca3ae6d1e9d3834eb4a7dc72c3eaaf31b10e7bc27ab19a8f893850209ef0469,0.381144206,0.999839915
validation,134,ISIC_0013248.jpg,ISIC_0013248_segmentation.png,4d5abfa69c0999520284cbbd8094f5afb4f33e3438c7f698042ec1bd0da01907,0.064244588,0.999890827
validation,135,ISIC_0000547.jpg,ISIC_0000547_segmentation.png,259d20d55fb1f778993029f5f7e197e9245253df8b1d233399be6ceadeafcafa,0.153839111,0.999894537
validation,136,ISIC_0013213.jpg,ISIC_0013213_segmentation.png,452ccf456f9d1c2a8b954850647d0924cb279bbed6e0cab04d11767abb47dd18,0.216440837,0.999745576
validation,137,ISIC_0012690.jpg,ISIC_0012690_segmentation.png,fe2364d82d4652d21243a4a27d705a22e905dc8ed389fdfd543b8c5470055ef3,0.187082926,0.999646664
validation,138,ISIC_0008993.jpg,ISIC_0008993_segmentation.png,0fdb9200328f859e2d958907ee0337648a04bfc2bf25b8323d0843c26b1a7dea,0.298833211,0.999722462
validation,139,ISIC_0012699.jpg,ISIC_0012699_segmentation.png,3c5ad01acc08a29390e23e92321bf9df6d3259c40ca57772f59ed15c70c043d5,0.204396566,0.999666964
validation,140,ISIC_0014469.jpg,ISIC_0014469_segmentation.png,a4ad88f4adabb8cd745e1c652dbfee42f489554821f799e1d65a26ce7df0d680,0.081024170,0.999942368
validation,141,ISIC_0014308.jpg,ISIC_0014308_segmentation.png,b90479e0d16af81c01be381bacaf7312347ebf13330b65ecdf3414c976d528f7,0.094121297,0.999942923
validation,142,ISIC_0013409.jpg,ISIC_0013409_segmentation.png,c1123e9ef2e5286ee749975c4c76ae2158427e8cb27ee0334a8d1efde9008c02,0.270055135,0.999510402
validation,143,ISIC_0010575.jpg,ISIC_0010575_segmentation.png,bbf320e2bf3b0409e6a7f94e23ad45f53147e16cc2fc9e152827ea514fdcfbe6,0.140136719,0.999937747
validation,144,ISIC_0010191.jpg,ISIC_0010191_segmentation.png,49e16845b6a5cd9198e4964f510e7b47aec67921763d0e6d5bce6f8718637029,0.206293742,0.999926484
validation,145,ISIC_0013886.jpg,ISIC_0013886_segmentation.png,b794d41e53403545349568529991553768c9cf2c663fb105e389dffe276ea700,0.231836955,0.999814297
validation,146,ISIC_0013403.jpg,ISIC_0013403_segmentation.png,da374d198f5983324b126b3efc33e0928c0cd1f89d7287cab74b7a71f7a98145,0.195129395,0.999816893
validation,147,ISIC_0000239.jpg,ISIC_0000239_segmentation.png,d71a7377da377f2fae766fccae6a81dde152764a2710d890d751beddea118314,0.079996745,0.999994967
validation,148,ISIC_0013204.jpg,ISIC_0013204_segmentation.png,d4f4161da5e65f8678f629d03f8cc2f003b1c4c5f514c6f6935f3840f7bf6e1b,0.190343221,0.999811753
validation,149,ISIC_0009931.jpg,ISIC_0009931_segmentation.png,48f1e8009dc5c9a1bffcb1812af25e60896d316317e702715c315a361e7e10af,0.211146037,0.999936231
test,0,ISIC_0000031.jpg,ISIC_0000031_segmentation.png,10d0de71e93acc772d1f24450600da410636ee32a73c7c0b8809f49cf55fb52c,0.146163940,0.999970154
test,1,ISIC_0000321.jpg,ISIC_0000321_segmentation.png,69ff973b4e38946f39bd0de8584845df2d6217b110af7c9c3240db2cbe60db51,0.000000000,1.000000000
test,2,ISIC_0014083.jpg,ISIC_0014083_segmentation.png,9cbdb651799d98533ed28ea4220556cf17090c02c7823a65d4a09defdc89ca2f,0.117273966,0.999867865
test,3,ISIC_0011217.jpg,ISIC_0011217_segmentation.png,d720f0bd8991919aa1d3d6ecfe4499d959e66d4cd8bcb4ff3e966f4cb4dc7bea,0.208989461,0.999835604
test,4,ISIC_0014903.jpg,ISIC_0014903_segmentation.png,0f4dd3abf20a1c81abcd3f1d139effc5d83b4616bab24ccd64736ca304fa3145,0.349685669,0.999933651
test,5,ISIC_0014708.jpg,ISIC_0014708_segmentation.png,42d9b9a75a5f06b5e0ebac0ece09d3a4fa6c494d10456f2d8c67a3a1bc57b650,0.590688070,0.999857244
test,6,ISIC_0010046.jpg,ISIC_0010046_segmentation.png,50b67d7efb544e239452811cc2250e1cba7def7e3b197b36deed78362dc4debc,0.212346395,0.999894699
test,7,ISIC_0012706.jpg,ISIC_0012706_segmentation.png,7e85fa349f0db36fdee4268cf1edd211771eceb0b64220f3eb7b15572a310a59,0.297083537,0.999664710
test,8,ISIC_0014808.jpg,ISIC_0014808_segmentation.png,38449f67a3111dfd5e7289bf200c5c03eb127b7ff9dae7807264b095b8fd0e16,0.457814535,0.999922259
test,9,ISIC_0011367.jpg,ISIC_0011367_segmentation.png,1cb06fad52da5d9c0441e42490a340295f11a45638e2efd0d48974dad0eea02a,0.151138306,0.999684544
test,10,ISIC_0010067.jpg,ISIC_0010067_segmentation.png,cbd7dc92dfa6a5fd3a6eee6ae32c7b749564a66e7a903e1df7f36395e49ccfc7,0.195343018,0.999873885
test,11,ISIC_0013007.jpg,ISIC_0013007_segmentation.png,e4b32377fbc1531669111520890309bb43146a98e74361d9a5985383830aa03c,0.218846639,0.999842103
test,12,ISIC_0010370.jpg,ISIC_0010370_segmentation.png,06be4a36f40b5f418d24d270271a4065733eea68ac62ba546333b7f3adae799f,0.403915405,0.999648048
test,13,ISIC_0013765.jpg,ISIC_0013765_segmentation.png,260527250775e8c04ba1bfed0bf0a874de6a1ae70debc9e4e376cca46a18d7c2,0.219350179,0.999853176
test,14,ISIC_0014190.jpg,ISIC_0014190_segmentation.png,cd36ce9ac19f25d4beeaae31fc30658c03beddd5fa9cd6bcb8e98be6d705189f,0.099863688,0.999938625
test,15,ISIC_0000434.jpg,ISIC_0000434_segmentation.png,e0f508621d67e51c72c23902df03e2cf8a9d3636f8c9331fb9db90db8b80b284,0.109461466,0.999950250
test,16,ISIC_0000510.jpg,ISIC_0000510_segmentation.png,626642bf621bb9bab75e8c56d82b6200665ea134f353f1bdf69bb7f393e213e4,0.311676025,0.999896619
test,17,ISIC_0012285.jpg,ISIC_0012285_segmentation.png,4af26cea6693759235fafa438073f84a57e5eb2f60203d4fb07c74bb791bcdb6,0.235015869,0.999961217
test,18,ISIC_0000071.jpg,ISIC_0000071_segmentation.png,e188221bf4244e2fd06b16cec7445c40bd49174bf02575fe543b4e6da66377da,0.066691081,0.999992686
test,19,ISIC_0000554.jpg,ISIC_0000554_segmentation.png,b80297a764c2e778f4f60f98ab1f527b59d119b6ecba623a18088cfe10318553,0.186884562,0.999907646
test,20,ISIC_0000392.jpg,ISIC_0000392_segmentation.png,9a25ce9e4c42fa9fdd684d6afe82d554bd29bb9d8551f7095741698524e3fc97,0.071772257,0.999854406
test,21,ISIC_0001133.jpg,ISIC_0001133_segmentation.png,e95fd706541e1eaf8cc993365a9c37cc2607555521dc095ce3a793ef9b3d62e7,0.126215617,0.999982464
test,22,ISIC_0014578.jpg,ISIC_0014578_segmentation.png,afc53e74d2b8c6bbd468759d22e3e68a613fa7cb2f411c3ca1963a2146ff15e3,0.075795492,0.999977350
test,23,ISIC_0014525.jpg,ISIC_0014525_segmentation.png,e504d7f4d5f432396f4d6165881e26234cf92358ff60b5b859e67494a784737e,0.150324504,0.999811197
test,24,ISIC_0012338.jpg,ISIC_0012338_segmentation.png,5649ad92a2ce90bbd3a118d5e3f84df32329fabc095d01dcd910b1af9a99a984,0.212036133,0.999323539
test,25,ISIC_0013065.jpg,ISIC_0013065_segmentation.png,452facb4abf727732c105f0b01a060446e9c9c5dc76f8209350348ea900b82b4,0.148610433,0.999776649
test,26,ISIC_0011164.jpg,ISIC_0011164_segmentation.png,cb0177472a345c9ab18bcd648c0a797802feee8918aada92cdd30fcaba56c725,0.241419474,0.999766608
test,27,ISIC_0012332.jpg,ISIC_0012332_segmentation.png,3c2f85673ccb36d3049bce61e2222f9f905e7693de473d6bcc44cae6bc24d510,0.126673381,0.999876839
test,28,ISIC_0000523.jpg,ISIC_0000523_segmentation.png,b2b224fe0ee121eccce6846f164c88630d2d359dfa0b2c03e3ba4793fa8ee2d0,0.251978556,0.999785672
test,29,ISIC_0010435.jpg,ISIC_0010435_segmentation.png,48fb1e4a3c8ac4873ed49023b1f4c74356d7f67611ff2ca85d2eb4f46769a553,0.319025675,0.999772892
test,30,ISIC_0000201.jpg,ISIC_0000201_segmentation.png,15cd07aad6aa2960283c51377a854e463bbb552ca0086d1daa0dbe3f21ced37d,0.212687174,0.999960163
test,31,ISIC_0002374.jpg,ISIC_0002374_segmentation.png,a55fded27093b5ea5c969145db6bb017e2959b7fd57a9c15aba956c15ceb34b3,0.238057454,0.999919684
test,32,ISIC_0000029.jpg,ISIC_0000029_segmentation.png,7a47e692d349aeea269fc15a57fb134a3c3da91861658b7b57b0cec22fa423d9,0.164677938,0.999984234
test,33,ISIC_0010357.jpg,ISIC_0010357_segmentation.png,31ab48fcef0e9389fc9465c3f748680f6a06b52c989898241a3d128654826c28,0.205830892,0.999673184
test,34,ISIC_0012670.jpg,ISIC_0012670_segmentation.png,fb8391c999a4598753339e6c4535066126dcfb8e1d43e0851b0e9b0dc920f83f,0.101715088,0.999976090
test,35,ISIC_0011121.jpg,ISIC_0011121_segmentation.png,874b4a51222f267b13a4ea7a7e3a782e587d5fca71de05a2316dd4b13aee1670,0.237803141,0.999942467
test,36,ISIC_0012259.jpg,ISIC_0012259_segmentation.png,7160266accfea34c4fb16a32e35a4d69522446fc5f807e9163b0aa6cef6a5934,0.196767171,0.999719227
test,37,ISIC_0000541.jpg,ISIC_0000541_segmentation.png,e04f2be87017c4adbef764dc1ee00fc83a666d6216ea7d6578ffebcf6950612d,0.165512085,0.999947471
test,38,ISIC_0014324.jpg,ISIC_0014324_segmentation.png,247f34a09ef7d5d048ad199811a97f935a04a188722c34c1862e5021957ffe69,0.105855306,0.999928212
test,39,ISIC_0011208.jpg,ISIC_0011208_segmentation.png,a0a25b8b6bdd1374a81f26faab9315d23d09b099709d973018baa58d9e1c8897,0.125223796,0.999859196
test,40,ISIC_0014272.jpg,ISIC_0014272_segmentation.png,9a810c0e6d87b5f90c3b4bddc725a2644a399cc5df14488ddaa0e551562712e8,0.139012655,0.999888208
test,41,ISIC_0009160.jpg,ISIC_0009160_segmentation.png,e06414aa90b3fd1fc543b529b3a068645bbfe4c6d77f9fec6d724f2f63345aba,0.272979736,0.999703899
test,42,ISIC_0010341.jpg,ISIC_0010341_segmentation.png,d37717d80371da6f92c03d6c2b9c7758032e511e47d1ee1ecdea9a8acb62b3b9,0.334294637,0.999840229
test,43,ISIC_0000237.jpg,ISIC_0000237_segmentation.png,d9d062a1b4d73b44ef81f7fdf33c32f41f6f7fe45d303da7630989cfedb197a1,0.137008667,0.999972009
test,44,ISIC_0000327.jpg,ISIC_0000327_segmentation.png,d1f20a9d5620dee39c79b7aa79e7b8be609209ebc86a5dcd249a5b0c591b1f1f,0.000010173,0.999999998
test,45,ISIC_0004715.jpg,ISIC_0004715_segmentation.png,39dac00fa31d95feb793e78a7774d62ca17a600c85ea7fb39fcff059bc4bc325,0.323715210,0.999663092
test,46,ISIC_0011171.jpg,ISIC_0011171_segmentation.png,2da0d1419d7fde926a076eea54512a7622efd9e80c5c659834b54e7d79e72a9c,0.105616252,0.999948437
test,47,ISIC_0010493.jpg,ISIC_0010493_segmentation.png,5d9ec79a0b5e63ee015f3c8f584fc391ad277895ec53cc4e588f874e7f38be72,0.241709391,0.999950344
test,48,ISIC_0014004.jpg,ISIC_0014004_segmentation.png,4c46093e466b0664d23c622f5e32baa05589ab9ce47579402ab70a0c4deccbf6,0.205637614,0.999890819
test,49,ISIC_0005639.jpg,ISIC_0005639_segmentation.png,887fb71d5bc4f5e337bde0a8a4ca513bfc656591999b327e7be39391a6783ded,0.275675456,0.999846295
test,50,ISIC_0014869.jpg,ISIC_0014869_segmentation.png,0533d7cf894fbda0492aaa311e96751715b11f791ec93b16c13586dcc0a3a824,0.433364868,0.999883016
test,51,ISIC_0008528.jpg,ISIC_0008528_segmentation.png,d17d7b6bafcb28afdaf9edcadf5a57679d43f1c2a269d5a47e8a4ba27844214c,0.185460409,0.999863694
test,52,ISIC_0009877.jpg,ISIC_0009877_segmentation.png,7b3c5fca686111dc995e89516d73f0ca563b31aad46913b88ff38b27f4c67f19,0.219319661,0.999899832
test,53,ISIC_0010022.jpg,ISIC_0010022_segmentation.png,0cbcefcf1cc41bc38935bd17f3a4e523a0ce468ec552916b825b703af45c1986,0.164693197,0.999942560
test,54,ISIC_0013984.jpg,ISIC_0013984_segmentation.png,58dae909e222f7c79736cbf1a4fd13df88d0b5bd2c6409f548ed8777f58663cb,0.234303792,0.999915209
test,55,ISIC_0010479.jpg,ISIC_0010479_segmentation.png,f3302d1936690ec712e90a70c6c25493af768e1c64e7fe14c3ca14f32a8523f5,0.137120565,0.999822800
test,56,ISIC_0012179.jpg,ISIC_0012179_segmentation.png,52fe66645df6924b0fdec595333d78c947a5c400670be418761099d63cbb9e08,0.261159261,0.999933589
test,57,ISIC_0009968.jpg,ISIC_0009968_segmentation.png,f7bb909795821861959683a8d17563b760a0831fbb9b3473f4c9161872ebbadd,0.151377360,0.999808733
test,58,ISIC_0006800.jpg,ISIC_0006800_segmentation.png,c46813e43356c484bb0dc22aed778109f3e81fd5a0ebdea2f1ec0377b28e1825,0.312601725,0.999756971
test,59,ISIC_0000492.jpg,ISIC_0000492_segmentation.png,29afd6c536da21f104a19c9c57de70d6421324c8a50cb0741cef6fa85af6c845,0.221181234,0.999306479
test,60,ISIC_0013796.jpg,ISIC_0013796_segmentation.png,41d4546c99aadba5cc3c33480fa1835553dbeb18e9f0396f40f34dadf084524c,0.203435262,0.999767525
test,61,ISIC_0000128.jpg,ISIC_0000128_segmentation.png,53f5f53a3df4d6d98a7a0ad82d5974322e6b2510593db93a4ecf7e5c52da90f7,0.205337524,0.999934813
test,62,ISIC_0013621.jpg,ISIC_0013621_segmentation.png,35c623507d8d09cac1a12f86e783025b5b83391c3dac35836315f059ffc5d384,0.213785807,0.999822068
test,63,ISIC_0014394.jpg,ISIC_0014394_segmentation.png,290cadfe477217dd08a839f0fa0a24aab70984452ea78f05a74cbdcb9170f6ad,0.171010335,0.999845693
test,64,ISIC_0013789.jpg,ISIC_0013789_segmentation.png,0602fdfcb6035bb2e430892f108657ac17b7580c429e069fe1e052390ae40b57,0.189325968,0.999874288
test,65,ISIC_0013595.jpg,ISIC_0013595_segmentation.png,47b9610884e94f0c881066df15835ef43a21fd818681be0f06a4b24944af7638,0.084655762,0.999943825
test,66,ISIC_0014144.jpg,ISIC_0014144_segmentation.png,e87619167f183aab34303a05aec1eae91a902b3d0caa9796997b9860dd1cc48d,0.111012777,0.999910510
test,67,ISIC_0000521.jpg,ISIC_0000521_segmentation.png,674bc4c5ee9c34e906be9bf557cdec567b754737ce79adc884f565f84e8e6bf7,0.111750285,0.999973597
test,68,ISIC_0015260.jpg,ISIC_0015260_segmentation.png,62113e758e986b7ada23e8b2a42208cfad6da9868f76ed4aecaa0ea6b986902b,0.615152995,0.999874811
test,69,ISIC_0009583.jpg,ISIC_0009583_segmentation.png,cc670020a7cee4ab50585dd7ced345ea8ee311e8eb94dc6d97ee426cb26ce65f,0.188964844,0.999942327
test,70,ISIC_0010017.jpg,ISIC_0010017_segmentation.png,cc75881aef3d17f631acf0a4bc69277bce4f312bff844f474ddb8592bfab225f,0.286900838,0.999918644
test,71,ISIC_0000288.jpg,ISIC_0000288_segmentation.png,e52e52302503a08d3a8bdc1d5e51d4bf4b73c14fc1e5efd2fd5ee221d599495b,0.225911458,0.999968090
test,72,ISIC_0012415.jpg,ISIC_0012415_segmentation.png,0cc6157ebfe0cdfc030231ec576f256bbeaba2fb5c80bba8d9bed9c574385e47,0.233601888,0.999877358
test,73,ISIC_0014925.jpg,ISIC_0014925_segmentation.png,281c0f79331f162f6a26fb28a10846124c3a68cead85add4736dfea3cd9ccc8e,0.616363525,0.999812379
test,74,ISIC_0000315.jpg,ISIC_0000315_segmentation.png,1bef074596db96fe37ec96e73f787e66f0ae4c51c17bf68ae874d4e19d04cb5b,0.000000000,1.000000000
test,75,ISIC_0013287.jpg,ISIC_0013287_segmentation.png,0ba4c97e477dd810622687a5ba297a397a665ec275ea20e052bdd7c6af338a9b,0.184611003,0.999759624
test,76,ISIC_0010558.jpg,ISIC_0010558_segmentation.png,7f39c10536ecb2dceace2877dbeab77bba05975502c8417685b9d2a82384f8a9,0.153834025,0.999927668
test,77,ISIC_0013227.jpg,ISIC_0013227_segmentation.png,f387e0d4273f79d558006d9f73d09ab2bec13a1d6d84e47a5346dacadf366cee,0.202855428,0.999889600
test,78,ISIC_0014908.jpg,ISIC_0014908_segmentation.png,5abe4b892878a3f3906da477aaf4a44e87848cfbac2d3748bb66b297d42e8400,0.712600708,0.999730075
test,79,ISIC_0011095.jpg,ISIC_0011095_segmentation.png,b6588bd72fa8187f75b5c8b1674a943848a636b02a9c656ce0fc5964b0fdae27,0.263295492,0.999857794
test,80,ISIC_0000132.jpg,ISIC_0000132_segmentation.png,ce99107fdd1ffd942a96ae04fc2b2bdc3da35a9250c23af87b7333d012a87924,0.000000000,1.000000000
test,81,ISIC_0000171.jpg,ISIC_0000171_segmentation.png,a0e9f263e916f49ff54bdd3cba1628e30cc069e3fa276dd468294b47df2a9832,0.205627441,0.999965773
test,82,ISIC_0009899.jpg,ISIC_0009899_segmentation.png,d27f362b63862dc15785a6dfb7f976591370dbea9ca3ccdef9f625eeb0de2848,0.165451050,0.999783207
test,83,ISIC_0012658.jpg,ISIC_0012658_segmentation.png,2404983f798506fa3515008eb79e9bf9e9f1a44a767f5f19690287a9f9aca4e7,0.298685710,0.999715445
test,84,ISIC_0000063.jpg,ISIC_0000063_segmentation.png,fda12c3ad8e689bb685a5b47378563ef7a7a3e7e00d8cce3fcbe8ea0bd49425c,0.118128459,0.999981209
test,85,ISIC_0014360.jpg,ISIC_0014360_segmentation.png,5319a9c92775d96bfa91abac6c8e46eabdd6cad791d8936588e44bf436fb5f1e,0.102406820,0.999927763
test,86,ISIC_0012877.jpg,ISIC_0012877_segmentation.png,6c37f6d455f50a6757e33fb624c88a9c36e2ba896dcc27e605a3c7af355c867a,0.146458944,0.999728013
test,87,ISIC_0005187.jpg,ISIC_0005187_segmentation.png,b63560b51f43b8290c56d909cb7d8d517244857faca5ca783f280e5894f632c2,0.293584188,0.999437249
test,88,ISIC_0010174.jpg,ISIC_0010174_segmentation.png,d160ba7df741db6acd8cd5de45c37f6a5d9242c92ec18f10488deeefb83f4e8d,0.237436930,0.999817608
test,89,ISIC_0010371.jpg,ISIC_0010371_segmentation.png,0ef67110ecd0ae56f0a037e343d98e9aa1263f1ba8759505132c678572ea321f,0.198064168,0.999912549
test,90,ISIC_0000014.jpg,ISIC_0000014_segmentation.png,36ecb6a77a512cf14052f6740d0a4e9c24a0d1397029a843132f0bb586d689f8,0.129135132,0.999906121
test,91,ISIC_0009915.jpg,ISIC_0009915_segmentation.png,e9dbe44e882eaded82be3b8b3a7388355de585e359b0176505100c9b8dcc7c9b,0.222798665,0.999898618
test,92,ISIC_0000245.jpg,ISIC_0000245_segmentation.png,bcf63e58ce544fea338a89e60a1f9e74a4138370cbab1d96e380f01861ba33b6,0.102752686,0.999910288
test,93,ISIC_0010192.jpg,ISIC_0010192_segmentation.png,231eb131dbbf3d0d95189d602643beed6fb7c166071019beabe67e5c9704cbb5,0.176152547,0.999927014
test,94,ISIC_0000017.jpg,ISIC_0000017_segmentation.png,f25865dc2666b8d4c5261001c027d0735035145d8ecebb63c2f8f83e1f267e90,0.136144002,0.999933135
test,95,ISIC_0013961.jpg,ISIC_0013961_segmentation.png,ab78e1bf78ad6bea2a2ae3b13a8af3ecbb18c1191e2b8113fe62dffbd4eaf835,0.229380290,0.999926646
test,96,ISIC_0014730.jpg,ISIC_0014730_segmentation.png,051c60a54da13ab24dfc2c42b7930c76a3deecfde8c68f8fdaf3eaaf3209077d,0.483418783,0.999833444
test,97,ISIC_0009896.jpg,ISIC_0009896_segmentation.png,75427461b73289a72cfb7c027aabe7b1ee69219f4221dbf32f2e673b99397b22,0.191411336,0.999924053
test,98,ISIC_0000483.jpg,ISIC_0000483_segmentation.png,0e68a6eb2c110111c2df4f6cf32346f09e61e77a6cc7d63b816b3942f2eea394,0.206090291,0.999935400
test,99,ISIC_0015284.jpg,ISIC_0015284_segmentation.png,87cd23eeddae4b18fadcb07e28b866b1ac17700497452693d7a2d4b5c82e2c1a,0.529668172,0.999863899
test,100,ISIC_0012378.jpg,ISIC_0012378_segmentation.png,06ce0b605e22537846c332efca21a1952486bdb41ad6a9a81249acd0e59fe0b4,0.126887004,0.999699413
test,101,ISIC_0011127.jpg,ISIC_0011127_segmentation.png,8d86b8cd6acb3be6559646f1830167d4baef78e3cd08a01dece514aa3f0afdcf,0.181182861,0.999854566
test,102,ISIC_0013626.jpg,ISIC_0013626_segmentation.png,0961b399584c1d080bec77c17f7894fb9731a9120d0475209757e5d8130ba50d,0.168574015,0.999898197
test,103,ISIC_0012962.jpg,ISIC_0012962_segmentation.png,14e2ababb2fe791c197de35736188456da243f8b79d0bd69fa2c1dd11ad02fec,0.231496175,0.999883193
test,104,ISIC_0013094.jpg,ISIC_0013094_segmentation.png,937e4fef6a95314949bb378790844488ef05cd24c39ca8c7fb7d2139bc697b63,0.260340373,0.999819305
test,105,ISIC_0000377.jpg,ISIC_0000377_segmentation.png,5c1411044fe37e7df1b966d41eee77f630965587ecf95f5eded328279fcb590a,0.082728068,0.999968918
test,106,ISIC_0006711.jpg,ISIC_0006711_segmentation.png,38da40cc2dfba010c8ec71d9d318d27dee2da9e8c82a5beb075d6cb8b0714037,0.195907593,0.999932173
test,107,ISIC_0011145.jpg,ISIC_0011145_segmentation.png,bb40562b20a73334b27489565d3500ba93e7932a8d2bc8d8003b7061118eb55c,0.269251506,0.999871506
test,108,ISIC_0012506.jpg,ISIC_0012506_segmentation.png,3da9a637561b6c33d80fb53059caec84559187440fe60d00378b1570f0c82002,0.153681437,0.999659251
test,109,ISIC_0000289.jpg,ISIC_0000289_segmentation.png,df35f551406f661eb94ec6c20660dcc9d41aede37e12de2ef1a7564ece7f7b60,0.221272786,0.999979180
test,110,ISIC_0012237.jpg,ISIC_0012237_segmentation.png,d4aa3c44eca658ad181a75ddad62d7ece1efe9c53e5962fadf879d1e44a444e4,0.187474569,0.999791089
test,111,ISIC_0011372.jpg,ISIC_0011372_segmentation.png,dac983c92852b06980ae5d53a231a77138beaabede869181838a35b7a9b7c0b4,0.295435588,0.999811320
test,112,ISIC_0010466.jpg,ISIC_0010466_segmentation.png,6abe715bb5f071c3923868941fc8437cbbe6531833229e4fc82aa3af42d899bc,0.173583984,0.999799690
test,113,ISIC_0011110.jpg,ISIC_0011110_segmentation.png,85abf8ea8f393a8063417a64c2671314d73f28e280cb11e71a520195e6a7509b,0.089696248,0.999956875
test,114,ISIC_0014615.jpg,ISIC_0014615_segmentation.png,854591460c6c53dfbbf6942bbc6430e66fd3e55496bba2e5afe9805c089fd17a,0.132039388,0.999937252
test,115,ISIC_0000057.jpg,ISIC_0000057_segmentation.png,cda1105bf1aa4ea682899ae8320a881a5cfc1437b132d93bc0001e0a6abcaecb,0.094350179,0.999963512
test,116,ISIC_0011224.jpg,ISIC_0011224_segmentation.png,437e288929df321168d3120663fcf93ceb8060f13423699507bd6009a1360644,0.189798991,0.999856016
test,117,ISIC_0004985.jpg,ISIC_0004985_segmentation.png,c23cee3f1db3568474d3f3f02cffc48254ee2eed77d495ac2e7b33e791c97fda,0.245788574,0.999930863
test,118,ISIC_0013311.jpg,ISIC_0013311_segmentation.png,79667af33f06c6c73d046fed21478f0c9bcc386812c604d0565d31508d861f22,0.451049805,0.999580958
test,119,ISIC_0012246.jpg,ISIC_0012246_segmentation.png,ad383fffe759f969448359a1d689b0a191c8ca25f6574061a149dccadc9bfdac,0.185058594,0.999888165
test,120,ISIC_0013163.jpg,ISIC_0013163_segmentation.png,18d3fcaf5528be279f894d169b9be7ce110cc1d2cd486e73e5095f9514d62f75,0.472371419,0.999484351
test,121,ISIC_0013417.jpg,ISIC_0013417_segmentation.png,c6df8332748af84049a2a74d9477f17174ac91451b0ac404ba34f931f7c30aa2,0.242279053,0.999455200
test,122,ISIC_0000313.jpg,ISIC_0000313_segmentation.png,e6ce7e4b09a400ca6cd7cffffae102b7011e6cd2372d200f1eabc66a261fe16d,0.000020345,0.999999997
test,123,ISIC_0012659.jpg,ISIC_0012659_segmentation.png,b33d69d5874c7fd0d8541a9f995798fc41ea28183decd17e4b3fbbb4682b88a8,0.339803060,0.999458692
test,124,ISIC_0000516.jpg,ISIC_0000516_segmentation.png,6d67d9397a30c71fa289f0538abd5f13501927ef72bf904108958f71c8414932,0.379913330,0.999868811
test,125,ISIC_0013493.jpg,ISIC_0013493_segmentation.png,8f16a204929cab1f4c6b08701ce5bba04b1fd98c54b647716532e838695487b6,0.193608602,0.999803210
test,126,ISIC_0013233.jpg,ISIC_0013233_segmentation.png,54f7048dc783839fa4c26b6f5fc068705131cc07c0e69a91c01b176cd384ffcb,0.209406535,0.999692638
test,127,ISIC_0000233.jpg,ISIC_0000233_segmentation.png,bf6ec2592a13e97ad79ead86e915d4517e200ab0a623ba8be0e89b99cfaefb0b,0.275817871,0.999955717
test,128,ISIC_0013012.jpg,ISIC_0013012_segmentation.png,fe8dd496d4b7e55045c21314a7ca7d149846b86aa9686809e75d201a0249fcf6,0.188608805,0.999628904
test,129,ISIC_0000533.jpg,ISIC_0000533_segmentation.png,ec2b580a881cbe83fe3d20c4a47ac465de1ef714aafd37900fdc082b654cd490,0.277043660,0.999922042
test,130,ISIC_0014716.jpg,ISIC_0014716_segmentation.png,628f9819595733b1737ab699d4d46fd8ef5382463e033e0bb1eff582522c3889,0.382598877,0.999937489
test,131,ISIC_0014164.jpg,ISIC_0014164_segmentation.png,e984adc0f424defcf65518b49651621160944eae864dcf26955995364fb42983,0.094960531,0.999931217
test,132,ISIC_0010573.jpg,ISIC_0010573_segmentation.png,8dd4faf613811b82717f5971c5b0637295af5f510e0751581f5636cab8ddebea,0.168111165,0.999880780
test,133,ISIC_0013487.jpg,ISIC_0013487_segmentation.png,4908a1aea648827eb1f3f7cb577b348fdb81f65f2705c9a09b7eb628cf9687f6,0.309443156,0.999686116
test,134,ISIC_0001118.jpg,ISIC_0001118_segmentation.png,fdf06df4489bfaa76ac2e56c49a4d18c609f5ef59d6a8e408f1c1d070bc97a34,0.115829468,0.999961423
test,135,ISIC_0002829.jpg,ISIC_0002829_segmentation.png,c6bc4c429c6fc850535903927f7de1a96909e7907f1ab64c6eedeedbace0d8e2,0.284276326,0.999890568
test,136,ISIC_0009906.jpg,ISIC_0009906_segmentation.png,c4ab07f684f5fd2c6eda4da8b5feae9a03995ba5519efb65ca03ab5c05f78c1e,0.132802327,0.999870242
test,137,ISIC_0015079.jpg,ISIC_0015079_segmentation.png,2b94268e9382f60cd5223ea0304164817cf4d626be5a59f797c238202fea35d3,0.519220988,0.999901423
test,138,ISIC_0000300.jpg,ISIC_0000300_segmentation.png,6bd2f244b7b2d2ef4b23d44931787e1bfe6d0347b9e2416492f57685d80d7ee1,0.000025431,0.999999997
test,139,ISIC_0008785.jpg,ISIC_0008785_segmentation.png,e7fb252b2263072490de3c21b541eaa45d0c3fb3b7378fa23e5f5c15cc4263ca,0.203582764,0.999782339
test,140,ISIC_0000451.jpg,ISIC_0000451_segmentation.png,f734ba924817163c7d78f5f2e3ec2122bbee4d41ec2c3afee5d56c8abda5f0f8,0.115091960,0.999948701
test,141,ISIC_0009879.jpg,ISIC_0009879_segmentation.png,d92f331e15fee9ee13393c88a186e423cd665b7933425008b42da902b3661a5b,0.174743652,0.999587656
test,142,ISIC_0000112.jpg,ISIC_0000112_segmentation.png,963b40799998497c046d7fbb38b4044f1aee756954bb87bc7fa5ea9a8ba35ede,0.000000000,1.000000000
test,143,ISIC_0000185.jpg,ISIC_0000185_segmentation.png,8915e5d244d88cb4a6201f7e31ac5d8176d7846e4778824847365078e8f943d3,0.123982747,0.999957508
test,144,ISIC_0011085.jpg,ISIC_0011085_segmentation.png,11757ac859851ac65fa8c8762de32d30cd32753b335af2d2a13144e6536b14d0,0.269261678,0.999862256
test,145,ISIC_0010581.jpg,ISIC_0010581_segmentation.png,af0f735037b61a3e1f11661611f39a64460e9839db5442852beb537fa6e8b429,0.289886475,0.999861165
test,146,ISIC_0010374.jpg,ISIC_0010374_segmentation.png,44e75d0aa037d672e97245c4e1d1a73d1f2dfcbb021f8d56c6a46115948402ad,0.200602214,0.999951851
test,147,ISIC_0009298.jpg,ISIC_0009298_segmentation.png,d22d0f3aa94b1e87998bd7d4b871a1a6e59f39b4face17a82b8a027bf54e2a7a,0.228449504,0.999892280
test,148,ISIC_0012473.jpg,ISIC_0012473_segmentation.png,cd420da79d962547068c7564dc628d84afcdc97e6ede94238cac10212bff2adc,0.131169637,0.999778040
test,149,ISIC_0010492.jpg,ISIC_0010492_segmentation.png,09cc764fcd6b367a1cb69571fb756e599b0a370f026f8c0e456e3d03cab618e3,0.286946615,0.999895105
test,150,ISIC_0014661.jpg,ISIC_0014661_segmentation.png,a8a43e529ed660d05f05933c4d5e2ab8e974dc760bafff6fad0a431e746ee894,0.366841634,0.999933611
test,151,ISIC_0000182.jpg,ISIC_0000182_segmentation.png,8e426d34167552ad2af529b1b1a4e51ae57672bfcf1558950912c829381fc08e,0.206405640,0.999961329
test,152,ISIC_0012182.jpg,ISIC_0012182_segmentation.png,5f76df668a8a1ce991ea0a7cbfaf58a83d22b2cc51224b074aac95e8dc317ceb,0.226999919,0.999699847
test,153,ISIC_0000363.jpg,ISIC_0000363_segmentation.png,d62a162b584f1b217e95aeca8435b5a39d676f72c3ff7f55a67ce2c9e57b9ac8,0.000091553,0.999999988
test,154,ISIC_0000140.jpg,ISIC_0000140_segmentation.png,2c6821444ffccf80afc831f9116e57c001445ddeb803548404e20827098ca8a2,0.182133993,0.999980946
test,155,ISIC_0014571.jpg,ISIC_0014571_segmentation.png,d2834c7117a27f52b012809cdfaf26364fbb0ef64e5079c23c38cf1d80e26a55,0.215820312,0.999926698
test,156,ISIC_0013220.jpg,ISIC_0013220_segmentation.png,6f3db89f3960a90a03b48c24ebee81732fb571abc5b46ea7c3948a2ab4a07f34,0.180745443,0.999661833
test,157,ISIC_0010058.jpg,ISIC_0010058_segmentation.png,00140c74d20e087242123a2a280beb668f17ef1730fc417e4f36384b2c9071e3,0.105784098,0.999907583
test,158,ISIC_0014599.jpg,ISIC_0014599_segmentation.png,99ac48e1b81df9d851a4df602352352a5e99f5b7d371198f6040e40151ef78af,0.217763265,0.999948410
test,159,ISIC_0015108.jpg,ISIC_0015108_segmentation.png,bf11d116ee2061e20c0b7c6a955a561eec64eef9dc837bd605eb360734d74035,0.401362101,0.999927222
test,160,ISIC_0013592.jpg,ISIC_0013592_segmentation.png,31f9a492d814a983ecd19539c43531a9fc6e3eb4d91b6c1a650d416b0794769e,0.188191732,0.999829986
test,161,ISIC_0000053.jpg,ISIC_0000053_segmentation.png,f442c07847ad4fe94e6abb425f5da4956d0c2d1a849ca517d8ec0c51e84fec88,0.101725260,0.999971264
test,162,ISIC_0000103.jpg,ISIC_0000103_segmentation.png,182964a746b6c4b7602f886b5b4a520bdd9c9c05df3b9c6dd5f3160b071e031b,0.000000000,1.000000000
test,163,ISIC_0009883.jpg,ISIC_0009883_segmentation.png,943e77e6d70a301014ef59e8dad7a1551dd95200121e729606cee975258dd86c,0.118957520,0.999942646
test,164,ISIC_0000024.jpg,ISIC_0000024_segmentation.png,3dab89f496e4e27cac3d93d0f55dbbb0123ea6d33c49ce557c1dfb36bd208eb3,0.074447632,0.999901925
test,165,ISIC_0009344.jpg,ISIC_0009344_segmentation.png,ebc6b22ff95a746a843e956ff2570bc627023451572f13f709458e62b4205a33,0.165954590,0.999954077
test,166,ISIC_0013397.jpg,ISIC_0013397_segmentation.png,058083cdd5fb0fa7fd88a999e12d041ca243c6de18a6b319bf5ab4c41ae757be,0.232574463,0.999665829
test,167,ISIC_0013430.jpg,ISIC_0013430_segmentation.png,853d5149d0bc33bd532797f18179c8e3d003f64fb458c26598ac72f31a3c5dfc,0.194371541,0.999838111
test,168,ISIC_0014529.jpg,ISIC_0014529_segmentation.png,910d455846d1d6acb9b4bb9411caa56e69d10f153d4575a4586c9b24a8d8d257,0.170934041,0.999397109
test,169,ISIC_0012897.jpg,ISIC_0012897_segmentation.png,3600856c34930270861a46bc437591acab114447a2a403be613b04a1616503f9,0.219518026,0.999821823
test,170,ISIC_0013670.jpg,ISIC_0013670_segmentation.png,4160b2f522834b650b4a8d381c26b9e5c191fa32364a598357cd872127e4ddd9,0.199762980,0.999839483
test,171,ISIC_0013516.jpg,ISIC_0013516_segmentation.png,72b3770effdee6d317200e53382db64236e10335a9ce0aabc9d86f0e511033ca,0.224309285,0.999836054
test,172,ISIC_0014156.jpg,ISIC_0014156_segmentation.png,ee2a17bf468ecbcea6589bd49f61c2f75f6991d24b05e920b86379d02fe285ff,0.102640788,0.999944685
test,173,ISIC_0014273.jpg,ISIC_0014273_segmentation.png,ee2e2afaf445a9d2fbe41d75d97d218649a9e5537af8da3f076793f42f7cc0ac,0.112772624,0.999862132
test,174,ISIC_0013841.jpg,ISIC_0013841_segmentation.png,9f0b7e4bc6a4132f343939d590b9c1e8e1796df957bd2f91f33695fa59876a7c,0.477401733,0.999460629
test,175,ISIC_0009925.jpg,ISIC_0009925_segmentation.png,a4d55e1cc70a1da1c469b9ab48a4464805748ea3fc6408a76e2f27e537abaa42,0.168579102,0.999878662
test,176,ISIC_0014099.jpg,ISIC_0014099_segmentation.png,7f2b330cd367bdeda480cca614f7c0bfada580dfc07798f9c2d98be041830b12,0.152837118,0.999812467
test,177,ISIC_0010081.jpg,ISIC_0010081_segmentation.png,90f9dc9d9e9cdb3b60bffdb5fa23ee852b43c973e56d38153c88dbc75a6d5b53,0.223164876,0.999844435
test,178,ISIC_0013398.jpg,ISIC_0013398_segmentation.png,24405552181deea39324bf5225cc05509cbfe1f22bf4fb71208b742074759cb8,0.250656128,0.999584567
test,179,ISIC_0000387.jpg,ISIC_0000387_segmentation.png,360ecde6cab5b34c1210bf21815c36e8485cfe39219835eb598fa7d4744ee99d,0.090952555,0.999910932
test,180,ISIC_0000307.jpg,ISIC_0000307_segmentation.png,3e466b9efc157e27d41f4ba057bcecacaea5399b429f8823e20bd2ffe3a8b06a,0.000000000,1.000000000
test,181,ISIC_0012435.jpg,ISIC_0012435_segmentation.png,d86ed6c8b8a70c65e282de6d6e881de1759d4fa66a620457ee83f87e4b9a1c7e,0.199147542,0.999692289
test,182,ISIC_0013874.jpg,ISIC_0013874_segmentation.png,9de0e08b4fbedbdf24e3760ba2c309bcba0d6a7a21414f039ee44ff090ecb8bd,0.209340413,0.999883483
test,183,ISIC_0000199.jpg,ISIC_0000199_segmentation.png,633aabc4c492a9a47c829a535f1aba2af29ac8edbb46a7d89f4cfe5c80cf3a0b,0.250203451,0.999967497
test,184,ISIC_0013962.jpg,ISIC_0013962_segmentation.png,843fb3b15d970f781c75b2eafd274969ea5975ce838c66282ed91a3373f88640,0.184127808,0.999919969
test,185,ISIC_0014769.jpg,ISIC_0014769_segmentation.png,2985d47cd4db9da7950111f2133033b15e154047c0b4e457a64fa32ee0d7389a,0.505009969,0.999859832
test,186,ISIC_0010858.jpg,ISIC_0010858_segmentation.png,e435f94f6b72d8145b6700988e9148be6227b3ccceb56346674d821b550c6144,0.188206991,0.999807265
test,187,ISIC_0012888.jpg,ISIC_0012888_segmentation.png,5aaa7e308a71a19ecd0253973e555f0a471bdad3a773e622a890bed01a287958,0.211339315,0.999836928
test,188,ISIC_0009252.jpg,ISIC_0009252_segmentation.png,41d518e17611405639ddf8334f5ffb4d7ea699843ab8ca2a2af03ba57c9262c5,0.227294922,0.999899792
test,189,ISIC_0000439.jpg,ISIC_0000439_segmentation.png,12e4374d64d1b0bd187e0780c2f69ff43a98d12e2e0829d1f03c9b25b92615b7,0.120986938,0.999940680
test,190,ISIC_0000022.jpg,ISIC_0000022_segmentation.png,0bc67c576afda6a0abb4bf11436454ba20874a49aa3b874d094ef0d2a8d43a5f,0.148208618,0.999927132
test,191,ISIC_0013075.jpg,ISIC_0013075_segmentation.png,2b86e9e26d1ea9b3d7ab57d21c532c6e0d4b9118700d2e3c9d3693351fb6cac9,0.096720378,0.999909446
test,192,ISIC_0000359.jpg,ISIC_0000359_segmentation.png,c4cb2e446aafef156aad32cee946c19a7abb31c16816e6e7a02d1899b5db7581,0.000000000,1.000000000
test,193,ISIC_0013134.jpg,ISIC_0013134_segmentation.png,c25a81825cdcb1216b367cff5c973ea98f6e8f9f24d924ef258fdfd3c477532a,0.177103678,0.999830909
test,194,ISIC_0000250.jpg,ISIC_0000250_segmentation.png,5ea3cd715fbdf42ee290bb4b44cb3d0ccf920636e99d362ea69ee223c93623d8,0.170262655,0.999978061
test,195,ISIC_0014473.jpg,ISIC_0014473_segmentation.png,55c05204cdc87880c3689d878752e01b087abb0294d5af1021a35ef6ccdf34ce,0.101064046,0.999930768
test,196,ISIC_0011083.jpg,ISIC_0011083_segmentation.png,e4d8f9044fd2dddbbf748c7ab8468e35897a25a20ad7f17ade801b9c431f2faf,0.156010946,0.999876642
test,197,ISIC_0000162.jpg,ISIC_0000162_segmentation.png,ac500467968a345690d4ba7365057f860b46534ad0779e7c939425ebef070ecb,0.169347127,0.999952459
test,198,ISIC_0014933.jpg,ISIC_0014933_segmentation.png,663bad6c587e840135727c512a5fb96cee4317b056801a2425447628db646c50,0.983907064,0.999529197
test,199,ISIC_0000072.jpg,ISIC_0000072_segmentation.png,7d7bfe0205268378ee2f17c49bf64cc412eb9fcd646b14ab7889a40dd593bdd1,0.108744303,0.999979143
test,200,ISIC_0009950.jpg,ISIC_0009950_segmentation.png,8da0bb2d3c7230b1c2e6b2c0a5284c8caaca3a43a28f3718417db0b3a2f7088d,0.243957520,0.999853552
test,201,ISIC_0000155.jpg,ISIC_0000155_segmentation.png,f7fe1876e720d15ac1a87f9c3acaff8ab014153590eefa19041e751f4911e327,0.000000000,1.000000000
test,202,ISIC_0000020.jpg,ISIC_0000020_segmentation.png,56c8e538bdcda3450b509e843857451adadd868cd4703a01a091dc968f69d2f7,0.174077352,0.999936452
test,203,ISIC_0015190.jpg,ISIC_0015190_segmentation.png,4aa449ae65babc224e6d5cb132710bf0b7075203eedfc4db1796fe4f8c76fbb9,0.332687378,0.999938965
test,204,ISIC_0012680.jpg,ISIC_0012680_segmentation.png,66e5a39189bc9e51f3ef3908b4add35af622a161abbf012c936d24d203905a8d,0.113657633,0.999889137
test,205,ISIC_0000223.jpg,ISIC_0000223_segmentation.png,1491e05678880cf382bf01df65c6f802841139d97b2cc5188f2842d396cb168a,0.210352580,0.999962393
test,206,ISIC_0006982.jpg,ISIC_0006982_segmentation.png,588845f886cb968c4989bb6ae9596556164aba401bc945a9643e78fb74d71bf1,0.292811076,0.999740595
test,207,ISIC_0012710.jpg,ISIC_0012710_segmentation.png,65fe63c739f62ee1a4783511d7288e56755b831ad1830ebca388805d170bfc1a,0.154449463,0.999780112
test,208,ISIC_0003056.jpg,ISIC_0003056_segmentation.png,f9b2f9c2ab78110dfd759f0083c0efea02abf6d582ad0626773e9a456bfad0d9,0.295557658,0.999904508
test,209,ISIC_0014904.jpg,ISIC_0014904_segmentation.png,8436f4f3d1404b632688d67e49a7fec5c79dba8a2757704b14d03a0047c42949,0.380076090,0.999933227
test,210,ISIC_0012887.jpg,ISIC_0012887_segmentation.png,c276ce7c413b9b2625698c8abe68211c8e767d097b680637a81409539fe45940,0.159088135,0.999688753
test,211,ISIC_0000026.jpg,ISIC_0000026_segmentation.png,3470eeb9d6ba745ec43cc597388d95b669f55053c4298f398fa7ef5762cf7b46,0.061757406,0.999947381
test,212,ISIC_0009969.jpg,ISIC_0009969_segmentation.png,6f31e581e87064fd9f2fcbe338f79214c56e31a0f8d925d794cc029b53526986,0.216985067,0.999937364
test,213,ISIC_0013890.jpg,ISIC_0013890_segmentation.png,ae2a2a1d7cf1a787315317ae158f659d5a5677145d8f1f8e8edfc77ff103d4a7,0.246103923,0.999799940
test,214,ISIC_0009880.jpg,ISIC_0009880_segmentation.png,1ff127b81e39f84b325fdcccdfcdce05c7fbcb63a050e9f6bcfb51c575d31507,0.157460531,0.999937032
test,215,ISIC_0000423.jpg,ISIC_0000423_segmentation.png,6520f4da24a504377f3ca6846fe7fbba03f7f82585761ebe0b312f22998f576f,0.127298991,0.999978154
test,216,ISIC_0010861.jpg,ISIC_0010861_segmentation.png,eeb42dacabb3c91341b06a883dcc0fb5a1766361b0e2f76861049bf465f69084,0.304997762,0.999849467
test,217,ISIC_0009993.jpg,ISIC_0009993_segmentation.png,078e10ec1ad091d0df67e735ca34a5ac7edb4be91df828345ff852b0477ae7b1,0.150950114,0.999948495
test,218,ISIC_0012683.jpg,ISIC_0012683_segmentation.png,bce46349c7ee4e895185536a2c8cdf1aa8cc4c4c13d285f40f041a765656827b,0.214853923,0.999631985
test,219,ISIC_0009987.jpg,ISIC_0009987_segmentation.png,32b6222661d6c45f56a1a57b5cb3416691710594e8182ab2ffe1f22e9a1c3cb4,0.248418172,0.999901431
test,220,ISIC_0013385.jpg,ISIC_0013385_segmentation.png,74b5f5eca235a1bbc572fe86ead86c5d4e1a812fc4f17ee6d1a9d4cd2610431f,0.270375570,0.999683697
test,221,ISIC_0000065.jpg,ISIC_0000065_segmentation.png,714cd1049561187547b2a9783706aa1e09d9e50af693117088eedb21d8923cac,0.061304728,0.999985356
test,222,ISIC_0013579.jpg,ISIC_0013579_segmentation.png,bae6443a6422371e1ce00100efb30f02772001efa1033363c4f968aadef993cb,0.208552043,0.999724838
test,223,ISIC_0014926.jpg,ISIC_0014926_segmentation.png,15e925084af8393841e94c957c0b5a16ad96444827f10fcaf83640cb6a5a8411,0.551300049,0.999906166
test,224,ISIC_0014475.jpg,ISIC_0014475_segmentation.png,ef02bc81167c69d92b251f2a57ccadfebeb85d0d2cd9ea130ce9bde00ab7ba0a,0.151387533,0.999758063
test,225,ISIC_0015182.jpg,ISIC_0015182_segmentation.png,d42e9f7d15da7c4a3bc172fc06bafb7fa0be41fb0967a1a15176725640212f56,0.641983032,0.999831838
test,226,ISIC_0012988.jpg,ISIC_0012988_segmentation.png,3068cb0729836b662684b3a1336946986b56cd7baf1422ab67cbc3b421bb2ca1,0.164642334,0.999741596
test,227,ISIC_0010090.jpg,ISIC_0010090_segmentation.png,34d90894ec395890960fe453d95ef5cd949f63648c1463a863a970ca9df6c335,0.210199992,0.999779001
test,228,ISIC_0014596.jpg,ISIC_0014596_segmentation.png,b6fd0a1144ee44007d2c08f39346025ed9c943903fc042eb8cc94f0e6a02acef,0.111572266,0.999937608
test,229,ISIC_0009920.jpg,ISIC_0009920_segmentation.png,0baf594acf819f0984906c850a8799b18bcdd563188d208c21565d7da3a1e9af,0.238978068,0.999709449
test,230,ISIC_0000235.jpg,ISIC_0000235_segmentation.png,b5abed1435868bc64de46153a9179e501b674dfd473c4d64d42df576ed2c256d,0.200907389,0.999951771
test,231,ISIC_0014763.jpg,ISIC_0014763_segmentation.png,fa83f0e852b64f9a5766322196f202388bd6ef18291c44c3c4e4fc54a7c4b1dd,0.387568156,0.999940814
test,232,ISIC_0012704.jpg,ISIC_0012704_segmentation.png,400c70d5a1fda98a7df6a3dc038a6576fbd29853a1a93e72fe941a2e45896e5f,0.179585775,0.999559941
test,233,ISIC_0014987.jpg,ISIC_0014987_segmentation.png,b775e721a5c40e84fcba3fd15a73ce1e4586ff7c572201117e44e23c7b3b099a,0.389999390,0.999900819
test,234,ISIC_0014331.jpg,ISIC_0014331_segmentation.png,2d3c84055b25b70992fe1bc487e5522600f78ee50f5e42c6113a8c4fb78d9998,0.134613037,0.999895708
test,235,ISIC_0010456.jpg,ISIC_0010456_segmentation.png,6b25efd0348c2ad88b91bb4219f8c31168c20e92cf5c92b656b25627f2b7ccd9,0.272293091,0.999732942
test,236,ISIC_0000216.jpg,ISIC_0000216_segmentation.png,6e8655f9b838dd5e06b07f2d7ea3d328fb2e016e675713fa7ebdc51e00022627,0.210291545,0.999962836
test,237,ISIC_0014975.jpg,ISIC_0014975_segmentation.png,817ba9f12831239634e4445ecc8210e85cc093df84ce0ffedc6974c5e346fbe2,0.504791260,0.999910170
test,238,ISIC_0000355.jpg,ISIC_0000355_segmentation.png,b433de3651bc65bab2351d7b13fb873439fc13ea73d088c277e988c954d5e13b,0.000000000,1.000000000
test,239,ISIC_0000176.jpg,ISIC_0000176_segmentation.png,932245d13df8f1e046d0f9b351aad627a3e3e935e8f7dd3da7ad101f2373f07d,0.181538900,0.999896507
test,240,ISIC_0012976.jpg,ISIC_0012976_segmentation.png,3cb8db753dddb77bf85d693830aed872a936bc6255e5cf5e073402c5ad068e55,0.081141154,0.999730244
test,241,ISIC_0013808.jpg,ISIC_0013808_segmentation.png,e01af23cc18ab4536f81ff59143d3567e069cb2cdca8ce2fc902ba46e0590259,0.199447632,0.999759976
test,242,ISIC_0012291.jpg,ISIC_0012291_segmentation.png,98a5bb0bf5af4871dc0bafbec4854c31f1abf8d607cdec4962b496c6971a99ca,0.172795614,0.999883313
test,243,ISIC_0013055.jpg,ISIC_0013055_segmentation.png,865f155e0bf1b655b8a49dd4555fd24c8b04b45d874026af3d74910eefa75f7c,0.129999797,0.999750915
test,244,ISIC_0000277.jpg,ISIC_0000277_segmentation.png,ac765ee67ec0367d74d4c4e4dde7e0873a06f952dce641038e13d0080088f369,0.116078695,0.999988808
test,245,ISIC_0010332.jpg,ISIC_0010332_segmentation.png,805726dc017ea00bc46a3da1497ede3f84be3fe564aa2f1fa21f82b4b235c76a,0.206654867,0.999906109
test,246,ISIC_0012675.jpg,ISIC_0012675_segmentation.png,2a1cc8f0e59f92ae6ae0d851d345c34910980f8feaa804ae6fc7566e07be00f3,0.154123942,0.999815738
test,247,ISIC_0000186.jpg,ISIC_0000186_segmentation.png,97dece1b2145fd0c9fcc9097d5cf2396fcf7909d50700e384f4993eac558a1c6,0.169845581,0.999918648
test,248,ISIC_0012873.jpg,ISIC_0012873_segmentation.png,a20496580a550445a4492cfb63e99317aee347b4c624e615703c01ad28bb2d45,0.125874837,0.999785145
test,249,ISIC_0000111.jpg,ISIC_0000111_segmentation.png,b613473174dea01055cd274d6c42980b90d8ecc4db0d59969fa7a31323eaf7a9,0.172876994,0.999984598
test,250,ISIC_0013691.jpg,ISIC_0013691_segmentation.png,e48233be3e9e35c97373e051e0cc2381a33222bdaed84e8faf482d30a7e182be,0.256027222,0.999687644
test,251,ISIC_0000342.jpg,ISIC_0000342_segmentation.png,e4a1c4c1bab678b18ff6d73b9c489ea821b4e9577923f9dd7afa582a9da42dba,0.000000000,1.000000000
test,252,ISIC_0013896.jpg,ISIC_0013896_segmentation.png,f5d76a8e5cbd1e2513577902711ec1b63dd65ca0bcb2bb5d2423f6ad507224d8,0.232671102,0.999737836
test,253,ISIC_0013000.jpg,ISIC_0013000_segmentation.png,44d7a0eefef07cf20f8bdc5af875c4b7c72c89621d8ccaae4d360233cb02d6ce,0.119105021,0.999797969
test,254,ISIC_0000219.jpg,ISIC_0000219_segmentation.png,6d15e766de64d639090a5fc9c60aa671423da6411a4f58c0d49194c6447487ca,0.204722087,0.999952190
test,255,ISIC_0000360.jpg,ISIC_0000360_segmentation.png,255a83a3c40552a1089b1a48e6ffb4fa4dfc79c097527ba0bac500ec46c67873,0.003479004,0.999999602
test,256,ISIC_0014325.jpg,ISIC_0014325_segmentation.png,b9f57847bd7b958ee07809cecbb801c90c089ebe199ee366a58e8f2b16736a2d,0.123438517,0.999934772
test,257,ISIC_0014149.jpg,ISIC_0014149_segmentation.png,49286cdede804524ea3c444a80eb08e77c1442babc948bbedfb9ce8d9bd782f7,0.101323446,0.999936562
test,258,ISIC_0011211.jpg,ISIC_0011211_segmentation.png,9879dc57df57d6528f90d7c2f1504a1fbe0851d0efcf8eb5610cf194d26643fc,0.115341187,0.999967687
test,259,ISIC_0000357.jpg,ISIC_0000357_segmentation.png,4a322e41704ccd4205bb1d04a659fd25bd4a6e8aa34f5e05194f870e73c105e9,0.000030518,0.999999995
test,260,ISIC_0014722.jpg,ISIC_0014722_segmentation.png,dedf29ad0c70fb0594703753f10d49e7979fcd5438c7549d92e638742c63b655,0.505065918,0.999850397
test,261,ISIC_0013597.jpg,ISIC_0013597_segmentation.png,84017b7861541f925905cb206f65c8254cf81ca406f425726860922f43914ca4,0.203053792,0.999791750
test,262,ISIC_0000427.jpg,ISIC_0000427_segmentation.png,5c36260696178b8802c1fa5df7745b749644223fe38a072213e3e2d3da96b3da,0.127548218,0.999974619
test,263,ISIC_0014702.jpg,ISIC_0014702_segmentation.png,b63934ee16ce665b82d06e3e81a3e0346e56d2549502d679118579cc1f2f1085,0.444422404,0.999905720
test,264,ISIC_0000473.jpg,ISIC_0000473_segmentation.png,3338b3aedf72790cfce8373b0aab4e7b87b4a719b9b97f5612612892447603aa,0.189529419,0.999774757
test,265,ISIC_0012835.jpg,ISIC_0012835_segmentation.png,062e863660c9ef47ffcb07335b5c1cb94d2f1751b72285d544da84fb21f9dccc,0.179799398,0.999758896
test,266,ISIC_0000365.jpg,ISIC_0000365_segmentation.png,de62464d7cd3b627785e5ba3d64659788ebf0b331f98b11edda54cc69cd31259,0.000000000,1.000000000
test,267,ISIC_0010236.jpg,ISIC_0010236_segmentation.png,b4cce15978e04abc3b33bd6cc8fef0a738ef9e2cd560ace569e303d6da0052a8,0.232706706,0.999905105
test,268,ISIC_0012496.jpg,ISIC_0012496_segmentation.png,8f83dd11be02b333e61eb601adb3d74551fa6a276aa716cd70d497ae4f4ee7b7,0.142313639,0.999818947
test,269,ISIC_0012150.jpg,ISIC_0012150_segmentation.png,bb011c88bf539661abcc507eb35631048afd4feaa2a02d62d796ca993d1cb576,0.237365723,0.999747800
test,270,ISIC_0014609.jpg,ISIC_0014609_segmentation.png,1126c2c4fb6596b3d3ada650ccb162815c62179e8a12f5f09ec976d0e99770c9,0.090876261,0.999974842
test,271,ISIC_0000093.jpg,ISIC_0000093_segmentation.png,328a819c9467b42aa0da9bdc6ae1ac124d23e8a9023b5f5f7731068584e2113c,0.208623250,0.999915943
test,272,ISIC_0012232.jpg,ISIC_0012232_segmentation.png,cc13b1124418159f7b81686260864efbe07f46d36372092157b595e9ce0c05fe,0.178334554,0.999801098
test,273,ISIC_0010602.jpg,ISIC_0010602_segmentation.png,f5d5718893063d0159e842f17151dab98bbe0914a2f39d6ae3ce5f689751f97a,0.161641439,0.999899317
test,274,ISIC_0013080.jpg,ISIC_0013080_segmentation.png,73abda1681e1afbff2bbe2aa1798771108dffdc4a6c80aa60c2a381b6c008c61,0.136352539,0.999924603
test,275,ISIC_0000485.jpg,ISIC_0000485_segmentation.png,999ae9972487c207f863e323c85e33039e4e93b82f9078029549ce0c922cac1e,0.245814006,0.999910338
test,276,ISIC_0000007.jpg,ISIC_0000007_segmentation.png,275fca27195a967a7792696dc7d269c4b03c4308779a5481ede332dad2764e81,0.164321899,0.999947682
test,277,ISIC_0009951.jpg,ISIC_0009951_segmentation.png,6e5a66f615108bacf60afbf4cf66befac73409fab9b5988e46b33b88dfdd2df3,0.114105225,0.999735594
test,278,ISIC_0013652.jpg,ISIC_0013652_segmentation.png,951de373ae1b2233c57d78fc3968e2583b40051941fc874697bbd9545e58052c,0.216156006,0.999533228
test,279,ISIC_0009871.jpg,ISIC_0009871_segmentation.png,21c396c0c239f35f1947b24bd6877c48252ddd4bba5520f264b9586de00ffd55,0.063410441,0.999934674
test,280,ISIC_0000433.jpg,ISIC_0000433_segmentation.png,e1ca25b6014faf882d87c9887400e1ae4d5aab4dc04cc1289df6b84bf86a5a12,0.129384359,0.999966317
test,281,ISIC_0010207.jpg,ISIC_0010207_segmentation.png,e8dac18459bea8c896a02981643904f4f72f1dcab8f9daefcb0b3587ab27ecd2,0.267303467,0.999872538
test,282,ISIC_0010552.jpg,ISIC_0010552_segmentation.png,a1c24260e6e402263fa1bd17d34dc06af9f44dbc9e7d0d4aeb100e093e63e4ca,0.128738403,0.999941631
test,283,ISIC_0012351.jpg,ISIC_0012351_segmentation.png,bf4139b0494164370d0308510a750c2b3e4d2cae2bca76a2e1a6b292e88d9736,0.297663371,0.999842585
test,284,ISIC_0013526.jpg,ISIC_0013526_segmentation.png,5878fab7e720d544c2af9d415c93f601242074e6144e2b5970d611ec16cf61f9,0.154724121,0.999753350
test,285,ISIC_0012879.jpg,ISIC_0012879_segmentation.png,3a06c4df6bd7f0abed4849536ac52bceae06c8343a870dd6a61881843a949d8c,0.197642008,0.999732361
test,286,ISIC_0012999.jpg,ISIC_0012999_segmentation.png,74eee25367d6d62a1463ee2f315a149c4a346ee8a7a52a2d981157f5ec88fef4,0.183339437,0.999905911
test,287,ISIC_0014622.jpg,ISIC_0014622_segmentation.png,985c8d0bb9e44790f1fd7dce1e3b1cfb09d04401296ee0e94450857bcb4d0fe0,0.180852254,0.999909240
test,288,ISIC_0000409.jpg,ISIC_0000409_segmentation.png,b111ddc44936c650a2093cc64c298d9651a634152a4effaf71eece4862764c44,0.099609375,0.999889933
test,289,ISIC_0013114.jpg,ISIC_0013114_segmentation.png,60e6b69d0a6f6f4696f3c730ddc314745c7c3f09074939b235517d4ccb69e77d,0.177480062,0.999901255
test,290,ISIC_0000419.jpg,ISIC_0000419_segmentation.png,c12fa72eece7f60cfc82658603e536551ba233d658350439fbb83f857dbce6cc,0.113957723,0.999972969
test,291,ISIC_0010015.jpg,ISIC_0010015_segmentation.png,450321ae1576845de97cd8743883f90908a2c3e1b1fc12c74180a6cc97efa99e,0.207845052,0.999881868
test,292,ISIC_0011177.jpg,ISIC_0011177_segmentation.png,b8f6d52e59e2cdaba1ceb575c1d7a40e9ef4b1aeb5171f106d176ffc4483e920,0.233474731,0.999896081
test,293,ISIC_0010021.jpg,ISIC_0010021_segmentation.png,bbd502dc8c6f10d412b6c323f0c33d6653c444010ff07bc3d6eb0d15e93bc962,0.159790039,0.999969734
test,294,ISIC_0013090.jpg,ISIC_0013090_segmentation.png,15228ffaee937f142fe0426af136c9d6c9ceb4f40bc5a9ffcefe2de1b7117485,0.146825155,0.999464624
test,295,ISIC_0014357.jpg,ISIC_0014357_segmentation.png,1d873f70d800fa806fd39ec683f215088ff84b5004338676568b378ae4ca272c,0.124338786,0.999809153
test,296,ISIC_0013672.jpg,ISIC_0013672_segmentation.png,19c6be72bb95e6abfdd5ace28e6e99e1f3a0be6d8d6c8132b37b23c163410cc1,0.212102254,0.999787693
test,297,ISIC_0013494.jpg,ISIC_0013494_segmentation.png,dc9fa03f77eecef36d5406a45ce15da691222c96a1f9eb588ac43939e42f9925,0.189676921,0.999815446
test,298,ISIC_0000298.jpg,ISIC_0000298_segmentation.png,7839a32de458e7f2d55500a7bb15bd73318c4b18ee0779caed963e418a00aae0,0.000000000,1.000000000
test,299,ISIC_0011227.jpg,ISIC_0011227_segmentation.png,8289276952cca8a9be2262f62c7fc6153bc7b96587a844a9ed0a33f8fed2d18a,0.088826497,0.999904316
test,300,ISIC_0014183.jpg,ISIC_0014183_segmentation.png,161107c62fef396600dc79ea5bb12668047c1c4bbea43f30d22141bb4443a558,0.138387044,0.999757158
test,301,ISIC_0014682.jpg,ISIC_0014682_segmentation.png,5317f6f2ffb4188ddcfbb103cc565638f0c327ea6cd2928c21e17db2c7b52105,0.378051758,0.999930552
test,302,ISIC_0000000.jpg,ISIC_0000000_segmentation.png,db8e7332c9dc21995b37deeddb624a6bec56e790785061d061bd4a4d65dc0faa,0.153605143,0.999980929
test,303,ISIC_0009979.jpg,ISIC_0009979_segmentation.png,facf00a8e36514c4de760b47f1adbd7cb93f9c4c011dbde3b19ecdd8c9732067,0.266606649,0.999801257
test,304,ISIC_0010249.jpg,ISIC_0010249_segmentation.png,d1678ff9a8a817fded06fe1d448547eea50b907b709413eed83e9d9e2f1c61e9,0.131749471,0.999916694
test,305,ISIC_0010029.jpg,ISIC_0010029_segmentation.png,d8365ba6af39118bb7dca5cc892f788f34320ca8cdcfb8903698c05f8cc878e1,0.208089193,0.999840079
test,306,ISIC_0014518.jpg,ISIC_0014518_segmentation.png,aac263ace2ec986f0e7b0558cd13b55a1bc02f2509a3e47fce80cf7d98005939,0.185043335,0.999921357
test,307,ISIC_0014438.jpg,ISIC_0014438_segmentation.png,61f2cf481a8ee1a99b5094d0c85fbb4150b6bf8539bffe8b451fc6c95b8d0404,0.101913452,0.999905753
test,308,ISIC_0013014.jpg,ISIC_0013014_segmentation.png,b7b66148adfe085c67e48ac6f1a6a90b40a64d8b69aef53cb586d48dabae54a3,0.087773641,0.999898018
test,309,ISIC_0013222.jpg,ISIC_0013222_segmentation.png,d169ba1fe57ec0ecd1dc12d8bb083d9b98bec0a685652403224b454c98ae5475,0.180196126,0.999887440
test,310,ISIC_0010070.jpg,ISIC_0010070_segmentation.png,f690ec3e68bf7064c4ad681de117d22c29381500ff2ad22a2c6210e1ace02d3a,0.184931437,0.999954067
test,311,ISIC_0011305.jpg,ISIC_0011305_segmentation.png,855249c7cb02471d7deccb2db50a023999b016ce6022877b809531aad1247f23,0.226257324,0.999933965
test,312,ISIC_0013758.jpg,ISIC_0013758_segmentation.png,af186347dadcca9c46b384bd251ca90aee9ad49004c5ed88a5d4f1f70a01b2e7,0.253941854,0.999900642
test,313,ISIC_0013578.jpg,ISIC_0013578_segmentation.png,8b98a302717a33bbbc9a63b70668059f316586f604e19809efd7f64b6f11da2f,0.227300008,0.999623805
test,314,ISIC_0013428.jpg,ISIC_0013428_segmentation.png,83ee84b5bc9f0e213ef2ffac713cab2122e2c5cb451b436b4baea7ed3c0ce401,0.226954142,0.999794511
test,315,ISIC_0010851.jpg,ISIC_0010851_segmentation.png,7dcd79388f5d05d0ca3b9ebb013925c0a400386b961ecd556a457409c25aa6c5,0.198206584,0.999893978
test,316,ISIC_0014361.jpg,ISIC_0014361_segmentation.png,ef973c36c329fff2a09a1d3b5637129704c56272bd318a7b6df2d7c98c0b75f9,0.142079671,0.999916110
test,317,ISIC_0012674.jpg,ISIC_0012674_segmentation.png,a0fef37821d4a888419737731be970f310e8b90b2296253189685cacf134704f,0.079966227,0.999883577
test,318,ISIC_0012281.jpg,ISIC_0012281_segmentation.png,c34ca4ca54d80fc4502e5282886e326bf169d8a12ae46f47e42bae0cae8d9a3e,0.249328613,0.999158466
test,319,ISIC_0000009.jpg,ISIC_0000009_segmentation.png,f22c677ec2ec029dc5b193e1a58abbc235aedbe7aea336feea51729bdbf9bc15,0.090621948,0.999961458
test,320,ISIC_0009035.jpg,ISIC_0009035_segmentation.png,b47c802b8b9548d9bb00d2fe241b3dfd0c3d05ff8b6cd1936fecebb601f09fc7,0.212158203,0.999875551
test,321,ISIC_0000283.jpg,ISIC_0000283_segmentation.png,7fffcd5d2425c7046c98c8ab46efdc0249e9b03a43770e44623bc6e319273731,0.108093262,0.999990791
test,322,ISIC_0011170.jpg,ISIC_0011170_segmentation.png,25e0c107ee1d232da293f00932aded59660aa756272a7f32520569efd160a82e,0.229197184,0.999890099
test,323,ISIC_0013840.jpg,ISIC_0013840_segmentation.png,d74260ccdc437c9f691812519af6e22ebf1990cf3066758e3ccc3fbc4a9e0437,0.245569865,0.999821692
test,324,ISIC_0013335.jpg,ISIC_0013335_segmentation.png,14b4054adde6ee4e6bd588c9649e79a7e7170f053a3556c3dc536dbed64caaff,0.197250366,0.999867379
test,325,ISIC_0009974.jpg,ISIC_0009974_segmentation.png,9402bf6ca0540af6e4c9616a1a65fdced2ccddaf7a0903d655e52f565583c04f,0.288742065,0.999909425
test,326,ISIC_0000372.jpg,ISIC_0000372_segmentation.png,8cc1d49853eae9e2947704113529778e305f7b17ae3590d6109fb99d9c3fd8c6,0.000000000,1.000000000
test,327,ISIC_0010477.jpg,ISIC_0010477_segmentation.png,98a11864b87f97dc0e5d2d251bdc273028338e8fb9a3caefacd5dc3b15857500,0.175679525,0.999912940
test,328,ISIC_0012282.jpg,ISIC_0012282_segmentation.png,9ce03699a3f3c556bb5f69b36bd911232d427ff9d33346a50c7ca7278879ff1e,0.206471761,0.999646938
test,329,ISIC_0000215.jpg,ISIC_0000215_segmentation.png,3e65b2dafbbb6f8bfe7db8c8864e77eb74d78340322518328a8dfeca62464fab,0.287165324,0.999946605
test,330,ISIC_0010092.jpg,ISIC_0010092_segmentation.png,821b225a3f3bea9915f8756eda9ededb347ee04a22cbc67a019addc7381967ff,0.214009603,0.999876960
test,331,ISIC_0011131.jpg,ISIC_0011131_segmentation.png,6efae9e23625370a7868396bf7ccb6f65679eb60a731c4e734d3411e5c7b21f8,0.210494995,0.999865139
test,332,ISIC_0000338.jpg,ISIC_0000338_segmentation.png,6d9ddcb3e2dae407637bde6d2e12ae8de0616d7fc57313754552f51b3d50df9e,0.000000000,1.000000000
test,333,ISIC_0014699.jpg,ISIC_0014699_segmentation.png,a6a945baf07a33823f87bc7f30ca1cd745dc7638e93126a35e3856e6f1de466f,0.336781820,0.999936771
test,334,ISIC_0014062.jpg,ISIC_0014062_segmentation.png,54d06f23b27faeb28880687699b1432ae81d692619caa01dc6ad63fd93bd1153,0.106938680,0.999886625
test,335,ISIC_0009932.jpg,ISIC_0009932_segmentation.png,e073bc841f1b772e93152f18c8b2c26e64511a82660abe565b2f70f7712b4000,0.172627767,0.999934223
test,336,ISIC_0000013.jpg,ISIC_0000013_segmentation.png,b09ba5e011c8f889d9909650d7a0d1b10a74ed87e4f54b489b4b04bb7c7d1ff4,0.106231689,0.999986904
test,337,ISIC_0014788.jpg,ISIC_0014788_segmentation.png,85cefcea101692c6f7a4f895a7c2df7050ae2baaa376b1f8049c9ada9eaba113,0.406173706,0.999918280
test,338,ISIC_0014839.jpg,ISIC_0014839_segmentation.png,a19df0d5016c81c20c3ca4d9667385688c7a863d97f64ad4705b6fb63cc64328,0.315277100,0.999937637
test,339,ISIC_0012342.jpg,ISIC_0012342_segmentation.png,521b76d04ed06b32ae2207602b8588b2ed10d1e0a3ab24eeb6acbbf12c1f9562,0.206481934,0.999855419
test,340,ISIC_0009918.jpg,ISIC_0009918_segmentation.png,52e48cfcfe55b368959e216ca371a772cf31ff07227022b7a7e11aa16febdbd8,0.218276978,0.999921156
test,341,ISIC_0010599.jpg,ISIC_0010599_segmentation.png,12d53da837e7759765a6f2cfad1ae5c7aa5c75ae5586ecc4e2fb1fc5f3d049ef,0.083063761,0.999939916
test,342,ISIC_0010346.jpg,ISIC_0010346_segmentation.png,521b48cab9a926f84f2eb47e92859d8139bc9389dba3ce0668f348af306eff10,0.140141805,0.999904869
test,343,ISIC_0010061.jpg,ISIC_0010061_segmentation.png,0f5a816b0dcf20bae1b0531fdb64bc8cc860674f39b96bd8b0e643a9ca73b5d9,0.190856934,0.999847231
test,344,ISIC_0012865.jpg,ISIC_0012865_segmentation.png,80b0db0925fd8aac4e877b39fd798a40f279b64587b7af15c4afceffd06838d0,0.113774618,0.999843073
test,345,ISIC_0010173.jpg,ISIC_0010173_segmentation.png,69093e2f4b06cb9733aa0770e9c76239c6c593aa4d6885bbaf7a07024ceb3722,0.112411499,0.999755549
test,346,ISIC_0012697.jpg,ISIC_0012697_segmentation.png,3333d9a4d0c371f095950cc39dbda44cb423df91a65f83ecbfd8b7d83787e35c,0.183807373,0.999713846
test,347,ISIC_0012735.jpg,ISIC_0012735_segmentation.png,269bb5db1a3686bf0cb5fe5fd6508e78e871c580a8c61a3cf00d895727f3362d,0.147374471,0.999765701
test,348,ISIC_0000320.jpg,ISIC_0000320_segmentation.png,45d640e0534ec03ed4a0ec034c9ae9a7fb9a2f05f599a91187fab4bd889d9189,0.000000000,1.000000000
test,349,ISIC_0000381.jpg,ISIC_0000381_segmentation.png,d108a2f56ed6d1879e9173418e18d10ff87feeaa97092c79eb4dc67acab45fe5,0.124155680,0.999936196
test,350,ISIC_0012299.jpg,ISIC_0012299_segmentation.png,e3a919d60c096d0b0402a08b0225bb723d54d2f18eeba51b44fdf875de50b703,0.172505697,0.999877245
test,351,ISIC_0012089.jpg,ISIC_0012089_segmentation.png,c4fe66de8d60c4084a50cf8d49dee430875d68ea19ba065ee8ec706a40c90aba,0.166564941,0.999878783
test,352,ISIC_0000135.jpg,ISIC_0000135_segmentation.png,13d7b0e48017cb969a2c19d0d791596ce9036dcdd5a24c4d24bddd8f8ff59a56,0.031372070,0.999991809
test,353,ISIC_0013712.jpg,ISIC_0013712_segmentation.png,0765c2e424e50fbba8e8135e1873082a7922d1e1f2de9d2d79836a8b0ec1da09,0.228876750,0.999543139
test,354,ISIC_0010574.jpg,ISIC_0010574_segmentation.png,c426f531333c68c1b086cb51f2f6e3914a9da3e8bea842d363964f3beebb1b01,0.271591187,0.999844289
test,355,ISIC_0010057.jpg,ISIC_0010057_segmentation.png,1bd6885855d2fb5497755b92fb4131fc4f38c6ed572fbdf396f02d3275924627,0.156692505,0.999871360
test,356,ISIC_0013831.jpg,ISIC_0013831_segmentation.png,68a175718638bd7c0163cf9f663401fdac20dbfade3ea553b81d3c33bc5ae03e,0.160090129,0.999867707
test,357,ISIC_0010254.jpg,ISIC_0010254_segmentation.png,4dc48103d4a68ad3de79ae76275a5cdc380ea132c1b4aa5644d9ce4fa9c2e6d1,0.137914022,0.999745396
test,358,ISIC_0013333.jpg,ISIC_0013333_segmentation.png,27e3bbda5f1b826c6e887e9db04f884ddb00a470c05ad34fbc4119ce9a6fb90c,0.216359456,0.999877647
test,359,ISIC_0011207.jpg,ISIC_0011207_segmentation.png,437fc9e4674bae4f285c11d045102efee25d962d8f2df143bb341b0f1b361a19,0.163167318,0.999933175
test,360,ISIC_0011155.jpg,ISIC_0011155_segmentation.png,edde117210465f54fd340f11c0fcf1bb3869c3fdbee4bc8eaaf0f291891cd962,0.277623494,0.999791670
test,361,ISIC_0010337.jpg,ISIC_0010337_segmentation.png,57f19c125150f59f39ca08a3dc1d88bf2906d024d7eee180543f28302715abe8,0.301483154,0.999858711
test,362,ISIC_0013039.jpg,ISIC_0013039_segmentation.png,48f2999ce2597a7ed46b4a943392b767d0396b34cd2412c4c8558ed580590bb4,0.091334025,0.999877365
test,363,ISIC_0010064.jpg,ISIC_0010064_segmentation.png,0b4eec1df41d0b491e2381f8dff88624a173aaa94f5ed7e487feacdbb5610af2,0.184804281,0.999760042
test,364,ISIC_0006114.jpg,ISIC_0006114_segmentation.png,fc00919465d640c9387969b4e36ca4acd31c7e751aa8c372cd74101aee947d31,0.218724569,0.999923394
test,365,ISIC_0013581.jpg,ISIC_0013581_segmentation.png,03c1b37b68669e60068d07b491fe212c479e775c0a28dc696243d1b2d92a157f,0.211985270,0.999689503
test,366,ISIC_0010234.jpg,ISIC_0010234_segmentation.png,e93d61cfa379add19775438ba583a13919b4d0d7b14c4fac5e81de5e3f47f9fb,0.104375203,0.999911170
test,367,ISIC_0010857.jpg,ISIC_0010857_segmentation.png,3d9f30cc321b5aadd0dd57e555366267f6cc53ce19d36b5fe46d36018577bbfa,0.147567749,0.999874584
test,368,ISIC_0013486.jpg,ISIC_0013486_segmentation.png,cd3ebc485644b6fb4ac93ec20d354fc13707c36236dde798547c9facb1180f0b,0.306391398,0.999718854
test,369,ISIC_0010334.jpg,ISIC_0010334_segmentation.png,9234766b34df67eafa7806b6c4be74a8809792644e49fbe8ebc39ecf8b2ae093,0.201965332,0.999952123
test,370,ISIC_0000021.jpg,ISIC_0000021_segmentation.png,868ab403d9e4e54b2c632cc61eaffc8e1bc70131118bb3e42987db810525b9e0,0.158401489,0.999914771
test,371,ISIC_0000499.jpg,ISIC_0000499_segmentation.png,f40925ec744ce9862a7f3d95d247b42f05c7357298eeacc698923c23108cb4ce,0.319498698,0.999742022
test,372,ISIC_0005787.jpg,ISIC_0005787_segmentation.png,f0139893a554daccd581e1cd64fe09088e98ba7387a582381f90a933a867c277,0.332392375,0.999896684
test,373,ISIC_0014640.jpg,ISIC_0014640_segmentation.png,43ad58a0c5ca58e1e6a8c7a5f135ff534ddb3ff9c2d1ba6526e62d7135e9a4f1,0.100453695,0.999947481
test,374,ISIC_0003005.jpg,ISIC_0003005_segmentation.png,9cb2084e15b68b04196a2e1bb347c161d274de9f6333a851145522135b6be0b0,0.243667603,0.999953550
test,375,ISIC_0012845.jpg,ISIC_0012845_segmentation.png,2a3e1d11f4ba0ba147a537a663711b94b5a9055414300f8a502058db1fd8df50,0.167622884,0.999898761
test,376,ISIC_0009504.jpg,ISIC_0009504_segmentation.png,9286658bbf765a059c0673408e9b038cb2506deec4513dd8d3c30876cc658818,0.196156820,0.999859302
test,377,ISIC_0012208.jpg,ISIC_0012208_segmentation.png,c1e9549b5c1f52e57e1bffc492eae0cf556105fbb18ef3053cee1d16bd6cedb9,0.209447225,0.999740571
test,378,ISIC_0012944.jpg,ISIC_0012944_segmentation.png,a4af4213968ba5fb1b674a16b6209c650fc553cd46e727b6da5e03a4a94e0455,0.197189331,0.999787438
test,379,ISIC_0013474.jpg,ISIC_0013474_segmentation.png,70156326d2d683ad4531d24a0683f0b23bce750eb194f8c754c23bc972a99114,0.098286947,0.999923311
test,380,ISIC_0013088.jpg,ISIC_0013088_segmentation.png,12e0e1645817358fdff3e910b94f6e0b86113f39535314656e8c4260dd75e4cb,0.238591512,0.999881007
test,381,ISIC_0014983.jpg,ISIC_0014983_segmentation.png,9acaa835b5107f0998e344219379ee33963ad7d1e40230340fbf8bdab3bb08e1,0.480443319,0.999878348
test,382,ISIC_0014795.jpg,ISIC_0014795_segmentation.png,9888da483bd90d700f49176219cda95f57caab378473ada8d77dacc8d06708f6,0.378285726,0.999932691
test,383,ISIC_0013800.jpg,ISIC_0013800_segmentation.png,adf95fa30f1e03fcc5593fe8e1138deaa255d2dffa2663d3a046c7d8b91dcb92,0.212117513,0.999905266
test,384,ISIC_0013173.jpg,ISIC_0013173_segmentation.png,50de8dab9630c5ed878748ab5338d12daf36396d152c11f85b983c72e71d3fd5,0.119150798,0.999872690
test,385,ISIC_0007557.jpg,ISIC_0007557_segmentation.png,1e0b933800441c071afd89df6f21aa9161fa22ad3e5167e4e964a1815bf026f0,0.237111410,0.999883683
test,386,ISIC_0013238.jpg,ISIC_0013238_segmentation.png,fd7721c92757f3b6ddccb41d7630ac5426b3237b9d4f7d871ac4a906fd8a289d,0.127772013,0.999721213
test,387,ISIC_0000246.jpg,ISIC_0000246_segmentation.png,f5b432e66ad72e20ce7a1c9c4d16c25ae6f1b240aced227fac052c4d08a963b0,0.119878133,0.999887437
test,388,ISIC_0000340.jpg,ISIC_0000340_segmentation.png,a1aec430ea0141fbedffb730543ce1169fc7252e0c35eb7795de118de806dad0,0.000000000,1.000000000
test,389,ISIC_0014410.jpg,ISIC_0014410_segmentation.png,3fb81e7cb194c4fa13b68b65f24ef6288b4af8da8d850309b429c566cffdbb82,0.171254476,0.999899754
test,390,ISIC_0012271.jpg,ISIC_0012271_segmentation.png,044e33511f1566d060e7c966a91908be9fd55bef5a825bd998c011d319234e25,0.256383260,0.999741582
test,391,ISIC_0010261.jpg,ISIC_0010261_segmentation.png,7c292043ce911abc9a46279ca87239c1f9ff3b8059260c0595aacc24ea81a209,0.185104370,0.999857333
test,392,ISIC_0010013.jpg,ISIC_0010013_segmentation.png,716718329cee719687b0243c7301c1520912f8edff7f75b95cebe9a4bc94c95f,0.223892212,0.999906080
test,393,ISIC_0013799.jpg,ISIC_0013799_segmentation.png,33ab4a4c0d3d0e799a318abe548cbc63e452f4b9cf25ddd04eddcb8325878baf,0.237121582,0.999900639
test,394,ISIC_0009946.jpg,ISIC_0009946_segmentation.png,a913d2e490627167cef04189925e6b522a91b3014af056f7503a4d3faedc2976,0.225351969,0.999923416
test,395,ISIC_0010461.jpg,ISIC_0010461_segmentation.png,a135dd5a09b815449747845811e9aed8213ee4cccece0ed1e24d193c42594fcd,0.211619059,0.999897005
test,396,ISIC_0012804.jpg,ISIC_0012804_segmentation.png,aacc29f1c3285e64c5512105d9f650139455d7062bddd994e040c8a8d4736ae7,0.118520101,0.999871797
test,397,ISIC_0000042.jpg,ISIC_0000042_segmentation.png,eee47c25e7c0f88362e069f2a265c80b6d9c08c7a9a031ad04442c1ae8423bb1,0.200434367,0.999954512
test,398,ISIC_0009982.jpg,ISIC_0009982_segmentation.png,dbb52fd530d9e87fd65034883e6a02cfaada9a66d369cc5aee8700b74626cd89,0.179977417,0.999953201
test,399,ISIC_0015233.jpg,ISIC_0015233_segmentation.png,2c0cdec7f18fd425d56acb05b61c799ba21ec80d976c32ede10e24d0443ac31a,0.444447835,0.999909939
test,400,ISIC_0013995.jpg,ISIC_0013995_segmentation.png,8a7684bd022da2b6c149ef0c9d7eec6e7535895e1b5503c75e8d1ef168a6797a,0.239267985,0.999627053
test,401,ISIC_0013958.jpg,ISIC_0013958_segmentation.png,a318fd2452436b3bd715da78c3ca993887f05a566409c8fd32cae7c153d8cb8e,0.283238729,0.999884308
test,402,ISIC_0011306.jpg,ISIC_0011306_segmentation.png,b66accdfa1f59132a131fada0eedd01888b10bbcc53da28dfd377cdbbaa6c972,0.134821574,0.999865778
test,403,ISIC_0009998.jpg,ISIC_0009998_segmentation.png,80ebff929f30fd28bb29c0b6838db0b44da96e85ed39031110e6d2d0d4f25f1e,0.144846598,0.999961664
test,404,ISIC_0000539.jpg,ISIC_0000539_segmentation.png,d836c72dd2fdc2c1f6b00a0f28c0554eaefa7995384e3b12bb6dc81f4ba31eea,0.128290812,0.999967426
test,405,ISIC_0009954.jpg,ISIC_0009954_segmentation.png,062e5e32894fa1008eecc0f18b1e822d7191d0e8ff867f9d07d3add62378fe42,0.201207479,0.999841550
test,406,ISIC_0010362.jpg,ISIC_0010362_segmentation.png,a7d39bf3d403b30d91fb299847840c064d31c6af5886c9407faa17d73fc3af36,0.178181966,0.999888340
test,407,ISIC_0010557.jpg,ISIC_0010557_segmentation.png,0da56f27665ac45491d4cd1a54b887b98db497d3e764b8d25c174ab4a120e014,0.232579549,0.999648886
test,408,ISIC_0013601.jpg,ISIC_0013601_segmentation.png,24cdf0f4576763b4b70fe38fb14536f62e4782f9778444af3325b00ede320043,0.108235677,0.999852444
test,409,ISIC_0010356.jpg,ISIC_0010356_segmentation.png,7486fa170b4b39b79fdb3687b245b7d44b7a541c3fb0676dfa153f623066d89f,0.112604777,0.999808528
test,410,ISIC_0013862.jpg,ISIC_0013862_segmentation.png,9d931bee976df450a0bbae3dd8bbcdb667cf79ed567396c32e8380d596443954,0.206624349,0.999728500
test,411,ISIC_0013048.jpg,ISIC_0013048_segmentation.png,017fbd46ddbc8fa01874aa27c6f08fceb57a3a41b247df013a3a53a971415848,0.094665527,0.999798200
test,412,ISIC_0012828.jpg,ISIC_0012828_segmentation.png,cd8ecdd40e4252fd01b2ad598a9669b53fb66c38dc29781f028c2f65d8be54c7,0.193776449,0.999769801
test,413,ISIC_0014422.jpg,ISIC_0014422_segmentation.png,70a0e85e75029448185d2b2622129863f13c125aac941d58b9f8a9f0fac610d5,0.143122355,0.999830782
test,414,ISIC_0013360.jpg,ISIC_0013360_segmentation.png,ef59193bf957f7d617eafb5d5b6eaeeb633bed841b289a71f476995ec42fec8c,0.211344401,0.999833052
test,415,ISIC_0013610.jpg,ISIC_0013610_segmentation.png,716265b841d8ecceaef240b390a1f04e98af427be5b9cd37cd35c39e108bbed8,0.187026978,0.999787356
test,416,ISIC_0013675.jpg,ISIC_0013675_segmentation.png,7d5519dc15df378d80c30299cfee772c8add24f65383205dabf8b037afd7c6ae,0.172286987,0.999830887
test,417,ISIC_0000131.jpg,ISIC_0000131_segmentation.png,bd1d157d30d28d726abd98882e2d61e31b0185943ff23e8379f035c85f1ecffd,0.212061564,0.999962543
test,418,ISIC_0002251.jpg,ISIC_0002251_segmentation.png,5ffdb712f227d2d991d57fb3375f3840af6a18ddae3f8732bf7e324f7072a3a7,0.292165120,0.999922638
test,419,ISIC_0014667.jpg,ISIC_0014667_segmentation.png,b708044899ea9a42b5ab27c575f81b6223b2af8ec6fb03742e82db1b42675325,0.509760539,0.999889599
test,420,ISIC_0012290.jpg,ISIC_0012290_segmentation.png,397c8a25da12a14ac0f74d5eea426610439c3286edf92391804da394f482e8a7,0.153503418,0.999907082
test,421,ISIC_0013438.jpg,ISIC_0013438_segmentation.png,232825cca7bbcf5a6a7a2ee2ef831df5087635cdf74651e12a957c3a5d96a926,0.205500285,0.999737912
test,422,ISIC_0013667.jpg,ISIC_0013667_segmentation.png,c13a4b618e7c05169c227e0fd60b2179c807532f07c0dcf3bc5463700bb08fc4,0.126536051,0.999869293
test,423,ISIC_0013126.jpg,ISIC_0013126_segmentation.png,d93b8fb7ec1ef71a49aae5b51bfb75ff2b7a7fcb2b3c79f3992973455af3afcb,0.206105550,0.999771624
test,424,ISIC_0000098.jpg,ISIC_0000098_segmentation.png,c40e9df53fdf5f480b32d66ca9b3389333ccb7fe9b0da14f1b8f47e53e237f98,0.000000000,1.000000000
test,425,ISIC_0010040.jpg,ISIC_0010040_segmentation.png,bfc741289be8d80ba40989060a3ddaeca5ff5f9817ac75be517eb6465287ad46,0.089309692,0.999905251
test,426,ISIC_0013684.jpg,ISIC_0013684_segmentation.png,a1febaffa24d134f569bacea1b8b359619223952f4f14d01f1ac8a0d22e2b357,0.256469727,0.999884422
test,427,ISIC_0013980.jpg,ISIC_0013980_segmentation.png,ea6b63f4bfed29e0273c16f39b28622c46eb28ad34cbf0341f1dc0883de69da9,0.196584066,0.999793619
test,428,ISIC_0013935.jpg,ISIC_0013935_segmentation.png,c78f4f75f85e597df15e73be6e62a21d96961779c3e87cf8fd8172c9b6ac8b5c,0.221562703,0.999421571
test,429,ISIC_0014044.jpg,ISIC_0014044_segmentation.png,e346682795597a2eee0134c51a374aaf6f528b58d45e16ccb0cae423e1dc402a,0.259155273,0.998801177
test,430,ISIC_0013778.jpg,ISIC_0013778_segmentation.png,8e0a9453c77c1841220df81adb3c12be518abef37542fef1e978d90589f22432,0.265263875,0.999689749
test,431,ISIC_0000471.jpg,ISIC_0000471_segmentation.png,5121b593512a65fcf9f35f4ba6b786e660a8fbd7a8b2973ffc92c0208334f1ea,0.223353068,0.999871165
test,432,ISIC_0012517.jpg,ISIC_0012517_segmentation.png,1846478c6f4b4c5024016751686abfcc0b2f6f6818602dcbeb6c009442abd82d,0.132161458,0.999808347
test,433,ISIC_0000133.jpg,ISIC_0000133_segmentation.png,465f57f31acf688038a4035ff84f7dfb68fe4dba64f70875ecd6be72e8c03180,0.000000000,1.000000000
test,434,ISIC_0012671.jpg,ISIC_0012671_segmentation.png,11f8393caa67662f6f3b62778fd3a0e7100e8813e4fbd04a8ff283a5957e7edd,0.064997355,0.999934718
test,435,ISIC_0000189.jpg,ISIC_0000189_segmentation.png,45925e1cf180e02034440cf0592351069cd298ba33056668af50ed3f1876316d,0.213460286,0.999959859
test,436,ISIC_0012692.jpg,ISIC_0012692_segmentation.png,1f39f381ed0020acf129e5bde0296d613a5aef475dbba9fa05161e928a105f0a,0.172286987,0.999723802
test,437,ISIC_0000326.jpg,ISIC_0000326_segmentation.png,0f1f63ec700652447045e345dcf46f79e1e287265dd9d06c05baf89afdf881b6,0.000000000,1.000000000
test,438,ISIC_0000368.jpg,ISIC_0000368_segmentation.png,e1e33c785e26b45941ad6037e2ee85452df21ff07f9671254bb3e98a4a22ef0b,0.000000000,1.000000000
test,439,ISIC_0000141.jpg,ISIC_0000141_segmentation.png,2c553958a36b66551a5c1801b3121260a8891d2980e37b3294be3f35918cf28f,0.192245483,0.999931511
test,440,ISIC_0000263.jpg,ISIC_0000263_segmentation.png,e251e57c7a60f42e3b74f5d6fe095bbbe197b05bf59fd242bf3573fcf7b14960,0.186116536,0.999967256
test,441,ISIC_0014089.jpg,ISIC_0014089_segmentation.png,491fa71867cfc6d2e93076d8419f926eeafb0be6231ef844be222f9e93504c2d,0.145497640,0.999807454
test,442,ISIC_0014715.jpg,ISIC_0014715_segmentation.png,2ad91bed1875cfcd3d7802b59cf215f7daaff04cb073c880c7b4bc388de3f5ad,0.572784424,0.999829618
test,443,ISIC_0002093.jpg,ISIC_0002093_segmentation.png,883c9799664dca74372b42b5de59c4055ebfddc691ac799a53d7a22d2d1e3da6,0.363357544,0.999870086
test,444,ISIC_0012495.jpg,ISIC_0012495_segmentation.png,14917c5bffae00d8ea364d4ab1ae203047ff53d8927f725ddf34b998ab33f624,0.162638346,0.999555933
test,445,ISIC_0009885.jpg,ISIC_0009885_segmentation.png,a9938b10f3a7ead4830e6df5ec2bf260c9e83d38a2a0c772dc72e2a3124fdd07,0.126729329,0.999898816
test,446,ISIC_0002459.jpg,ISIC_0002459_segmentation.png,f8f4174a9579719fbd1aebbb4f5f5cb06b2c19c3be09d9d8a7afb94d32bdd1e1,0.260976156,0.999876008
test,447,ISIC_0014074.jpg,ISIC_0014074_segmentation.png,c7156ed34ce21617cb9c1f6f79b7c26f2e2ce318b2fe6879f5294504f09dcbff,0.144439697,0.999891126
test,448,ISIC_0013795.jpg,ISIC_0013795_segmentation.png,378a15645e1d3034bd50b0caba408c51e09a09add70fc77a7bed55c016d265e9,0.188939412,0.999785325
test,449,ISIC_0000531.jpg,ISIC_0000531_segmentation.png,53997cc7d02f4739ba520b1258df8e6671c5ace373a958984066b479a3a51dda,0.394215902,0.999762149
test,450,ISIC_0012382.jpg,ISIC_0012382_segmentation.png,72167f97ff706a8864360a2c7593fbdb75f54a9684f94256ad7cce0a5d781b94,0.202738444,0.999925000
test,451,ISIC_0002948.jpg,ISIC_0002948_segmentation.png,58b3b6f389e21874cb3bce4debd2b30fb3e246278ae1f2d8b2b5940aa507e57c,0.206848145,0.999907998
test,452,ISIC_0000480.jpg,ISIC_0000480_segmentation.png,b099bed0edbca2862ada0e029c82758b1c1cf37e020b6eeb98589e0c853c0612,0.492935181,0.999490315
test,453,ISIC_0000330.jpg,ISIC_0000330_segmentation.png,03c943bb0a7d9b10e5739219ddf979262c655d481329364f98797d6d008a1ef5,0.000000000,1.000000000
test,454,ISIC_0012810.jpg,ISIC_0012810_segmentation.png,959aeaed9a1ce97474d47e9f3e6929cdb83c3f2040d49d7befe226cf6b4bb2e2,0.088261922,0.999825266
test,455,ISIC_0000259.jpg,ISIC_0000259_segmentation.png,92b467af827b0725820fe9fb5e0a59e75a892ef4951005170ff3dc1baa9c9022,0.171452840,0.999926537
test,456,ISIC_0012164.jpg,ISIC_0012164_segmentation.png,e9ac550ed32f40396a6cb3eaa77df03ad6ec5b62a20931ab32562fcfe9f30b04,0.206166585,0.999530507
test,457,ISIC_0014570.jpg,ISIC_0014570_segmentation.png,7e1ade6db461dcf9f94f702939d838760ace0bdcea2944257e78b1861ab708fe,0.189102173,0.999930935
test,458,ISIC_0014651.jpg,ISIC_0014651_segmentation.png,ba67dde58e8d294a0c9eddb923d8f8ea8864a6a9c04d7f14975298ca1200e7bf,0.068944295,0.999954009
test,459,ISIC_0014507.jpg,ISIC_0014507_segmentation.png,bc6388321023891d2ee1d1fd231442e6ec3565652218a7b1630bb70c8018419f,0.102579753,0.999923749
test,460,ISIC_0000509.jpg,ISIC_0000509_segmentation.png,4065ca292f0e3030d00f83003c75eff436d38af60eefbc01eba805d8741866ad,0.233566284,0.999873648
test,461,ISIC_0014511.jpg,ISIC_0014511_segmentation.png,b837b9b7cdef893f72ea640d2fceb2994c0ac090aac0e8bcf59995e0e44b6dcb,0.095637004,0.999950135
test,462,ISIC_0000486.jpg,ISIC_0000486_segmentation.png,7bbcb3daf106d6bde88ae496f8a92421fdce7d549760406a1856629f501d630d,0.156723022,0.999891199
test,463,ISIC_0012740.jpg,ISIC_0012740_segmentation.png,3f92bb27833cbc05559d7a9723a5cc1f2d8fae049574be8ebebf688299fc929e,0.170430501,0.999863921
test,464,ISIC_0013558.jpg,ISIC_0013558_segmentation.png,e325464a45f2a6bcf319d9b55316de2739eeac16ea142ea3ac6b1bc668e93162,0.218688965,0.999782723
test,465,ISIC_0015032.jpg,ISIC_0015032_segmentation.png,b8f248fb36ab1776b7937336bfbab086e28d84cce4f5d0cd636510b307cac2e0,0.451507568,0.999924844
test,466,ISIC_0013410.jpg,ISIC_0013410_segmentation.png,f66906912e98f5208b6846209fb7cfe32d43a473c2d50ca318798c973c510f17,0.221776326,0.999243118
test,467,ISIC_0014131.jpg,ISIC_0014131_segmentation.png,b0066c709e4e2f64e05cb7f934fa9c3afbb9fde85679bb3be6370b82de18e475,0.158528646,0.999828434
test,468,ISIC_0014642.jpg,ISIC_0014642_segmentation.png,fd49f53fa7959d470b1c99a1f9dc87056a999d32f69c3eaed943e2deec666d7c,0.082463582,0.999947231
test,469,ISIC_0010606.jpg,ISIC_0010606_segmentation.png,7370828badca99d3cb0ee5b21866392f5adbe207f14dd3768509e12dff041bc3,0.233489990,0.999930062
test,470,ISIC_0000444.jpg,ISIC_0000444_segmentation.png,8490e364ce993544f8367e0a190c764f9baeab22fffe9e5c549c9bf0b9093fa9,0.124176025,0.999939552
test,471,ISIC_0012213.jpg,ISIC_0012213_segmentation.png,bdfc65a9b9e43068b07bef5d7b6bd874e0aa582230da23e31cadf0d724cbfd44,0.209828695,0.999688259
test,472,ISIC_0012324.jpg,ISIC_0012324_segmentation.png,3e53ca03ddbf9b2562ccf1a4f665395924462131d3e5b23d06bf1defc2821a9f,0.277440389,0.999857747
test,473,ISIC_0013174.jpg,ISIC_0013174_segmentation.png,471c8dae2ed12520954e49d5ca66d6aa6f87d325193fa396304fc618f4111c7c,0.216150920,0.999875466
test,474,ISIC_0014603.jpg,ISIC_0014603_segmentation.png,ccc8280c5d5bb05deb7196f3cf0af26e31412ef43669ef72003feebd1177651d,0.112945557,0.999949980
test,475,ISIC_0013552.jpg,ISIC_0013552_segmentation.png,d8b520b89d415c311a4192b1ff515101168e0a8ffd6d0b616e1a2dbd27b6df04,0.294855754,0.999846635
test,476,ISIC_0014806.jpg,ISIC_0014806_segmentation.png,75ae1b8afba4c46ca557310451436deedadf5fd4ae5384373e4cb4cab33bb79d,0.423670451,0.999920051
test,477,ISIC_0012205.jpg,ISIC_0012205_segmentation.png,48fb5b2693923f810c0de8a0af0946481b41376b4bfcf88f85e19e98f43364c6,0.140884399,0.999851264
test,478,ISIC_0000174.jpg,ISIC_0000174_segmentation.png,2fe4f2b94593979d61d005d5d6a24bb84bc749d3a1c1c21f4d21a4ab28968914,0.268992106,0.999918433
test,479,ISIC_0013918.jpg,ISIC_0013918_segmentation.png,9250abbc68f9c1425377faa1328fb2981afec613f3b1cd137ce798a780f366b2,0.196889242,0.999723474
test,480,ISIC_0010178.jpg,ISIC_0010178_segmentation.png,6ca25794d15a472fe9bdf913e431f2c8bfcd52e6ae7326068c8a22d63c5ef86b,0.150497437,0.999888811
test,481,ISIC_0013320.jpg,ISIC_0013320_segmentation.png,3e699cd9483576cfba6091daaf48e321e201a3559d29a9d0ecdb90fc86027aae,0.192179362,0.999872270
test,482,ISIC_0010336.jpg,ISIC_0010336_segmentation.png,e6648d5e827d4372b6e30348a4b02e112a10a2522d733b61cf806b954dffeac5,0.204147339,0.999914487
test,483,ISIC_0000011.jpg,ISIC_0000011_segmentation.png,15e933f43129405f29352ce2573ad2dc7563721d8ad730b8cf2f7a2d72437e14,0.081136068,0.999981658
test,484,ISIC_0012715.jpg,ISIC_0012715_segmentation.png,5ea61030b33557ef9e7640eb898b1ed474a7aafed7370084e4edb953a2c921f0,0.195643107,0.999739726
test,485,ISIC_0012981.jpg,ISIC_0012981_segmentation.png,1b50b4ed3a18651c829d805fb872227a8b3fa64fc75895a7214d991556124769,0.207931519,0.999854266
test,486,ISIC_0000258.jpg,ISIC_0000258_segmentation.png,5eb6d348e67bd60a31783d5f21597ab4bab81d440de85d672815ca7786d98169,0.189046224,0.999935841
test,487,ISIC_0012177.jpg,ISIC_0012177_segmentation.png,08ff710c67c53d1f63d7509e027008076c17cf0518e04098fe9676f8071d3b41,0.171788534,0.999674159
test,488,ISIC_0000426.jpg,ISIC_0000426_segmentation.png,90ffad89a55533fcd3a1d20f3694ec8c2df7befe694baefe0805b5bc6de71e41,0.124984741,0.999985920
test,489,ISIC_0011210.jpg,ISIC_0011210_segmentation.png,e3f01427abafec3c0600fcd09225df2e2d346d1f91bf2002eb102e78d66fe2e9,0.346466064,0.999678118
test,490,ISIC_0013523.jpg,ISIC_0013523_segmentation.png,fb847764d1f0aa6059882333ffc51bbe38da816e5e201f9476ac60d8fb11c905,0.257019043,0.999694104
test,491,ISIC_0013837.jpg,ISIC_0013837_segmentation.png,935217e67dd54dec593a063d957eb45c96ee90e9e3667b467e35e9f08686f26e,0.185953776,0.999622820
test,492,ISIC_0013865.jpg,ISIC_0013865_segmentation.png,484c1cf0333ec765780f3b4ebbf8d83fef7a77967187dda907a87a640532c1af,0.252517700,0.999753915
test,493,ISIC_0010222.jpg,ISIC_0010222_segmentation.png,167c329606faba3cb96222861b604c022d9f86896898810aa8c8373c012c94d2,0.278488159,0.999859439
test,494,ISIC_0000317.jpg,ISIC_0000317_segmentation.png,4bc42bb1d052f05e9f7643660068b26faf9710f86d035c2277a0f45ac74c3bd6,0.000000000,1.000000000
test,495,ISIC_0000134.jpg,ISIC_0000134_segmentation.png,6b2239414c6fdeb080f40146b0e9bda79f9b0a89ab6a912f16bf51c84855d9d5,0.000000000,1.000000000
test,496,ISIC_0011157.jpg,ISIC_0011157_segmentation.png,180978629f15718dd35e68c86745ee546e174efa5d615edd25205fb82c292fb7,0.146291097,0.999923719
test,497,ISIC_0012278.jpg,ISIC_0012278_segmentation.png,e0ac33483406e0bb841ff1dbe5cf546e5e0ff36419528b5f4bebfba27b880462,0.273605347,0.999813665
test,498,ISIC_0013031.jpg,ISIC_0013031_segmentation.png,4fc20991eca66138e9a496c04f5f113c9311120bce118569d9d8531624846277,0.219523112,0.999630278
test,499,ISIC_0013330.jpg,ISIC_0013330_segmentation.png,678381b8a93f9a1a16358bf24b8896166f17ab428da6dc5fdaab2476029ccfd2,0.182078044,0.999870143
test,500,ISIC_0011137.jpg,ISIC_0011137_segmentation.png,49abd074ef1e258830980f012d416818055777d531e9b19e1b7e753b2a25b500,0.155543009,0.999943195
test,501,ISIC_0010447.jpg,ISIC_0010447_segmentation.png,5a4639d500963b1af26d314cfaf2c259f22bca78015b5549995201ee0cb98458,0.248168945,0.999873274
test,502,ISIC_0012175.jpg,ISIC_0012175_segmentation.png,d43fa94ccebf3b356a6fce2df73ca983c569b9abd5ff9aaf8edfee292bdc7eb8,0.141871134,0.999668471
test,503,ISIC_0000205.jpg,ISIC_0000205_segmentation.png,d1f307bd3b3faae16338d55330970f306e0b1fed772c911de017b07748b3b7b9,0.275232951,0.999955616
test,504,ISIC_0010257.jpg,ISIC_0010257_segmentation.png,ce7e9850c86f120a9a67c1c2f7adcd935c19ba6a904c09c9838a93027112218e,0.193929036,0.999796232
test,505,ISIC_0010078.jpg,ISIC_0010078_segmentation.png,cb1a1559d10d2868d161ce8aae4a77a3a1987dc402dce557b4a1383cf5417763,0.279739380,0.999916088
test,506,ISIC_0013936.jpg,ISIC_0013936_segmentation.png,431ed346fe27d555b00b20ead4ea57f4a7050b7751f7d866b1acca4eb54811e1,0.220860799,0.999648620
test,507,ISIC_0000139.jpg,ISIC_0000139_segmentation.png,f7876ae6334ffefc0a8012740f271e87aa43f1d7e1f0db1ec569637632c4e4dc,0.222961426,0.999923837
test,508,ISIC_0013709.jpg,ISIC_0013709_segmentation.png,1806c68041b86ba6730b5f8e34e337ac57a6eb3ce24e3df227a9f2e9c3752a96,0.243398031,0.999818102
test,509,ISIC_0012512.jpg,ISIC_0012512_segmentation.png,052cc7ef11f9088cc2136e61984ad363016a5e317135a5dac84357b4f35228fc,0.141082764,0.999809699
test,510,ISIC_0009905.jpg,ISIC_0009905_segmentation.png,a505d6240b675acb6e53cd80060efafa441a01bb1927772b1cc685740e71c966,0.285191854,0.999890855
test,511,ISIC_0000292.jpg,ISIC_0000292_segmentation.png,7e155d5ea2f4e0ed52b9572658ea99e533425b2f5f70c94c8202681463e29a63,0.186833700,0.999968720
test,512,ISIC_0014915.jpg,ISIC_0014915_segmentation.png,2e100ec2f28e72c7bda4bebff41af7ce1e36f33510c07b0bcabf845a44c13cd1,0.645273844,0.999870944
test,513,ISIC_0000066.jpg,ISIC_0000066_segmentation.png,ef3e15f6fc58bc0ae0b6cbb8c70bf791825e821c3e535cabd6b9820d9595a1bd,0.150456746,0.999981826
test,514,ISIC_0013933.jpg,ISIC_0013933_segmentation.png,556db0f94257bae901016c7d44efc3889c923174a7037b2b0977fb111f4461cc,0.217554728,0.999905178
test,515,ISIC_0011310.jpg,ISIC_0011310_segmentation.png,05be38301ce49c7b829b479290be08f9bcee7e0290c9ab61ed2bb29131c605d3,0.118891398,0.999881487
test,516,ISIC_0012970.jpg,ISIC_0012970_segmentation.png,f552fc4f14269ab885312e528209a6a7a63119f8453ec11b3a366ebac016009d,0.300130208,0.999887275
test,517,ISIC_0010042.jpg,ISIC_0010042_segmentation.png,0a950371d5b458d31d44940960e9d7a6ba4b798a0a1dd0283ec1564d6e8edb24,0.154886882,0.999757772
test,518,ISIC_0002616.jpg,ISIC_0002616_segmentation.png,dadb05eaa113d66c0254d3fad20177557b69712a4a2e8f7bdb34955b42b9a634,0.192286174,0.999940021
test,519,ISIC_0012211.jpg,ISIC_0012211_segmentation.png,29509b1e651438a023c22740363838f1444244dd26170c3bcc816abcda93095f,0.152170817,0.999862267
test,520,ISIC_0000119.jpg,ISIC_0000119_segmentation.png,5799ec7731731de571922fb0bbf77f5e34b36b1beb26205defa015bbbf0ad9b0,0.000000000,1.000000000
test,521,ISIC_0014591.jpg,ISIC_0014591_segmentation.png,b1e5287c4fe05771c132f41c6ba6264c2ecf04d29b95cfd6cc863b8ff91c175b,0.095097860,0.999949687
test,522,ISIC_0014576.jpg,ISIC_0014576_segmentation.png,1bec796dc6d68118adb79aecc6c612e737d563887e01dee4fcb4c7e48b14ee69,0.074707031,0.999980469
test,523,ISIC_0009868.jpg,ISIC_0009868_segmentation.png,ed0dd6132baaa341c0db96f6a4ba5b22fc832806c829f61467764909d042e600,0.207738241,0.999864239
test,524,ISIC_0002975.jpg,ISIC_0002975_segmentation.png,4db489753eeaa2ca083ae39469f382c8b204ab2213b51f8e2292a3aa8a58ad76,0.258438110,0.999931119
test,525,ISIC_0014222.jpg,ISIC_0014222_segmentation.png,b260dd517d3878b1cb83fa6dd9993a45a06e883f7bdf992eaee300ccd2ff4574,0.117034912,0.999881937
test,526,ISIC_0000370.jpg,ISIC_0000370_segmentation.png,46f0de3c3f54b3a11194137528b0ec054106def5f66b42892093b59a1c683562,0.000000000,1.000000000
test,527,ISIC_0008396.jpg,ISIC_0008396_segmentation.png,3268a65860be2689458ad5cd785dfdd97812bf816e3d03a3c64471979677f67a,0.160695394,0.999862888
test,528,ISIC_0011352.jpg,ISIC_0011352_segmentation.png,f3615a5db49b921495b10f2e87a11b804246b526fc5e6139c187194593d4231d,0.169637044,0.999917259
test,529,ISIC_0012511.jpg,ISIC_0012511_segmentation.png,70f589f9172f04fd9390a43fa73a77f2f6af73cd31070d87d4c0b1b3fe5cf783,0.114212036,0.999827850
test,530,ISIC_0012406.jpg,ISIC_0012406_segmentation.png,16eda94bd3d849bbb897e13b69b8b8518d8f288af0ffb3629080b5aec32116bf,0.259297689,0.999334372
test,531,ISIC_0015168.jpg,ISIC_0015168_segmentation.png,ae82a4683351ce760e4d23efb735e1f809306641fda35ce125e3addf648ed84b,0.344182332,0.999932732
test,532,ISIC_0000290.jpg,ISIC_0000290_segmentation.png,7fb76377d32a24c2535953e03fc196c966f34640dd9da4f0d21d9de7e5ebb5a7,0.081614176,0.999993356
test,533,ISIC_0011161.jpg,ISIC_0011161_segmentation.png,a25768f1162f16d6510d2e21f3b8a6ffa191ebb2a609ae7af03fda74936a4350,0.236857096,0.999879451
test,534,ISIC_0014092.jpg,ISIC_0014092_segmentation.png,bbd4cd3448d558334fb43984f85b2cabc04481a516206636383db8f2a7cf73cf,0.135121663,0.999814615
test,535,ISIC_0010473.jpg,ISIC_0010473_segmentation.png,420ac2d897d4bef8573ae16352944e549a5a433f2cedd7546bb2cd6394f7bf4e,0.204788208,0.999891899
test,536,ISIC_0014253.jpg,ISIC_0014253_segmentation.png,2fbec50aaae5b4a6ffdc85c59de8f9a8b91a4fe810e8517baea1740739132059,0.174967448,0.999583143
test,537,ISIC_0013071.jpg,ISIC_0013071_segmentation.png,8de8402d863d28d9f8ea71d7a4b60e8f5d47066f25695a72008cc2ab171d96bc,0.087799072,0.999736427
test,538,ISIC_0000487.jpg,ISIC_0000487_segmentation.png,164b518fc63058959faa61b0c3882902ede9d07f0eaedaa3275a3de6bfc37c20,0.321665446,0.999765093
test,539,ISIC_0014274.jpg,ISIC_0014274_segmentation.png,01aa8131ea2bd03e2e3b112a6a6bc72fa0b5c5efc57e4ee68091f1813223b14d,0.160837809,0.999792006
test,540,ISIC_0013876.jpg,ISIC_0013876_segmentation.png,6a03421bdc3b0c2e84a28ae75b8b925f88abf2bb657bd726c263557c4547f197,0.217946370,0.999822079
test,541,ISIC_0012719.jpg,ISIC_0012719_segmentation.png,f00ccbccba0a50aaeb9487ef04a29eaba8417803b9ee1aafb2680aa9d8425f7e,0.191324870,0.999818930
test,542,ISIC_0000074.jpg,ISIC_0000074_segmentation.png,b428dbf7520035912ca6c200f0c8769f4e9150a3711068054a3cda4fd3309fdd,0.298238118,0.999936147
test,543,ISIC_0010215.jpg,ISIC_0010215_segmentation.png,907a99a9d78fd92f501a72efb416ed8ba5da7adbaafc2275506ee04f0168f046,0.126063029,0.999855431
test,544,ISIC_0014189.jpg,ISIC_0014189_segmentation.png,463c173cb9135f208733ee67701b4fd3a42257a315e5bd0ae27e246926d5cebf,0.139597575,0.999852033
test,545,ISIC_0008552.jpg,ISIC_0008552_segmentation.png,a3c474f7e0bc88a80f97ac56eb06b253fdf8902c5b9d63202278514f7129f90e,0.182454427,0.999949898
test,546,ISIC_0008879.jpg,ISIC_0008879_segmentation.png,74fd300bfc8cf0e30c96dd9d5f3960477806f4d96b05c49c4162b505a6e7feba,0.262090047,0.999906650
test,547,ISIC_0014641.jpg,ISIC_0014641_segmentation.png,175c9cd7d95df496aedafab532cfd75b78eeb67cb09a218c7a5f36165f0c912e,0.074442546,0.999945947
test,548,ISIC_0010862.jpg,ISIC_0010862_segmentation.png,fc4e54f4a03f6205867cf703e31f6b1ec44832af53dbdfeb15f594d90c07cc29,0.252833049,0.999846704
test,549,ISIC_0012469.jpg,ISIC_0012469_segmentation.png,bf4dd516918eb7060a095c40168ed29410f8787988121fa3cb924ae5043bc57f,0.143412272,0.999889615
test,550,ISIC_0000191.jpg,ISIC_0000191_segmentation.png,0011894901df4b1df9e8e3c81a63367e6e4d013fdd08fca963414a9a2d356eb3,0.294235229,0.999950050
test,551,ISIC_0009947.jpg,ISIC_0009947_segmentation.png,1f405ccd1c914240a42e7437ba6f8af05843e726466376427b4a99ceb669f85d,0.268829346,0.999813111
test,552,ISIC_0013390.jpg,ISIC_0013390_segmentation.png,b158069814c2c966c4c119c9da97ce8b95fc2411d51a0d4884c68399a7e69aa8,0.235438029,0.999851665
test,553,ISIC_0014680.jpg,ISIC_0014680_segmentation.png,5e9b782d707ae2afaa0f19e3728b4f3787c2eec7fcd35fe40ffbef9f233de388,0.374954224,0.999932782
test,554,ISIC_0013695.jpg,ISIC_0013695_segmentation.png,6d5591d00c655283f2dc7fb2a8666e74b0a4949d6ad51ff1ad69b09a11187f27,0.253804525,0.999449905
test,555,ISIC_0001128.jpg,ISIC_0001128_segmentation.png,c4d3e0306fa7e56194e311ef8f8d1cb28e22afc5a88eaede93ddb54db5233624,0.102376302,0.999869072
test,556,ISIC_0010216.jpg,ISIC_0010216_segmentation.png,edc11c3c2fe69836af348fa97f8bea281486abb26675b7cf227647f546444f82,0.240498861,0.999802611
test,557,ISIC_0002246.jpg,ISIC_0002246_segmentation.png,e0d95097796f3398308a0a23566050fbdba38aa7606cf1a4555e1f8b7127bd35,0.314529419,0.999905461
test,558,ISIC_0014617.jpg,ISIC_0014617_segmentation.png,f26d192be5cfb56968f6740195265dcd339b0ff15591bb5a9176460eb253ce93,0.199930827,0.999905061
test,559,ISIC_0001103.jpg,ISIC_0001103_segmentation.png,ce0aec792f7b54498f77e0c431ba5a42e45f60766980b4371a3fef96e9f2fd04,0.072926839,0.999920278
test,560,ISIC_0000393.jpg,ISIC_0000393_segmentation.png,f495eb626b182db9ead4075b4f703feb7660b5fb79a9cb4d1f4805a7ae0549f1,0.094746908,0.999923132
test,561,ISIC_0010379.jpg,ISIC_0010379_segmentation.png,a1103bc773dd55c03c1624e6494d5bbafacb41ba852202698d81d25d236523e5,0.231679281,0.999899211
test,562,ISIC_0000380.jpg,ISIC_0000380_segmentation.png,919d5274182f5f0731fceadba80fa96ee1f625c5403dfdb702b6edd57535067b,0.168533325,0.999958142
test,563,ISIC_0014849.jpg,ISIC_0014849_segmentation.png,94340ff7df056ea2f6899ada77dae91df184149727612f98a8ea5ba88647be82,0.300638835,0.999940351
test,564,ISIC_0000331.jpg,ISIC_0000331_segmentation.png,1690d69cdbd91930eeb3bd0bc5edbe42acbc16d2b7282e6210325b95fd366e9c,0.000000000,1.000000000
test,565,ISIC_0011124.jpg,ISIC_0011124_segmentation.png,7bd21447c2277ac72092806295f18de89d89d2e433b645ae3ef24937c0aa73d1,0.165842692,0.999936819
test,566,ISIC_0014581.jpg,ISIC_0014581_segmentation.png,6c5241209658168be9413032e2a867706bca11f9693dd0055c4e3abbee243f9d,0.228388468,0.999900333
test,567,ISIC_0014593.jpg,ISIC_0014593_segmentation.png,32ddd100f7545817995333baeedc9b9a8713901900d657915f5c86d8b50e67ea,0.126698812,0.999967965
test,568,ISIC_0012773.jpg,ISIC_0012773_segmentation.png,20bc2a63f8d336c8c2178a77a8e2eb03ff2694186df570c23ee395c5f3b820ed,0.215652466,0.999894600
test,569,ISIC_0013268.jpg,ISIC_0013268_segmentation.png,3ff142eb1d3d57c863288506f89144c3284301a684bce9f7a41a1c4eb0f49c4e,0.223470052,0.999848069
test,570,ISIC_0010059.jpg,ISIC_0010059_segmentation.png,5e18b54c4671cc47111292f6da55deb714213019e55b367c94f205553fb5637a,0.265106201,0.999720084
test,571,ISIC_0011362.jpg,ISIC_0011362_segmentation.png,2d3c9bf3c39789feb12b0342af5def0d66fd28b4d5cc35981ee0d5192245ffd1,0.161687215,0.999847047
test,572,ISIC_0011212.jpg,ISIC_0011212_segmentation.png,f333d2561c974dd1d1e3200318a549393d0e84924d6c11d500a25792ea68acc9,0.128885905,0.999948272
test,573,ISIC_0013274.jpg,ISIC_0013274_segmentation.png,1861412c8cc6cd4e88337d8463c4d6e57c921574f60a8153a72033c3537c5002,0.498906453,0.999213669
test,574,ISIC_0013656.jpg,ISIC_0013656_segmentation.png,a58e031fa50cd7e3ee0b19d1baaf490637fd3ab899a7f86ff7d9f1f7d7257610,0.129053752,0.999805079
test,575,ISIC_0010102.jpg,ISIC_0010102_segmentation.png,609ceae87fe7fd863b72558f87e22d967eb5bb366e9e8cc43b148a22b1fe5609,0.231363932,0.999815956
test,576,ISIC_0013217.jpg,ISIC_0013217_segmentation.png,0dd235c21ea0189c38d1f34977658c7bac60f502433adf985b4fe09b3255a7e7,0.132136027,0.999801412
test,577,ISIC_0000068.jpg,ISIC_0000068_segmentation.png,f44f1989370422bbfa841d26c1cf908efe558b3a5244c24660e2ecc445aee7b4,0.132502238,0.999980639
test,578,ISIC_0000278.jpg,ISIC_0000278_segmentation.png,3530b7b152cb6977c98a2890d868e83627437e144e83e005e588a5b4ce17cc21,0.185373942,0.999968528
test,579,ISIC_0013275.jpg,ISIC_0013275_segmentation.png,885e0e013441ab7e9ed6013057c042256dcce990deb480bf323e0bdfc3de3fc7,0.197224935,0.999771934
test,580,ISIC_0014694.jpg,ISIC_0014694_segmentation.png,90de02ff44450b906b5f42b1e9d63fa5cb9955aba6a55e8da75c7aaea7a98167,0.419535319,0.999938518
test,581,ISIC_0012238.jpg,ISIC_0012238_segmentation.png,e77a4742c52bd11de1f4891d2d273d604cfe664220d7a70242964e16839ffafb,0.193700155,0.999826868
test,582,ISIC_0010019.jpg,ISIC_0010019_segmentation.png,88ec592d47b8abb0f6bfa6c052b97fc60b49f9ba97373f78c1fc506d0265d044,0.186767578,0.999930681
test,583,ISIC_0011330.jpg,ISIC_0011330_segmentation.png,79b0449d98749bfae21c59051706e9d66cc3fff41ce67d4c77c3b788f39d9f89,0.213938395,0.999903485
test,584,ISIC_0012709.jpg,ISIC_0012709_segmentation.png,2fc53a4533781dd780eeb05b7365e6e57b9d9213d2a07be04cd3d8f5c3c8f695,0.190373739,0.999898340
test,585,ISIC_0009940.jpg,ISIC_0009940_segmentation.png,d61782a3e1427cee2b7f12d1d7feaaed83b858b56fc23ff3a0535a0d834bd976,0.215459188,0.999930462
test,586,ISIC_0012792.jpg,ISIC_0012792_segmentation.png,188418f86344f3e945bcb36398ebace108ba12db3122fbe8402039e202fa30e0,0.210016886,0.999890433
test,587,ISIC_0010497.jpg,ISIC_0010497_segmentation.png,8df88d72661a0f6909f40483ac2d9d33c25f973a0814afc6f23cba72d6d4b22c,0.138331095,0.999863495
test,588,ISIC_0013584.jpg,ISIC_0013584_segmentation.png,53011198ac28e3b3a3f4a66e38af506606d33c724886a662b3eb13fa148efde5,0.250381470,0.999674490
test,589,ISIC_0014029.jpg,ISIC_0014029_segmentation.png,75c02d03ce1e471212dbc92d2c4ce9b60b1ae72d30d52aaadd78673c24271e67,0.165445964,0.999750426
test,590,ISIC_0012749.jpg,ISIC_0012749_segmentation.png,1c93418fce7b95713be0347a17b00c5545a5a35ab878c25320bd451930f12674,0.257385254,0.999922041
test,591,ISIC_0013456.jpg,ISIC_0013456_segmentation.png,bdee6304d2ec0671b54fdbbb0b10c812ca68b0d1cba5a9ef144e35e3c3131e1f,0.205830892,0.999761642
test,592,ISIC_0013861.jpg,ISIC_0013861_segmentation.png,a20a51e0a26a557ebbf96371618cc31e2749a3e6352c855d5e3c04bf7cdf87c5,0.217890422,0.999776273
test,593,ISIC_0013244.jpg,ISIC_0013244_segmentation.png,adf9501dc9ab5751e45efe9f47d8ae0cade327355b21220e1f3ff704a636fc41,0.447758993,0.999728458
test,594,ISIC_0011205.jpg,ISIC_0011205_segmentation.png,270206a8db527edcce96523ad0b58874f3dc49b39a35ce7f22fa9fc350b4a6b8,0.213770549,0.999934987
test,595,ISIC_0012334.jpg,ISIC_0012334_segmentation.png,6f519c1a8ec47549ad914115d69cf3cd39d67de49fe6a23cdc0f95079bbbebf8,0.237594604,0.999808591
test,596,ISIC_0013910.jpg,ISIC_0013910_segmentation.png,2bd3d9b57c12578ad0038a01b7b11df65bdf64b37ab9c3c30da1a1e709086854,0.235468547,0.999808305
test,597,ISIC_0000999.jpg,ISIC_0000999_segmentation.png,b0e3e3f80655ee1f7df60f2b5d3725b9519a489f93a74c02b9c894f29dabfcb9,0.311040243,0.999899388
test,598,ISIC_0014157.jpg,ISIC_0014157_segmentation.png,520e276dbbac7d2abc7c9636ae96d6479927b83bddd3917740ff5213d2173aa1,0.096232096,0.999916632
test,599,ISIC_0000369.jpg,ISIC_0000369_segmentation.png,7c5838ee0e4a5e23d11547afe9d21ddd3fd15f3674231c8546b5c6e7a7ea2f2a,0.000000000,1.000000000
