split,npy_index,image_filename,mask_filename,mask_sha256,image_mae,image_correlation
train,0,ISIC_0000240.jpg,ISIC_0000240_segmentation.png,a7c11fbe784c9bb90cc7fb9f131ddca9918361a26088c773aac409a36e1a9841,0.109848022,0.999945380
train,1,ISIC_0006940.jpg,ISIC_0006940_segmentation.png,528903c37d3259a23b5b10415ec43fd12899683f45d5520b6ea60819017fe2d1,0.108510335,0.999958466
train,2,ISIC_0015412.jpg,ISIC_0015412_segmentation.png,747f256132d098d7973779c7601f1c94044d8fe7123f99b02a1d4b87726b2cb0,0.526173910,0.999749094
train,3,ISIC_0014765.jpg,ISIC_0014765_segmentation.png,a4b93316fff23492ebdf181ade7fa5690a1aa51abc229a2bc0d19b540e7b3a40,0.449050903,0.999913648
train,4,ISIC_0011328.jpg,ISIC_0011328_segmentation.png,c045db84a475e9d03d7fce4f3726bbf5dffd63832b9373c4ad86a2e6777f285b,0.194966634,0.999850952
train,5,ISIC_0013617.jpg,ISIC_0013617_segmentation.png,96a9f7aac2fe7ca9e44ca8b3aa5a7dc31248c39eab96fd863f3f0dae24c87820,0.489430745,0.999663544
train,6,ISIC_0016059.jpg,ISIC_0016059_segmentation.png,083e293cd2a03717545f7c552e9ec7800752fb438d7b9a35176d97bab15f9d90,0.143432617,0.999210293
train,7,ISIC_0013365.jpg,ISIC_0013365_segmentation.png,86298a75e23dc2cd30bcffa1e480efa2fdb19440f55b8116d17b86922c7d712e,0.455744425,0.999585635
train,8,ISIC_0010590.jpg,ISIC_0010590_segmentation.png,e4b3a7bb0178e89364c9ea9fa7f83cd33e12f1c7a3dd3959bca7d5b7fda55013,0.078989665,0.999940378
train,9,ISIC_0011344.jpg,ISIC_0011344_segmentation.png,27df6acbf42cec0b8b185b0af85bf9f609a8a53e4403f7773a0b95bc8a25e774,0.355097453,0.999648011
train,10,ISIC_0010089.jpg,ISIC_0010089_segmentation.png,1ce4ff8946f783dfb718bb9e6fe94d55f1fd17d1a30d173172a12c95869dfd0e,0.130701701,0.999885129
train,11,ISIC_0014742.jpg,ISIC_0014742_segmentation.png,9a18fe73b50c9d507a70d9cb405e102f8a4e38a2d7582b213d8cacff1fe6dde3,0.496414185,0.999930172
train,12,ISIC_0012149.jpg,ISIC_0012149_segmentation.png,40f5a41dc7e6c9e4ce9d7a506eeba3dcc908608f6ae9d503a9f389038a390431,0.282745361,0.999888756
train,13,ISIC_0015481.jpg,ISIC_0015481_segmentation.png,bab830b653fc644438a7ef129d38ccc4607fa38ed07189d429455c999bd438d9,0.317886353,0.999944008
train,14,ISIC_0015255.jpg,ISIC_0015255_segmentation.png,ea15e004a8c1ee6d9cf7ede3c3986572a7eef0c81c853c2a50e5a5de0bf7bb25,0.528121948,0.999897289
train,15,ISIC_0000126.jpg,ISIC_0000126_segmentation.png,ee0d1920ea5de0fb50bc3f8f0205bad9e392abd1d40137778f2cf1f9ad9be9f6,0.000000000,1.000000000
train,16,ISIC_0014219.jpg,ISIC_0014219_segmentation.png,13dab7f5f766e18e7a7d76c432ac2fad6d3b572d29158d4b7845f994bd320fe5,0.127171834,0.999770916
train,17,ISIC_0013405.jpg,ISIC_0013405_segmentation.png,0ff717d09a0956accbd1dd72ab7144983fd65a3031646b213f52e758cdf972b0,0.237711589,0.998907572
train,18,ISIC_0010576.jpg,ISIC_0010576_segmentation.png,a2698beffae8aa39c381344debd9be8bb974e3bb52738cbca7c78b7c7439e874,0.205210368,0.999920586
train,19,ISIC_0012793.jpg,ISIC_0012793_segmentation.png,b22cc79761189be8376dd95273ba540791d8f6f79ac3a46f388df517d1287838,0.231679281,0.999835702
train,20,ISIC_0010251.jpg,ISIC_0010251_segmentation.png,b4f44c24083174eacb5ed286e7665bad9e2ecc98291d5f64298653b13bb20dd9,0.115203857,0.999936322
train,21,ISIC_0014160.jpg,ISIC_0014160_segmentation.png,0557db38069123c3b1df4215b07929812acc99c63ac44d28f7bb396280cb273a,0.233393351,0.999609912
train,22,ISIC_0000455.jpg,ISIC_0000455_segmentation.png,f61c466cfcab2ebeff6c7011f23a877a65669bad9b596b08f58ede4caae38ede,0.082463582,0.999951463
train,23,ISIC_0014139.jpg,ISIC_0014139_segmentation.png,83fc5b1eee4886032795b3ac35ce646d0561d8071e6b6812b60ded610f3cf114,0.142222087,0.999793395
train,24,ISIC_0013159.jpg,ISIC_0013159_segmentation.png,0cd49c4ae71eabb663d4e147cb2dcbbe0ace8c4665bdfabf49e827e8775105e0,0.237431844,0.999840081
train,25,ISIC_0011115.jpg,ISIC_0011115_segmentation.png,2e1452ba76d070fd65eb57f192019dd9c863424f4875fb575ae6605bf3bd6d39,0.262161255,0.999744174
train,26,ISIC_0010225.jpg,ISIC_0010225_segmentation.png,4c1a41efcd76b0fe684e40dce3e91cbb677f76097fff3f0086ddf678e5bd7669,0.203201294,0.999703346
train,27,ISIC_0000513.jpg,ISIC_0000513_segmentation.png,db5a560ac929396d0d5acf90d76175500f4d3347a0cdcc4096a08a54c59ff12f,0.244501750,0.999860552
train,28,ISIC_0014108.jpg,ISIC_0014108_segmentation.png,60c050769773c3bd60e3029777eb028f4742efb1c1fea9c976cb725d93638dd2,0.084833781,0.999948895
train,29,ISIC_0008659.jpg,ISIC_0008659_segmentation.png,57f980af1bdc45bd4fcb8167140682da03a3fa9391a095a6de7cf18e41ad0d2f,0.211705526,0.999658977
train,30,ISIC_0013946.jpg,ISIC_0013946_segmentation.png,f047007eaae7879eca5c9419cced655e79d99ffefaefa16c5c880c8699f9c072,0.172754924,0.999744824
train,31,ISIC_0016028.jpg,ISIC_0016028_segmentation.png,ff3e86dd8d5c34f93ad97e124be0c0a655741a50435d4ff9492a2eeab9f9e392,0.122772217,0.999684860
train,32,ISIC_0000193.jpg,ISIC_0000193_segmentation.png,2e35097920ff66366b6047d6726b11703f7f94a18f76c0c8203e10ba00bf6e1f,0.209314982,0.999935093
train,33,ISIC_0001100.jpg,ISIC_0001100_segmentation.png,13f79b5ce1868988773c6207c7da586b8c4c7a047386f447983da645fe1fae5b,0.112075806,0.999917221
train,34,ISIC_0012721.jpg,ISIC_0012721_segmentation.png,b1126c48146826da641e049877c940830f16730d4f74321da7a2136d1b5fdec7,0.151143392,0.999814038
train,35,ISIC_0002453.jpg,ISIC_0002453_segmentation.png,7febd729b57e0225b3280412702ed9223885f27a005b4a15a2da3457ca4c0cad,0.293457031,0.999736399
train,36,ISIC_0012666.jpg,ISIC_0012666_segmentation.png,99e53c8436525bd87ff7cdf60112361ecf7301b0f99e0fc4beab8cadc799a83b,0.104395549,0.999948339
train,37,ISIC_0012756.jpg,ISIC_0012756_segmentation.png,0e53b1e5d0b899a26956fcc783bfcd400f3d763f08be49734d0f077fa4f5b465,0.100046794,0.999904676
train,38,ISIC_0011107.jpg,ISIC_0011107_segmentation.png,c6752ce2a1f85fa7bcb269a1b8d572038116cf62f6af16f3b0755ba3cff3c48b,0.274454753,0.999914173
train,39,ISIC_0010237.jpg,ISIC_0010237_segmentation.png,4915971c9872c455d2e4c6777e12be140e0e7aa14fd850bec5e3ab57ee32112b,0.211232503,0.999905548
train,40,ISIC_0010364.jpg,ISIC_0010364_segmentation.png,c2f0608234b63d656d183d99d8cee506dd86d2ee791eef89d20a0d7211ea7c5a,0.197525024,0.999894159
train,41,ISIC_0010088.jpg,ISIC_0010088_segmentation.png,9ac83c2d9e4b69b05b5861bc539da7a20815dfc94ce735af50439d3e4f78fac9,0.199305216,0.999800189
train,42,ISIC_0000303.jpg,ISIC_0000303_segmentation.png,58f2c331d23e610cbccae8745738141a42559a7c130dbd0bf3e86e49c3cda93c,0.000000000,1.000000000
train,43,ISIC_0001385.jpg,ISIC_0001385_segmentation.png,a30f531abbe930800356acddb7fb0f122f8da209e37ca1d6a819592744e26f97,0.225128174,0.999923357
train,44,ISIC_0012116.jpg,ISIC_0012116_segmentation.png,0e345654391c1a444d7de601e626d3fae56d1b545f7d39b666c6fb05e3f0b9aa,0.233739217,0.999898842
train,45,ISIC_0016042.jpg,ISIC_0016042_segmentation.png,b2c209b6c3d9caebe8bb20623a1254968f26cdc2a5500a3720a6149062ce577d,0.244735718,0.999236315
train,46,ISIC_0011168.jpg,ISIC_0011168_segmentation.png,7c3d974a32e507ad664985036c0106a9860b621fa4385b5b6f8e62024dfc4343,0.207651774,0.999763401
train,47,ISIC_0011225.jpg,ISIC_0011225_segmentation.png,357f9086656d787eed81bbcf191e4d7971d673928a1fbe556cd3ee9b1977c6f1,0.216278076,0.999873574
train,48,ISIC_0000198.jpg,ISIC_0000198_segmentation.png,c7d75ceaee48855715d0928930d564837441a90af1aef485ecdaf566cee4c2c8,0.207194010,0.999958561
train,49,ISIC_0011102.jpg,ISIC_0011102_segmentation.png,f67f4a78f2d2c8615eb2e09fd819aa420b957871c2a8df0a3056083050a29a61,0.235290527,0.999860453
train,50,ISIC_0011169.jpg,ISIC_0011169_segmentation.png,c42c67a9728ce08bd823dfecd25664337ba3ede66b7b9ef116f4ee3aecc59d9b,0.188161214,0.999915899
train,51,ISIC_0015411.jpg,ISIC_0015411_segmentation.png,0a6fc8722e6ec8ca473a76d74482598e8301ff72643e6964fbc277fd43053fbe,0.640040080,0.999778883
train,52,ISIC_0012678.jpg,ISIC_0012678_segmentation.png,4b1c1425e9a2a57b5397a78c5b4059a411f206583630ea7e9703e23ceafaeacf,0.132598877,0.999926857
train,53,ISIC_0005555.jpg,ISIC_0005555_segmentation.png,ca512c0e8d9c19c27b097de55c341f235244f08694f26d7bd8ace74ddd2c3f5f,0.271850586,0.999866676
train,54,ISIC_0013804.jpg,ISIC_0013804_segmentation.png,371bdbc794b73a49698ad284425bba84cb1ee2f01f9e36972f1b113dab8a0c8e,0.219034831,0.999747696
train,55,ISIC_0007322.jpg,ISIC_0007322_segmentation.png,946f048ca72c9cc1d13a2ed5c751618f88d504ae20841f345272a1b32a6e31c0,0.215016683,0.999947900
train,56,ISIC_0011214.jpg,ISIC_0011214_segmentation.png,e4b9cb5f9d459a5e58a1fadce84d25d617b47692580f33902fee28bd95e03eae,0.206105550,0.999946412
train,57,ISIC_0009962.jpg,ISIC_0009962_segmentation.png,aefd33d3eefa7fcfd3cee7c1616aad9431b03291e246d0ce528672550ab8b63d,0.223515828,0.999955431
train,58,ISIC_0014433.jpg,ISIC_0014433_segmentation.png,0880c37b5c83930c710aad82bfd1c37ca2f0d4d5c97aefcfe0df252792832f79,0.099685669,0.999905787
train,59,ISIC_0014692.jpg,ISIC_0014692_segmentation.png,6ca03e4696008e92998c4dac165510758119e755acf9b9201f89b26f1b9f0d92,0.553792318,0.999744336
train,60,ISIC_0010459.jpg,ISIC_0010459_segmentation.png,1aa9ad63f90d68a8b48a546d5783aee05567839b925116dd0cadbdef6e14c31d,0.223978678,0.999875098
train,61,ISIC_0000105.jpg,ISIC_0000105_segmentation.png,a81cdebd745ffb32c1a12d67ccdf34c09c426782234d7a467344e6d1b42e5fea,0.136428833,0.999924396
train,62,ISIC_0000136.jpg,ISIC_0000136_segmentation.png,61bfe8808b824f5258a29b521c6215b114f051bef27d47285152f60fae6b9683,0.118713379,0.999991644
train,63,ISIC_0010205.jpg,ISIC_0010205_segmentation.png,d1e86f4675ac04c4036d02f0bcb74a7697e6a100b1cbb6ce411fd96f58060163,0.132202148,0.999960869
train,64,ISIC_0014998.jpg,ISIC_0014998_segmentation.png,58fe4cc17a5779b2ff5e9e617668fbc4ef7fe3da091128b55db94822bc9d8889,0.483800252,0.999904594
train,65,ISIC_0010455.jpg,ISIC_0010455_segmentation.png,d9718aa568aa88bb6d3ceb536b012d10aaf815cc5ed93d22f7a4868b28272fb8,0.236918132,0.999924097
train,66,ISIC_0000476.jpg,ISIC_0000476_segmentation.png,9691b443df418900b63ae1657ecef7c3eb4aab3d79070d0d7397131fb0415fa5,0.217946370,0.999924036
train,67,ISIC_0009956.jpg,ISIC_0009956_segmentation.png,151cc8add0b1131431d87d912d82cb6b9e50fa983192eb77fedfbf1da350f5ec,0.154937744,0.999932045
train,68,ISIC_0015936.jpg,ISIC_0015936_segmentation.png,c08c7646a57badaa38322485b2d42437b1bf00408bbaf339390e606132276a14,0.320414225,0.999893965
train,69,ISIC_0000037.jpg,ISIC_0000037_segmentation.png,f37056447954a8e1919afb5e6f23c9a9c8448afdc659607ea53a882b97f886ae,0.147801717,0.999976405
train,70,ISIC_0013488.jpg,ISIC_0013488_segmentation.png,d0e9aa728c92d5ad43158f7a61d6eec3aa2c925b7e648166d4b776e01bc586e9,0.356328328,0.999642737
train,71,ISIC_0010011.jpg,ISIC_0010011_segmentation.png,305b13ecbdc3340466c8d2688875cb4f71747ec9cfdcc74b818c77e46d356475,0.165807088,0.999834694
train,72,ISIC_0015232.jpg,ISIC_0015232_segmentation.png,efb4e141de2f98034a32b31693ffd36ec4d74d046e5c303cbcf53d76694d7f0f,0.426956177,0.999876453
train,73,ISIC_0010093.jpg,ISIC_0010093_segmentation.png,b7baed8fa39bccb8eb607468fe0b4e940b19ad06f26f1b7ffc4415dcb2419e54,0.177225749,0.999853781
train,74,ISIC_0013146.jpg,ISIC_0013146_segmentation.png,1f8c9856edc34707153912d947b30dcf5935e25f9ca04db9544a594c3c3def2a,0.160547892,0.999822237
train,75,ISIC_0013230.jpg,ISIC_0013230_segmentation.png,592858aa57199f2eaf024460ba8fcfd04e846587a2c8c02d96f1f5d6d8a45a03,0.161290487,0.999882290
train,76,ISIC_0000094.jpg,ISIC_0000094_segmentation.png,d4061a1eb2c974d245203b0fbdc6cd5a321691faf685f48d46e6910b513cc044,0.190831502,0.999885496
train,77,ISIC_0014547.jpg,ISIC_0014547_segmentation.png,620d69a90d8066f49d8c28865692a462b340425be4af865f1f26259f8a5a41aa,0.114023844,0.999843357
train,78,ISIC_0000261.jpg,ISIC_0000261_segmentation.png,1fced3e79512531351c203fb468886cd459981adad548bcac14dc6cb93d6b043,0.117141724,0.999916936
train,79,ISIC_0012333.jpg,ISIC_0012333_segmentation.png,19c2601484290187bda8afbaa640764aae16a1bf2b0d3cec67507afc67eb699d,0.198247274,0.999710888
train,80,ISIC_0000474.jpg,ISIC_0000474_segmentation.png,d97c1fb25d4071474996c382ea73e3a840390ede95cb1ba250772830220d6b7d,0.221054077,0.999921647
train,81,ISIC_0015944.jpg,ISIC_0015944_segmentation.png,fe597decb3b0ad6e7995919e0c89c2318ddca00f8f84589a7232fccf6c953db1,0.218271891,0.999743506
train,82,ISIC_0010239.jpg,ISIC_0010239_segmentation.png,eb1439fa195386eb9a7a96a2983643dea1e005ee0ceaa8e20db61569a9dcb813,0.244094849,0.999900004
train,83,ISIC_0009891.jpg,ISIC_0009891_segmentation.png,ffe18998985c008f52a75a0090a283ccdf582f7d0ad3eb9f7ec0a3d07c58b5c4,0.137278239,0.999891438
train,84,ISIC_0010597.jpg,ISIC_0010597_segmentation.png,c8944c3742691618cce7c1bfc9cc9a097a402e435f60054c7532974747a4bd2a,0.189305623,0.999941921
train,85,ISIC_0007760.jpg,ISIC_0007760_segmentation.png,cbe0e69c5cbfba2c3003e63b728bdf421b3a2a2cf2dc7c780367fe657dd03535,0.287724813,0.999880582
train,86,ISIC_0010186.jpg,ISIC_0010186_segmentation.png,7bddf45ea918ac5f0ba1304ca7e99a30b362a967016e0f6235e29f0b25ea4c61,0.151143392,0.999758267
train,87,ISIC_0004309.jpg,ISIC_0004309_segmentation.png,6b3d7158d12bb73d33e707b920666d65dc9c403c581750b1642d399fed9a1090,0.252690633,0.999839661
train,88,ISIC_0000314.jpg,ISIC_0000314_segmentation.png,3889a1554ce7f4f121546327ea33614bfc890354ab83be65a72ee620f5f16b29,0.000000000,1.000000000
train,89,ISIC_0000463.jpg,ISIC_0000463_segmentation.png,aba38f020c1eeee5adc8299b104d2dc736a3f573a673aa19f5281f0ba3b38098,0.087560018,0.999975316
train,90,ISIC_0011158.jpg,ISIC_0011158_segmentation.png,b0f19336fad0169dce8067a7d0e100c90ab4933ab4c87c62cc58b9a5919980fa,0.250284831,0.999848028
train,91,ISIC_0013355.jpg,ISIC_0013355_segmentation.png,5fab9f5ba40f6bfeb55df1b0fea69d53876f32c85b97cd7587f4754ed7ea064b,0.226186117,0.999646201
train,92,ISIC_0012245.jpg,ISIC_0012245_segmentation.png,e8dbd96379b485b7e297f074277633b1a01d8e78a4cf141dae063783e04f40df,0.169052124,0.999902581
train,93,ISIC_0014938.jpg,ISIC_0014938_segmentation.png,f5cc795d8cebfad8af007c45fbb281788d4a363e582eaca34684ddf041ffc789,0.697825114,0.999759485
train,94,ISIC_0008145.jpg,ISIC_0008145_segmentation.png,9d7a1b9de16ad771646fd4b458c79adb704c156b974f5fb2360616e43c9566a5,0.259480794,0.999885336
train,95,ISIC_0009992.jpg,ISIC_0009992_segmentation.png,17575bb0d6272e4e9f883f388607ae19c94cf6439e6cba13eeefa288a822f978,0.345774333,0.999819561
train,96,ISIC_0012739.jpg,ISIC_0012739_segmentation.png,466a7dfeb7ac692072971b490eb9643027e64d88858989672a457a17ed3e4d5e,0.211105347,0.999869371
train,97,ISIC_0000519.jpg,ISIC_0000519_segmentation.png,fa80452255ca877e627170f040ed4ec088158e587b3777bf5a52f27966b989e5,0.146321615,0.999935929
train,98,ISIC_0013833.jpg,ISIC_0013833_segmentation.png,a574838847ef530f19deb6beda949a8cf84eba383ae9f3029360fe23dc4a1120,0.449452718,0.999809615
train,99,ISIC_0010598.jpg,ISIC_0010598_segmentation.png,aa84a689dae0312d93b51c919cd4cb29be885fd9d9c6033c3b6040b1ff0a8666,0.251388550,0.999734837
train,100,ISIC_0007332.jpg,ISIC_0007332_segmentation.png,c428c7abc7e261178471a5c5afe58f890800600b1b83a0a86226b1ad4c036b71,0.212453206,0.999873202
train,101,ISIC_0000299.jpg,ISIC_0000299_segmentation.png,2fd20fdcfe9be152705e1f89d3765ea070e22c16c1fc16d01b58c028f0183631,0.000000000,1.000000000
train,102,ISIC_0015200.jpg,ISIC_0015200_segmentation.png,16321ab0b3d48b8978708c762c411af541a52c9555cba69a7e2903ac52704187,0.708328247,0.999795348
train,103,ISIC_0014931.jpg,ISIC_0014931_segmentation.png,ff30075e9b17a6097f7fd19903960bfb120faf5f918ef1cba5f9d8f51b9ed496,0.554102580,0.999902736
train,104,ISIC_0013594.jpg,ISIC_0013594_segmentation.png,b5589b51ce894fceca76e6bf213a4f4475007a7c1e234048df9038560c7cfb82,0.412358602,0.999728282
train,105,ISIC_0013749.jpg,ISIC_0013749_segmentation.png,9a05f6c9e3c5bd34836a52526b35ed77dd6509218474ffbd469026f95fb71480,0.245875041,0.999704053
train,106,ISIC_0013429.jpg,ISIC_0013429_segmentation.png,8582c613b0a49c27656fb5ebfb893d726df570f59fbb1a6ab8099e83a23ada3c,0.193715413,0.999860241
train,107,ISIC_0010846.jpg,ISIC_0010846_segmentation.png,3c2592cf0b6dacc112869f69b90bc48952dbaed2ce0c7f90137e659566ecad0c,0.221445719,0.999765592
train,108,ISIC_0010177.jpg,ISIC_0010177_segmentation.png,3af7289d99be621bf31f58e89cb7401b2de2c18144ed7e3ea3ebe6ec1c4989fd,0.241973877,0.999847007
train,109,ISIC_0013434.jpg,ISIC_0013434_segmentation.png,c3f3f0649c40c567162afd26e0dc3d12aca11004cc1bae5d997b285489d525e2,0.260645549,0.999396260
train,110,ISIC_0015208.jpg,ISIC_0015208_segmentation.png,29540b15d63d22ed3fb0417ad14b485cb510c16e767d9cac034c2b1ce51d10da,0.333765666,0.999959030
train,111,ISIC_0013461.jpg,ISIC_0013461_segmentation.png,35ea627295c15b34d7b941851b69a62e251e67890101c21fc4e9e6adafeccfa6,0.208557129,0.999875239
train,112,ISIC_0010201.jpg,ISIC_0010201_segmentation.png,d89cbc8856e4a146dd277f3f518281b850ea63fd5d07083295d2fdc0ae1b2eab,0.157903035,0.999950723
train,113,ISIC_0014151.jpg,ISIC_0014151_segmentation.png,a5ea67a192349a2f4058e00dc9e2172b2edab4f10500fbbad4ec86be744461da,0.097808838,0.999928518
train,114,ISIC_0000412.jpg,ISIC_0000412_segmentation.png,3658ae9c3930b4d9fb8be094d094f0fdcc1ae2cf26214de5e868e93cd7444636,0.142883301,0.999891019
train,115,ISIC_0003174.jpg,ISIC_0003174_segmentation.png,212c8f54f639aa1ba53f16edf0639494301b4962e6a914a8fc3a8fce25dffa78,0.172566732,0.999960311
train,116,ISIC_0011382.jpg,ISIC_0011382_segmentation.png,49772f99d78d09c16fa4b344e1b32f9535e22a13391ed6347efb29a94e4233b1,0.152140299,0.999963348
train,117,ISIC_0012493.jpg,ISIC_0012493_segmentation.png,73c22515ae4db7a782d0db7a9dcc79751ce8911f63dd6b2426ce5ddd9c6a759e,0.158955892,0.999648388
train,118,ISIC_0000466.jpg,ISIC_0000466_segmentation.png,37a365d68f3e0f87560fdbef5cf9c1e5a94167264ddc81365df96b0e3a10ba6c,0.210866292,0.999926345
train,119,ISIC_0014028.jpg,ISIC_0014028_segmentation.png,660ebb21885d78da5a829d01cb6d528fc2a1978782f9b1326dde68a9259725fb,0.164632161,0.999825084
train,120,ISIC_0011079.jpg,ISIC_0011079_segmentation.png,e9bb24e558a4dc6ca3e15a1ca92cab8832748193ce9f45522a157cae9794ae67,0.150512695,0.999943906
train,121,ISIC_0013325.jpg,ISIC_0013325_segmentation.png,c2a890adcdfb644324e89356293394c053fae20ec8c742ce6555af9443e3634d,0.184254964,0.999880683
train,122,ISIC_0013674.jpg,ISIC_0013674_segmentation.png,a6828d7b743e90c0f84c9574b6e96ff4b0a8e8864d7c1f3f2e055b85c080d8b6,0.472671509,0.999642890
train,123,ISIC_0013948.jpg,ISIC_0013948_segmentation.png,96f33ba357b9f2b5089bc50f929bbde6a4886ead15bc643415cba2ae3a53cb41,0.099517822,0.999942979
train,124,ISIC_0014762.jpg,ISIC_0014762_segmentation.png,e37c8fcd1aabf665506fc9dbfdfdd66fdeb2a9fad6ebb6544ee22c93e42cb0a7,0.508219401,0.999915347
train,125,ISIC_0014476.jpg,ISIC_0014476_segmentation.png,fc013b4a9a6553b5516612321228e91c16d8a68101b2d4b0c51452fc24ce194f,0.118199666,0.999918264
train,126,ISIC_0009953.jpg,ISIC_0009953_segmentation.png,aa01d707010ff7d02a40e24cc6ed9aefdf04558ebed824c757e1f3c3ec9a0d63,0.312210083,0.999852409
train,127,ISIC_0013713.jpg,ISIC_0013713_segmentation.png,0af541f91388cc3f35f2c885d21a9ab765846fc24faf8f22db145c9ef4f6e824,0.208964030,0.999612058
train,128,ISIC_0012148.jpg,ISIC_0012148_segmentation.png,78314578ab2c9a8c905b49fd2ba3d597401062413e119449ea10f9467140bee6,0.218358358,0.999811840
train,129,ISIC_0013588.jpg,ISIC_0013588_segmentation.png,cee90a802d13a85d8ad6294d2fbb122cd18ec0ba33dc7513f8725a51d825002b,0.214457194,0.999882977
train,130,ISIC_0012539.jpg,ISIC_0012539_segmentation.png,2e80a310b9db2047b40c67772599815737207b4b7ddff2c6ffd042669170b1eb,0.158574422,0.999742143
train,131,ISIC_0010496.jpg,ISIC_0010496_segmentation.png,b95a4f7ba06d07d00875ee6d1309c85b3a7f7a36109f6b6d3d2a86952ada4721,0.316925049,0.999760073
train,132,ISIC_0010247.jpg,ISIC_0010247_segmentation.png,ce4ca0c002f31128ac4a50cbd9d6f6ce4fff86923fde93d6fd2917b200dec5f8,0.176055908,0.999915575
train,133,ISIC_0000508.jpg,ISIC_0000508_segmentation.png,0d0f3d5f3ae0c3b9d15457a5651abc1693c1fbdf03ae383d55969c852d466cd4,0.273793538,0.999862057
train,134,ISIC_0012681.jpg,ISIC_0012681_segmentation.png,5f419c2685cb084a52424d79dd36d8844d6b402c94a8de16d0d6e92b6432b3d8,0.105880737,0.999726785
train,135,ISIC_0000230.jpg,ISIC_0000230_segmentation.png,1d2f8daf6c6c0b159aab8e2645e201a05b7050453a9c9cdbda12ed7d517342ca,0.226842244,0.999961651
train,136,ISIC_0013983.jpg,ISIC_0013983_segmentation.png,e892f518304b2a0e5a9f72389bf46a2ad5b801b15ae12361977de4fb493b42c1,0.301269531,0.999843772
train,137,ISIC_0015972.jpg,ISIC_0015972_segmentation.png,99d408d99d78bba6e2c381c27283d36652d91db1d5231d14b90733ad906bc033,0.162078857,0.999798085
train,138,ISIC_0013908.jpg,ISIC_0013908_segmentation.png,7c64fce754e3da5ccbda4798c05e6a6270ba3c8dce62e1512eb920234bec0407,0.193522135,0.999842462
train,139,ISIC_0015942.jpg,ISIC_0015942_segmentation.png,a9f251ba35c08f00a7f74ad26bf10ad4b4658dbbe052dc6fe18f3b2421afed96,0.186426799,0.999483964
train,140,ISIC_0009935.jpg,ISIC_0009935_segmentation.png,dcbb3a7ecd990f9b20d4902c440b15753da87354df52b7869d24943877617490,0.260752360,0.999697187
train,141,ISIC_0014784.jpg,ISIC_0014784_segmentation.png,02420351e1a55caaaaa27254b04205a24644f9302c378d5a9ec8ac73a7973237,0.451065063,0.999922427
train,142,ISIC_0015984.jpg,ISIC_0015984_segmentation.png,8befbce511a3dbee29f420a4476d04f050e1f7ec7e4becdc69676baf86f40a84,0.138315837,0.999838599
train,143,ISIC_0014675.jpg,ISIC_0014675_segmentation.png,c7b057bc2290867dccbb816123bb511617fd4573ac8d2170a00ab39d47b3cde1,0.598398844,0.999833344
train,144,ISIC_0009943.jpg,ISIC_0009943_segmentation.png,bb6c1c54482701f48df5e3ba3b374d069501528ff6cabc29708124d05a752fc3,0.161443075,0.999773561
train,145,ISIC_0010000.jpg,ISIC_0010000_segmentation.png,05e858f80d66455e695f1fa8e463bc9217064b148b6454ba0c5fb56b692a99b1,0.191172282,0.999849402
train,146,ISIC_0010853.jpg,ISIC_0010853_segmentation.png,542af1ce43ba459e2d211e5ea1bf31457bfe6484644f9762ee087774a9ca5d5e,0.168635050,0.999853026
train,147,ISIC_0012335.jpg,ISIC_0012335_segmentation.png,795305e670db85f613bace853c2855640ebba8cccaeae5589598777b37f9daf2,0.166859945,0.999681162
train,148,ISIC_0010472.jpg,ISIC_0010472_segmentation.png,ab5a712e05c8961d3364d1ca9a0fec1425da77664b3572eb7099dd41efcf22b1,0.256515503,0.999913000
train,149,ISIC_0000164.jpg,ISIC_0000164_segmentation.png,4c8ff3fe5f9a54ab4cf1022d105b11e8580c78752d031759cc04a9e3a14d8576,0.223821004,0.999953779
train,150,ISIC_0002107.jpg,ISIC_0002107_segmentation.png,e2c195b57545bd3ca154cd8acd24aedbfb2ad106bcf6959bbb6abb9decf4c004,0.332865397,0.999807343
train,151,ISIC_0001105.jpg,ISIC_0001105_segmentation.png,d1c4433573d9adf0c0e2b01da2a6c2e3c8bbc1d04f0b32a242eb1237c7b6e33c,0.120747884,0.999892264
train,152,ISIC_0012789.jpg,ISIC_0012789_segmentation.png,ccbd21fd337e4b6c8eb7f41c4d9524ca95de1938f641fd2305ff492d3448e4d1,0.156555176,0.999914068
train,153,ISIC_0009965.jpg,ISIC_0009965_segmentation.png,1270a09266d5368328553e55a305466aa420deff1d3adbd212316898c0715df0,0.206883748,0.999851534
train,154,ISIC_0000080.jpg,ISIC_0000080_segmentation.png,067e72c3e024dead030feb681d914b4461f991720e292df9f108b4fa0949a84f,0.129913330,0.999973555
train,155,ISIC_0000442.jpg,ISIC_0000442_segmentation.png,23ade8d7f1bd6c4a7d71b3ee5af4456a8030c1cf8ef9f6d819e14010156d5b38,0.109619141,0.999958485
train,156,ISIC_0015193.jpg,ISIC_0015193_segmentation.png,fe81bf9b396324c043ef8edf3e58290570591f1edf4b4904673f00513558c925,0.547775269,0.999927818
train,157,ISIC_0000149.jpg,ISIC_0000149_segmentation.png,2fdb840e1582c371971fa0f1911d97603eb1b042d14ae2f0a9c163a8c87fc2ff,0.174021403,0.999957104
train,158,ISIC_0010487.jpg,ISIC_0010487_segmentation.png,54931bf402dad1ce02426eaa2187b20fb60e814f7f14b9f47f8698b485f973fa,0.199808757,0.999818407
train,159,ISIC_0010060.jpg,ISIC_0010060_segmentation.png,d28323f40f1cf273ce90971a8f3da474781fafc08c8c102bf82f84d49004a01a,0.308476766,0.999618893
train,160,ISIC_0011398.jpg,ISIC_0011398_segmentation.png,a063c69f3127a1b470a4f3b12d9321e8a841fa6b65d3ade612f19dc4081870d5,0.229232788,0.999889917
train,161,ISIC_0016056.jpg,ISIC_0016056_segmentation.png,12116cfabbe1125e1a0b31af83a94a69194aa2b8c3cdd7ddfd99b9b7ad575c86,0.109252930,0.999915968
train,162,ISIC_0013079.jpg,ISIC_0013079_segmentation.png,0936a2d123b6a23611ca2bf680293141c230d2851edc93e67901b214c0fc0666,0.199254354,0.999840414
train,163,ISIC_0013596.jpg,ISIC_0013596_segmentation.png,627efefc1465ac164c23566453d82a31bb9c38c8cfc0f8a83f1b753f23e08445,0.240010579,0.999810862
train,164,ISIC_0014605.jpg,ISIC_0014605_segmentation.png,b78e14e6eb6e99c2c29be83a1ca39ae08a8943fe916adecd14341678fe3e0236,0.097925822,0.999969083
train,165,ISIC_0013766.jpg,ISIC_0013766_segmentation.png,a0c93a86735f8e20be3b294403b0e8622122601e997a70142cc05f595a31857c,0.218790690,0.999715919
train,166,ISIC_0010562.jpg,ISIC_0010562_segmentation.png,caae36cb5d3dd8a97fe7c7fe6e4527127189726f2eb465f21b02cf0a7fcb1cec,0.225224813,0.999905017
train,167,ISIC_0014163.jpg,ISIC_0014163_segmentation.png,2590fa2a37d6351d1247fe746c9a41f68f73b536740fbc2d8caf5f4550863556,0.128865560,0.999840966
train,168,ISIC_0015013.jpg,ISIC_0015013_segmentation.png,9154765ad1edef2df28665b27c2fb58120a0b47dce49de88186d6425a670b913,0.404281616,0.999925332
train,169,ISIC_0015419.jpg,ISIC_0015419_segmentation.png,69905ddcc53996d135e3b8ccdaf2287d5a26b5b2ce86247a6dbdf71570a852d0,0.373250326,0.999921659
train,170,ISIC_0014830.jpg,ISIC_0014830_segmentation.png,e8456d5ef8d80ef35d3484c2b6531ec6a84dff1b8512e1bd1f2a3539045da86b,0.537185669,0.999894682
train,171,ISIC_0001181.jpg,ISIC_0001181_segmentation.png,088d73b63a8723b48379ca422aaabcbbaca98b93ef5cca6d197e47a565149ac0,0.165786743,0.999837776
train,172,ISIC_0010206.jpg,ISIC_0010206_segmentation.png,728014102288fc488e1667f4214cc0cbcd6e5976d0ac089ebf99bebb93836b60,0.199096680,0.999911060
train,173,ISIC_0012903.jpg,ISIC_0012903_segmentation.png,66cbeb102370f05273fcb726263e784ca92f07af5ed56f85a8565d0f57d2cafa,0.136138916,0.999898238
train,174,ISIC_0000447.jpg,ISIC_0000447_segmentation.png,8b324e236a11717cce31b6a867e5f349dab129e541581327c88c8a0c3826ff54,0.070576986,0.999903963
train,175,ISIC_0000067.jpg,ISIC_0000067_segmentation.png,4daaad38253d046f9dd554abccd4dfacb0413dbaf55bd57ec5b4ba2d785b52a9,0.150217692,0.999955617
train,176,ISIC_0011348.jpg,ISIC_0011348_segmentation.png,f79aa6f1ae1d84ab28eb8d140ae7f996391f4ecd61efb4baf0ead6d22b9a43da,0.258173625,0.999809480
train,177,ISIC_0011322.jpg,ISIC_0011322_segmentation.png,32476896743b958e1168a018f5a74ab9c7bc8b5ad2ed1e4ccc6087300c599d0f,0.205571493,0.999919534
train,178,ISIC_0014548.jpg,ISIC_0014548_segmentation.png,dbeb1dce542dbd3f02b542e944eeb71651a3bca3ba26d772b03b4cb22d531b74,0.106908162,0.999882627
train,179,ISIC_0010187.jpg,ISIC_0010187_segmentation.png,3c5920e0fdb38a011ba77923f24a4285729be798f4f79b87e8bbba1c83dd609e,0.167948405,0.999951041
train,180,ISIC_0013118.jpg,ISIC_0013118_segmentation.png,230d44c10b732e1f2e30346a8e77279eb6a995b19b0089b17ab9616c0e56c374,0.196406047,0.999779482
train,181,ISIC_0014211.jpg,ISIC_0014211_segmentation.png,563a6c7507e6718be7493e98949725fbcb8f2894462400ba257f1e9ceb27844e,0.155629476,0.999622485
train,182,ISIC_0011146.jpg,ISIC_0011146_segmentation.png,c8fcc2fbc893dbfcc45004f6ad3484f0280213497f9b63828e029bcd45c1cc15,0.242192586,0.999845793
train,183,ISIC_0012250.jpg,ISIC_0012250_segmentation.png,ba41de248613cec0bd840b4a141741528ec7dd0992fb599803188496357aec16,0.198165894,0.999857131
train,184,ISIC_0014854.jpg,ISIC_0014854_segmentation.png,fd0b96d1d063f19f1173845da3055047164f96d127107f0e17e335c1d295eb73,0.651357015,0.999894940
train,185,ISIC_0011199.jpg,ISIC_0011199_segmentation.png,1002159d7f1ca9b4599460a07811aca357434b249646181aa0c0e17a376a37c1,0.147410075,0.999838103
train,186,ISIC_0013606.jpg,ISIC_0013606_segmentation.png,b4fe76f35ed5132f7f1a36b9e0c3a16d3a8ad9be61270a8a0b77cd680dfc4d61,0.225463867,0.999783674
train,187,ISIC_0015997.jpg,ISIC_0015997_segmentation.png,9691659e4f7098fba666036a983fd0a8deb91cbb6c1210ca9923248fa934c985,0.137583415,0.999831054
train,188,ISIC_0014498.jpg,ISIC_0014498_segmentation.png,d09624acca7ffdd7faae0779eaae3aa75c618b027c87923ae8fae67f17a1b56f,0.120808919,0.999584540
train,189,ISIC_0010024.jpg,ISIC_0010024_segmentation.png,06ad31f1d61f0315bd7c477966b6593f49526f348688507b73486f7986b57122,0.187571208,0.999881191
train,190,ISIC_0000015.jpg,ISIC_0000015_segmentation.png,5831409a5cbe773409e5135ee129b59c32d4092e97205e84135d6f1d420aa7e6,0.149307251,0.999945330
train,191,ISIC_0000104.jpg,ISIC_0000104_segmentation.png,7267b89976fd949af8f753a8715e402ef398b24baad29b6e091799c10a66a5ac,0.180720011,0.999980770
train,192,ISIC_0000297.jpg,ISIC_0000297_segmentation.png,63757221f8fce2911b73cd117b04f9fbd9c0b43ddd2e68cdf98fa11bde7da852,0.000000000,1.000000000
train,193,ISIC_0012722.jpg,ISIC_0012722_segmentation.png,9bd4dc35cd26978efec596d5f75beb3f2aa620d00b7541500e931dc2e63e1b0f,0.287694295,0.999856814
train,194,ISIC_0015986.jpg,ISIC_0015986_segmentation.png,5babc3d5f66147e7e18c2132fb82c2a3423db7e03a26814a9eaa9a7fcc736220,0.149134318,0.999579430
train,195,ISIC_0000054.jpg,ISIC_0000054_segmentation.png,630b5e9dab9a9beeb3ee2c3822924f12ce2ff39d2aec71cbbe0c232989b36d24,0.055613200,0.999967978
train,196,ISIC_0013443.jpg,ISIC_0013443_segmentation.png,74eecbf8b91a1bd77e690539e002c036bc6cc62653fb0395f5cf3b3f802fce33,0.251881917,0.999808461
train,197,ISIC_0013166.jpg,ISIC_0013166_segmentation.png,4b611f435c0358cae550ef60cfbfb7f80cda3d806315243d07837ec2bd705874,0.229436239,0.999886966
train,198,ISIC_0014392.jpg,ISIC_0014392_segmentation.png,f736e4b2e3bfaa04187b7ced4d74040ab485600f650599d73ec4a999373eb510,0.119984945,0.999947344
train,199,ISIC_0012744.jpg,ISIC_0012744_segmentation.png,76f15ce9afed5eb5cfd947b49fe716ce7ef571a3f024071f95282b769f7b2cd8,0.167490641,0.999484050
train,200,ISIC_0000087.jpg,ISIC_0000087_segmentation.png,f1b9137b4aa3964b361417cc7d613e55b769c71043d1a238b1b2ba28290c9dc1,0.190078735,0.999963226
train,201,ISIC_0013737.jpg,ISIC_0013737_segmentation.png,57b9feb03b198bc0a2c789178d14f5041d3d1e3c6f77508e08b4d85c6e13e637,0.241592407,0.999631487
train,202,ISIC_0013037.jpg,ISIC_0013037_segmentation.png,1549b86ff83051923a56521085ea4b885498cb83ceab7f72a4445d1bd29cb8ac,0.070622762,0.999722459
train,203,ISIC_0014937.jpg,ISIC_0014937_segmentation.png,50f7e762eb551d6c21427611cee1c091afaa02bd37a209573df5551b69ea7820,0.686670939,0.999846447
train,204,ISIC_0000243.jpg,ISIC_0000243_segmentation.png,db0a04cab8812b96fe765fe07171276b82c9975b4fa5edd579186b3b91021f84,0.154266357,0.999939413
train,205,ISIC_0013416.jpg,ISIC_0013416_segmentation.png,dab91d9a048f1d2c19bedb0b27d2c29c3024bc03baabe47cdf98d6ec67127a90,0.243932088,0.999535317
train,206,ISIC_0012889.jpg,ISIC_0012889_segmentation.png,fce0ded80e2e19312029c268e5a49b73567fe794e3fcd93c09da15d9fc73f317,0.184656779,0.999631454
train,207,ISIC_0011373.jpg,ISIC_0011373_segmentation.png,a24461e70102a792a3937c8737e7ebd51685f512c27a6139e85d3effa1698132,0.214635213,0.999898511
train,208,ISIC_0000448.jpg,ISIC_0000448_segmentation.png,3ac94b6ae7ab1da5f7c81d0b700ae00cfe9b50eabfdce1c6a1d579f14051486a,0.145802816,0.999945120
train,209,ISIC_0009875.jpg,ISIC_0009875_segmentation.png,8ff5ef7fbddc2532bd5dddd2cb0c9dd8bbed5936d204fd48da132efe6384f925,0.258763631,0.999880107
train,210,ISIC_0001184.jpg,ISIC_0001184_segmentation.png,9f767d08ed0697a827f150a8879c02d4a32a23b41d48130023aeb7e21a9dd9c6,0.180501302,0.999887805
train,211,ISIC_0012314.jpg,ISIC_0012314_segmentation.png,5af2fbc6e7353a9105fa203abaaf455cc3bfaa83d9ea51a5ad27fd3d3366cfac,0.245366414,0.999872711
train,212,ISIC_0010016.jpg,ISIC_0010016_segmentation.png,f41de6433e87e7280b93ccf5c63615b12b4704f613a82bafc9397ad9c875861c,0.189203898,0.999896007
train,213,ISIC_0014740.jpg,ISIC_0014740_segmentation.png,7c9d51ea4b52ec2985ade191055843e79a1acbc3f9826075f77ebe4169ff9921,0.550013224,0.999911016
train,214,ISIC_0001442.jpg,ISIC_0001442_segmentation.png,ecf72922a538f3b940c202e8fe3630b0ef705f845515787efb192719ecc86039,0.306131999,0.999683758
train,215,ISIC_0015291.jpg,ISIC_0015291_segmentation.png,0e4cb702b8df500b5e49f88e97f572325159052c0cb5fd6dc9ec41a9a6009a5a,0.441233317,0.999924584
train,216,ISIC_0000397.jpg,ISIC_0000397_segmentation.png,06543229a6b8f7c712e11514d0097ddd9bb61aa48d1f76b2e104850eb18804a4,0.101811727,0.999900736
train,217,ISIC_0014835.jpg,ISIC_0014835_segmentation.png,de7eec89314d716bbcb24e10a6e27bb6ca6b492cea05f6b4eba882a0385b7de0,0.359486898,0.999941368
train,218,ISIC_0013777.jpg,ISIC_0013777_segmentation.png,466a2de1afd2a0445a9d8cf4866bf81234ed3e75d7d6ed9aa4090632f484963a,0.163014730,0.999859889
train,219,ISIC_0004337.jpg,ISIC_0004337_segmentation.png,46bc20af09946ed9e47a165e0593003822865c719a2882808656aa2c0f7cc0e0,0.327387492,0.999713658
train,220,ISIC_0014132.jpg,ISIC_0014132_segmentation.png,acf2856bbac81106b0873ef9c26f7417d76b17b342b4d0eb38b92bd45bacbb67,0.132843018,0.999918996
train,221,ISIC_0000350.jpg,ISIC_0000350_segmentation.png,559999e362b1c23a2f87d5e950039952fd0327a59dae2bf33c39374275501b6a,0.000000000,1.000000000
train,222,ISIC_0013106.jpg,ISIC_0013106_segmentation.png,a4fff6c6ffa5032c8a91a34e6a65f5323a8425773d92740b8d83b4c9bba03b08,0.135462443,0.999824033
train,223,ISIC_0014311.jpg,ISIC_0014311_segmentation.png,5e372320452dc2e93ac495449d7e9c7f00060d9dc5d9fd1698b3ef958535e271,0.124155680,0.999914467
train,224,ISIC_0016043.jpg,ISIC_0016043_segmentation.png,0405b5040fb8993dbcd967b6ed172b42a9349a2ef69cc23a6a70f63a420ec92f,0.265441895,0.999362777
train,225,ISIC_0003462.jpg,ISIC_0003462_segmentation.png,b2f90b43ce1d903ee9857205f4013fe13790fbe3f15ef3c94dd4aba2aed79ef8,0.280197144,0.999898237
train,226,ISIC_0013891.jpg,ISIC_0013891_segmentation.png,778fb02d9237f3e950eeaa677d3465926b10393e19d849a4ca5f144135fb5f0c,0.239700317,0.999912844
train,227,ISIC_0014725.jpg,ISIC_0014725_segmentation.png,dfadd7b1ba434fa1aced2d9ec92d0d2cbb62fdd6cda1a53351d03d7cbb656181,0.375747681,0.999918321
train,228,ISIC_0012484.jpg,ISIC_0012484_segmentation.png,4ef83d3436fd37c9be99061d724be6939821db41e64c7a6d1645a6b611f0e6c2,0.118331909,0.999921014
train,229,ISIC_0013969.jpg,ISIC_0013969_segmentation.png,f59a2521359c2fe8ce8b12113642d38ef26bc86f8d1c8d25de364b3acaa2f98a,0.227630615,0.999607265
train,230,ISIC_0000095.jpg,ISIC_0000095_segmentation.png,bdfc02d333707c928053328800fc374a70410b7aa6f0656e8fcbd94564a37742,0.220214844,0.999925778
train,231,ISIC_0014158.jpg,ISIC_0014158_segmentation.png,c4b259bd555c3ac86882704838327455d09db0824ece9a0b880dae8dd284eece,0.143707275,0.999782380
train,232,ISIC_0012902.jpg,ISIC_0012902_segmentation.png,01092d9c0913e8272ac884af6b285166150beb3a17b07c3cef4fdb008bafb100,0.183176676,0.999782180
train,233,ISIC_0000124.jpg,ISIC_0000124_segmentation.png,fd8e9d6615acbb787fe2344099f43d273b7e0ed752c35da09f1e34a9130a5318,0.220647176,0.999955828
train,234,ISIC_0016045.jpg,ISIC_0016045_segmentation.png,50c560a2cd697d4314683c014492bbbc5650efba91132b3527f6fab97e743226,0.218505859,0.999768628
train,235,ISIC_0014110.jpg,ISIC_0014110_segmentation.png,dec12a962f14a1009f52737e175436c4cd01fcc0b698df98aa39c4c9fe8f119c,0.140324910,0.999860841
train,236,ISIC_0009921.jpg,ISIC_0009921_segmentation.png,49065e74b4070ca14de30628fb3371814ba45268cf18346619d2f555b140011f,0.159866333,0.999939213
train,237,ISIC_0000479.jpg,ISIC_0000479_segmentation.png,c0c08ee9cca1202ebdf4203659b2e7ef64d946ae7acbba5851501cb0c5d37f9f,0.291727702,0.999765506
train,238,ISIC_0013425.jpg,ISIC_0013425_segmentation.png,efa4aadf965707cd47b9d08975cef21541c21b9b714a7f95347bd2b1b593b0c5,0.194783529,0.999841708
train,239,ISIC_0011374.jpg,ISIC_0011374_segmentation.png,13d8204411864d54cd665a164d9b61815f800cfa843af83c4e8d6e3a022b7d4d,0.225947062,0.999831024
train,240,ISIC_0010006.jpg,ISIC_0010006_segmentation.png,f3c6b5033062bee690d62353463aaf5c80896c9433bf157336754b15637b3d6e,0.335378011,0.999794101
train,241,ISIC_0013473.jpg,ISIC_0013473_segmentation.png,593aee3ef5c3cfdddc0439f580b6248e1e7b592c917818a38988ad4c9cb1be30,0.232187907,0.999865746
train,242,ISIC_0013599.jpg,ISIC_0013599_segmentation.png,0efa55f6405dffec9a0495aa4ceb76d1f55ff15052fa39876a725020d106446a,0.075291951,0.999828191
train,243,ISIC_0013319.jpg,ISIC_0013319_segmentation.png,1dc90e4fc7d2332567f43787f823967bfea8038dbf82b8191494550a7003d39c,0.210586548,0.999775058
train,244,ISIC_0014713.jpg,ISIC_0014713_segmentation.png,46bfff81cd0c5817dc84689a1aa9362c2d156f15c77a5dab139066ec732997eb,0.344594320,0.999913504
train,245,ISIC_0000226.jpg,ISIC_0000226_segmentation.png,6efcffaaf21ab41840d1f8a883e091eb2e41ab2550bcfd31d3d43ac042576eea,0.168991089,0.999976602
train,246,ISIC_0013394.jpg,ISIC_0013394_segmentation.png,3add35616ce2324919f29b61b9024fe5e17596f84b6b8da70ac31255b5b82e20,0.455724080,0.999640543
train,247,ISIC_0000251.jpg,ISIC_0000251_segmentation.png,5c3c096738d79c57c9f1884ab101c575a19679780f4ae3aa46224f07a312de50,0.118921916,0.999971741
train,248,ISIC_0012989.jpg,ISIC_0012989_segmentation.png,cda4556bf22eee1b1c0663149bb818f2dadbbf39be956e20cab3a69457aaeefa,0.157374064,0.999696486
train,249,ISIC_0014501.jpg,ISIC_0014501_segmentation.png,c8e8cfafe5f2adcbb7cba83421a1faa5c30aec59eaab6889686b400f3dbfc751,0.140981038,0.999892905
train,250,ISIC_0010463.jpg,ISIC_0010463_segmentation.png,2f9bfa83c8ce0fd97f7bb02886b796c16b8bb0fb542290d2f10cef156e175651,0.102874756,0.999973454
train,251,ISIC_0011338.jpg,ISIC_0011338_segmentation.png,c8a2345b5cc17b697773a119daf0f996c1e154e7bdfd66fa4e862c57d8bb0092,0.246968587,0.999896856
train,252,ISIC_0010494.jpg,ISIC_0010494_segmentation.png,132aa66d8476752142063053668f2ed2474ca7587c2994723f5cddb2e88f6cc2,0.294835409,0.999948568
train,253,ISIC_0000538.jpg,ISIC_0000538_segmentation.png,3478ec8b3cc6eb201b47da8f032c1f851a89869c697c5dc5dbfa09264220f2b3,0.100026449,0.999966091
train,254,ISIC_0000306.jpg,ISIC_0000306_segmentation.png,758d7a519464da09226f8a8b4e0dc737e35cda1d4697a8e89200b97da92b7ce9,0.000000000,1.000000000
train,255,ISIC_0009929.jpg,ISIC_0009929_segmentation.png,b28bb573e679e1eecd80a7deb3a9a28ee611ea988eb498b670fc601535707f4a,0.133463542,0.999885340
train,256,ISIC_0014809.jpg,ISIC_0014809_segmentation.png,5f23a2bf7e8ac9d92bc2cef3d6c0a9ade49e38a097393b13138032144967b36a,0.487426758,0.999891411
train,257,ISIC_0013184.jpg,ISIC_0013184_segmentation.png,da1a3896857f9c2dfd4644fbb4c73e088e6a56732a7e111668f43896760c2281,0.346384684,0.999643237
train,258,ISIC_0013072.jpg,ISIC_0013072_segmentation.png,d86292cd6457883cf6efb337a613a7cec8f44901b552b85f04d4886da1a1909b,0.173614502,0.999822046
train,259,ISIC_0000376.jpg,ISIC_0000376_segmentation.png,64f62b15ee20b89f25e373dbd86c6be9c1975c81511ffe25688474f76b26520a,0.128662109,0.999849529
train,260,ISIC_0012661.jpg,ISIC_0012661_segmentation.png,a7a349c1cd6afa19f7f636336d14477f3c7e52e3bb0729e8f4a3caede8990f20,0.297276815,0.999873580
train,261,ISIC_0013395.jpg,ISIC_0013395_segmentation.png,ce54018888c73d29b7c8635d600577fcbd8205d42b10c63a89318d504123460c,0.222646077,0.999743107
train,262,ISIC_0000382.jpg,ISIC_0000382_segmentation.png,f290eb84dad2bf311382fc1fd135d52b869f6a2d2487c84899677707a4c39346,0.131500244,0.999798970
train,263,ISIC_0009860.jpg,ISIC_0009860_segmentation.png,af3395c94f601353f486fdaa84800f0f2d21504b2a8a62f6db15568dd42d619f,0.198064168,0.999851100
train,264,ISIC_0012883.jpg,ISIC_0012883_segmentation.png,127ecd459d3d85e32470a9dc7b8c5de1f83605cec849a291924f69dceaabe69f,0.189320882,0.999719167
train,265,ISIC_0014393.jpg,ISIC_0014393_segmentation.png,4638af082ce1fe8e2b6da64102d5735bd684c214941abfdb085ca166642a9683,0.167765299,0.999826801
train,266,ISIC_0013572.jpg,ISIC_0013572_segmentation.png,35d98997ebdb4bc51c6b1a1759a0cd450ac0b554e2d3baddc86e73416f5ffc38,0.369481405,0.999645973
train,267,ISIC_0000220.jpg,ISIC_0000220_segmentation.png,b10d3fd3482d604663ef557e9be215f5b9eb6e7edc0f767231a727ca6d15b2fc,0.172032674,0.999929658
train,268,ISIC_0013112.jpg,ISIC_0013112_segmentation.png,6bbf7fc21dba5beff6decb87e81121195f6e36e61341afa2cdb7a4cec79437e2,0.221079508,0.999833807
train,269,ISIC_0013942.jpg,ISIC_0013942_segmentation.png,4b89df0d675304e91e08acbe901e7881d5312c34af7dbf81ac3558482e2dca2b,0.248723348,0.999497635
train,270,ISIC_0015937.jpg,ISIC_0015937_segmentation.png,98d9b1c1aa8845d56bde91558eaec7a488c8a91ab24c3fb46735c33b34b316b7,0.257324219,0.999550436
train,271,ISIC_0014771.jpg,ISIC_0014771_segmentation.png,b240c6f386ad6dd72bd555cefbc72b544fd82424024c896d0aa0125858d5bc9f,0.514109294,0.999914328
train,272,ISIC_0011292.jpg,ISIC_0011292_segmentation.png,e2b54c6598562f6ecaa3269d432a790dd75d4d100c33e4a900b58e9e1f686a54,0.178334554,0.999903911
train,273,ISIC_0012263.jpg,ISIC_0012263_segmentation.png,047ea8b46153fdcbe87ae2a81fbb8b609ad78aa040b29042f73182c8349b0c42,0.235768636,0.999597074
train,274,ISIC_0012516.jpg,ISIC_0012516_segmentation.png,398bda815a83a341603ab830b964bc1d882e9b072332de2f7569a37c4e98e189,0.142008464,0.999893082
train,275,ISIC_0014077.jpg,ISIC_0014077_segmentation.png,933db957aceb92d01b0088e46531d1df3a94553f61db897e9a579c4a5cef3a75,0.135604858,0.999910583
train,276,ISIC_0015219.jpg,ISIC_0015219_segmentation.png,fd2a21e1baecb3c0db3056c4cad6dcb21adc2e85db57d69a2741507fcce6b641,0.373163859,0.999931535
train,277,ISIC_0008913.jpg,ISIC_0008913_segmentation.png,4cd6f3bae55774d8b3f3e8be5b9a1b8293f1b36744dd3bcb885854527dbcaa41,0.158950806,0.999896420
train,278,ISIC_0013187.jpg,ISIC_0013187_segmentation.png,6f284d3f7222e3e49341a55fe262f8e0fb4d88902583598178a58fdf6f46365d,0.199935913,0.999838992
train,279,ISIC_0010480.jpg,ISIC_0010480_segmentation.png,f6b331a06550506bec530445525c06727237474249212ddd665beb8e18f73ac1,0.121561686,0.999952365
train,280,ISIC_0013549.jpg,ISIC_0013549_segmentation.png,78154492285369ad7254c701de30c7fde2ee55623405db1992cd27895f8d04fd,0.221476237,0.999852606
train,281,ISIC_0013491.jpg,ISIC_0013491_segmentation.png,e2b2e5094d52090d11d67dc04b71f4a03da4834155a516de829b76dd1761c25c,0.217864990,0.999793601
train,282,ISIC_0000501.jpg,ISIC_0000501_segmentation.png,dbac8b4b1a45cc4254f5c6f48f31324f9fa30312342a7a3e9a96d62617ebb776,0.131072998,0.999939330
train,283,ISIC_0000121.jpg,ISIC_0000121_segmentation.png,2e82ce421ac54a7de6bfafefaf18ab32aa656dc51ed105e8435d6e2f429679b5,0.000000000,1.000000000
train,284,ISIC_0012330.jpg,ISIC_0012330_segmentation.png,ad7fa15d9e361a4babd4bd389ffdabeb9504402f9331568eba807e9f7fd6f329,0.239974976,0.999933495
train,285,ISIC_0014791.jpg,ISIC_0014791_segmentation.png,0966f7b25c155eeb5174330c119dedc97b5993b530743eaf34e038e52a1589ab,0.405222575,0.999947489
train,286,ISIC_0011323.jpg,ISIC_0011323_segmentation.png,301f7bdb56b7d19e4f99d391db2d5f64c84a976116b3a29efe86eb5aa4fd2c16,0.144938151,0.999876294
train,287,ISIC_0002439.jpg,ISIC_0002439_segmentation.png,caee40fde580d366a947c109330db3bebddda830f624df9185ce8b50c7daadef,0.280349731,0.999904078
train,288,ISIC_0014284.jpg,ISIC_0014284_segmentation.png,703b2cc085383d89108e5a7615753a5b24978b8174dadde8c0e044586d8231e2,0.114903768,0.999912637
train,289,ISIC_0015965.jpg,ISIC_0015965_segmentation.png,94ab9bbe02dd11d5c2c10d9e6490482b068b68c304c998becdc59db5c36db10d,0.169443766,0.999711360
train,290,ISIC_0015559.jpg,ISIC_0015559_segmentation.png,2b30d233c3e77c5b1938c8b2079ef72e8d977bde2c0c5703a9a8e62f2cad80fb,0.472310384,0.999961805
train,291,ISIC_0013708.jpg,ISIC_0013708_segmentation.png,5e0d5b709b0b6bd729075585a6c176d022a000627312ec6e95013d0833eefc9b,0.154652913,0.999793577
train,292,ISIC_0000378.jpg,ISIC_0000378_segmentation.png,88c208193b4c403b72362c9b92f1b019fe2ce7b8de1c297fd2b575e001302479,0.106725057,0.999903520
train,293,ISIC_0013603.jpg,ISIC_0013603_segmentation.png,5bda511ea761156af478d28e2fed3cb19c6dab86c1011e08ad094c2c009e8a0a,0.142995199,0.999824507
train,294,ISIC_0014891.jpg,ISIC_0014891_segmentation.png,bc98d441506d1e9b55374d9da54e31ac413adc0408d7c6ddc06cff1b1d8b795c,0.380447388,0.999900905
train,295,ISIC_0015245.jpg,ISIC_0015245_segmentation.png,59bfc05e7df71d17ef581ee89d065e7f39a607e2f7db3872dfa73094b2a54609,0.642252604,0.999875770
train,296,ISIC_0010248.jpg,ISIC_0010248_segmentation.png,738f1d037efbadb21ac75452dccc9dffd32232e8f165cf5bf86565eec7c0f837,0.113499959,0.999844522
train,297,ISIC_0009933.jpg,ISIC_0009933_segmentation.png,6ffb85f81dc7702ce28cb8d2ff718a7927168049f134933ab1c52f18594c7657,0.122014364,0.999968529
train,298,ISIC_0000221.jpg,ISIC_0000221_segmentation.png,3b0b503351dfb0bae4a3871bb07a9c0d5a4826fd33de11f73d52fd8b0238cc68,0.205917358,0.999950702
train,299,ISIC_0012105.jpg,ISIC_0012105_segmentation.png,a51cf1024cdbc9055264020238046c32843c6ee5e826f706cac0613771e243f6,0.262517293,0.999786653
train,300,ISIC_0006914.jpg,ISIC_0006914_segmentation.png,f47ba6f78f95801bfabee857ea6b146c4ba35ea51727443e6f73772d4f2791a1,0.302164714,0.999554390
train,301,ISIC_0000242.jpg,ISIC_0000242_segmentation.png,f2e3a7ab6ad91f08aaa2f5e281b3f861332b4cfd87f2f08f4e2870b8e9e1aab9,0.106633504,0.999976173
train,302,ISIC_0010592.jpg,ISIC_0010592_segmentation.png,07767b138bfdc9749672d65f11e0f83c28f5fc4be02950698d88a3f097146b5c,0.170283000,0.999772846
train,303,ISIC_0013212.jpg,ISIC_0013212_segmentation.png,34a68373ac9ee659dc9aea98f83321964068776a0b50452074d6f93fbad65344,0.211446126,0.999706270
train,304,ISIC_0012713.jpg,ISIC_0012713_segmentation.png,e18fe41f36797078c67cd5269d01e8bb22e57cc65197825ba2669eca25eee5c7,0.121195475,0.999607928
train,305,ISIC_0010863.jpg,ISIC_0010863_segmentation.png,e8984b3d988f6e8349cca77bd71dd59df156398ddacb96c8b4651208b9b31292,0.224945068,0.999913493
train,306,ISIC_0013690.jpg,ISIC_0013690_segmentation.png,c313edc6cac4b185f2c7c3d7d89aad3b39670be9bff707b794ba236b50f72efb,0.202367147,0.999826224
train,307,ISIC_0006776.jpg,ISIC_0006776_segmentation.png,5f7edc784e055f1c88ed9681ead476f142d11fa7f763370e87a676c301896845,0.192489624,0.999917583
train,308,ISIC_0014923.jpg,ISIC_0014923_segmentation.png,5418a2dd445d10b221fc9708a0a43a8852574991390301af6235568e7da31b1f,0.845006307,0.999538701
train,309,ISIC_0015016.jpg,ISIC_0015016_segmentation.png,e5b78b8d0fd73a17936d26f3b3fdeb980cec4ff16de053c80322fd1d96b46e3e,0.447550456,0.999925657
train,310,ISIC_0014573.jpg,ISIC_0014573_segmentation.png,73fc963b1c45203ab82d68a0408135fa56f9ca91c7b0440b73c117a3689bd09a,0.136896769,0.999906124
train,311,ISIC_0014316.jpg,ISIC_0014316_segmentation.png,2e51dc412d4a8be5f74e0ba61681b21ae4416a1d046591e49d4ee31de0372202,0.109400431,0.999871727
train,312,ISIC_0010025.jpg,ISIC_0010025_segmentation.png,a2d1a9673a1034f01ac2ac3733098a8a3b27e30f0371fe23d2875b5423ea7d9e,0.320587158,0.999811630
train,313,ISIC_0015964.jpg,ISIC_0015964_segmentation.png,2abf00ec6db967031cb7f775e5909fd4a6073c830599e05f6ad12bf6062cb73d,0.326385498,0.999673825
train,314,ISIC_0014955.jpg,ISIC_0014955_segmentation.png,335ef0af588d095633a9ca97e13db9b74abbb1303f9b998d0658655dce6d3615,0.478927612,0.999859469
train,315,ISIC_0000113.jpg,ISIC_0000113_segmentation.png,6fd51f61a72ab17966687883169fe1825212054dbea86315789603e970dc358b,0.175791423,0.999895761
train,316,ISIC_0009972.jpg,ISIC_0009972_segmentation.png,7a23e8d028231ae2c9e35d149c2577c5ff4c36bcdd5d0728bfc12faccd1bbff1,0.208338420,0.999856754
train,317,ISIC_0009995.jpg,ISIC_0009995_segmentation.png,fa637730093a36c7fcaec6df31b3ed87bb2e4d306fb262bdd9bb42bab6007676,0.207672119,0.999877438
train,318,ISIC_0001106.jpg,ISIC_0001106_segmentation.png,d2ef989c35285a3b249dcfe88ccc4b46b5ebeaee1cda40f7908a1eb7c9086b7e,0.055658976,0.999916643
train,319,ISIC_0015947.jpg,ISIC_0015947_segmentation.png,fe8d3bd91a7866c4aac2bf03104c5719a577624ca703c7a783f82946ec5d3160,0.215113322,0.999825487
train,320,ISIC_0007038.jpg,ISIC_0007038_segmentation.png,58f65538da02d560affd67b650b12101b5d00df0926652b796b715aa3def3bcb,0.080220540,0.999912952
train,321,ISIC_0010445.jpg,ISIC_0010445_segmentation.png,f775378327cdfeda8f047a12b36dc0dc26af94b7f3257ce63e721b5c9680bfc7,0.151189168,0.999872749
train,322,ISIC_0009971.jpg,ISIC_0009971_segmentation.png,20842f5ccb26d132d6e87c6409be8af6990c4b2cb2524fcf2ad390f5aed4c416,0.156804403,0.999723787
train,323,ISIC_0012852.jpg,ISIC_0012852_segmentation.png,381dceac547137668aa84174f808c135aa72cca58f5f012801fde858169a9328,0.202407837,0.999710613
train,324,ISIC_0000325.jpg,ISIC_0000325_segmentation.png,17004756c1a22c1c2533af993efb22217a41767ea68f12f736d32aed87a6bfd2,0.000000000,1.000000000
train,325,ISIC_0014956.jpg,ISIC_0014956_segmentation.png,f717a39ee5adfd651d560c7e43f3f782751401c773a31f2461a2616d237f7dea,0.677439372,0.999852390
train,326,ISIC_0000275.jpg,ISIC_0000275_segmentation.png,78a18502cd8fb28709aa1ad5b83d2a6feed1ccbd89a303095147c32cd63371a1,0.102060954,0.999989488
train,327,ISIC_0009881.jpg,ISIC_0009881_segmentation.png,92fa793a2a6ca8c5376ec07ee272d34f89566cd619bba0f15bf697827288ead5,0.066874186,0.999952682
train,328,ISIC_0014076.jpg,ISIC_0014076_segmentation.png,e7b7506bb77c30bba6d6b87709776778385d4c81226b628ccc7a6489d959af5b,0.110219320,0.999883699
train,329,ISIC_0000396.jpg,ISIC_0000396_segmentation.png,923dc20cf7853d3dcc1216cb03b8f82f18e16c98dfa3eee6074ec820749c19d6,0.064834595,0.999937516
train,330,ISIC_0002476.jpg,ISIC_0002476_segmentation.png,d017802bce30623d9361f2e3df1e01d31568bfff1e7c43cba863bf73b32410ec,0.300862630,0.999672770
train,331,ISIC_0012786.jpg,ISIC_0012786_segmentation.png,b74a3248340a09dca8e09ce3e6249c3b6e9df3411c606864fdec4718bcd3aaae,0.189626058,0.999824658
train,332,ISIC_0012768.jpg,ISIC_0012768_segmentation.png,fe8a91e4637f4313c8dc6f29d96c46314dd3b65d22cb9f2d469dd8afb20d4ece,0.287902832,0.999871773
train,333,ISIC_0013511.jpg,ISIC_0013511_segmentation.png,ad13a8e345db71793cc9b51c514b7d6260b838dcc96deca47af70a2843e80bcf,0.217071533,0.999868194
train,334,ISIC_0010553.jpg,ISIC_0010553_segmentation.png,6296acb2bb8e93e24063897f99512582fc52dd4341a2b56a4493b5600b3ec7c3,0.124476115,0.999954901
train,335,ISIC_0010603.jpg,ISIC_0010603_segmentation.png,c58621bc0c8410073ebeb101cbbd528af545e98826caae8a29d6e8467274b67c,0.157272339,0.999941974
train,336,ISIC_0000143.jpg,ISIC_0000143_segmentation.png,86a2902103df261301f93931c02fe1da1d0023ef2142b7bf701a75b773b46416,0.123352051,0.999952822
train,337,ISIC_0014270.jpg,ISIC_0014270_segmentation.png,98a8d05453afb0c28dc44aa6958cacf1b50d02482550c82de050f4c897801ba0,0.131347656,0.999820152
train,338,ISIC_0015156.jpg,ISIC_0015156_segmentation.png,4078a43c7ac93497c2a2c26fca794af73d300fafe153250fdfa2047183a4a545,0.376012166,0.999918641
train,339,ISIC_0002806.jpg,ISIC_0002806_segmentation.png,61f56b94b5e34b5778e0b3b7b453f6dfbccc6d4a76375e5c265d1ebf785fc677,0.200337728,0.999901417
train,340,ISIC_0001142.jpg,ISIC_0001142_segmentation.png,4ffacca2ebb92f0195abc41e4b82933446844f42b479b4378c216ae31aa0feca,0.095072428,0.999974132
train,341,ISIC_0015175.jpg,ISIC_0015175_segmentation.png,b8a04ffa10e16d85ec20fb2ee4645d1ea0b0bf9acb7254bfec1c38f6e032d959,0.412775675,0.999896440
train,342,ISIC_0013585.jpg,ISIC_0013585_segmentation.png,91b8fbff17fe7351d3d402a3d869c51689e6891346914a158e6bf65eec9191a0,0.247645060,0.999651916
train,343,ISIC_0002879.jpg,ISIC_0002879_segmentation.png,8384a0f30e2bb003ba8378fb508b7668ea152c6fe6f8a0c3b2eb41c885f2cc62,0.201451619,0.999883737
train,344,ISIC_0012348.jpg,ISIC_0012348_segmentation.png,300c6a5efe1d0485371326947b881cd3b8d89e16b5397c18fe9422eee2047b7a,0.183502197,0.999809133
train,345,ISIC_0016066.jpg,ISIC_0016066_segmentation.png,7f284c517c4be85aa436c19315899da81dd3540a646159da9337f456e9d7a6e9,0.117167155,0.999867103
train,346,ISIC_0012102.jpg,ISIC_0012102_segmentation.png,425fc6ad764f75aa6162db13e0337157da7c1c53f36cd54a7381a6110e46b191,0.122853597,0.999722610
train,347,ISIC_0014639.jpg,ISIC_0014639_segmentation.png,09be3a1018b36c2f20412b143e594db0d5e61cee8b5dd8d72d11183da66ce3a2,0.097371419,0.999939175
train,348,ISIC_0015941.jpg,ISIC_0015941_segmentation.png,c624285508edb2efc83301cf5ca092137408e032190bffa077645bcc2cf88f5f,0.165883382,0.999908119
train,349,ISIC_0009430.jpg,ISIC_0009430_segmentation.png,002722665bc3407540429a6f877d59f643182d6b64dd8d8f3a5db81d6f6e3fda,0.255091349,0.999866843
train,350,ISIC_0015989.jpg,ISIC_0015989_segmentation.png,66b06336f1b48e41c2d6f0165dc9301738c12e07218b8b6f1040863db0f9b2fb,0.196609497,0.999658735
train,351,ISIC_0004168.jpg,ISIC_0004168_segmentation.png,1028cfd67974dfbbefc9362091aa3e99ae714566b80625e17cbcb467ae1304b1,0.251256307,0.999810702
train,352,ISIC_0011360.jpg,ISIC_0011360_segmentation.png,c17c03928632ea97e3c0aae863069eae0bcd958a38a886b7b2163a29dff24944,0.327306112,0.999895605
train,353,ISIC_0009165.jpg,ISIC_0009165_segmentation.png,93bcc7649d02482500dbfbac325a979945a8b16411030de3967abedd0463907e,0.201197306,0.999843616
train,354,ISIC_0010365.jpg,ISIC_0010365_segmentation.png,d3e68b2a2b0effc31e31f1deef4792011d5edaa5d6a6cc9cf0fed65c2ec7019b,0.172999064,0.999908617
train,355,ISIC_0015254.jpg,ISIC_0015254_segmentation.png,2db54bd409a6c3c319af6bada658c807af36aafb2657d66e39ec10a0164b1fe3,0.372044881,0.999885622
train,356,ISIC_0013762.jpg,ISIC_0013762_segmentation.png,19708951138522f2c6f1c4b538c96dbeace4eb7c45024949aedcc830fb132802,0.211944580,0.999783490
train,357,ISIC_0012544.jpg,ISIC_0012544_segmentation.png,a630d306439308ee0173471209edd04ccb2af6db68693c86bffcc50bf09f0911,0.144393921,0.999809547
train,358,ISIC_0014714.jpg,ISIC_0014714_segmentation.png,0db5c00c5254704b015ca55e5ee6a720a1a0bdd1d2bcf06efefda001b7b2443c,0.354263306,0.999948817
train,359,ISIC_0014643.jpg,ISIC_0014643_segmentation.png,3c4bb945f855cb53a1c097c8464404bc7a33e1af5015043ef8afd6f9e8439f82,0.135935465,0.999896470
train,360,ISIC_0014489.jpg,ISIC_0014489_segmentation.png,e905cf7d4093e2f6e1a0962ab36f23cdb2b1881110c2a88b798678ae13f7654e,0.135543823,0.999890542
train,361,ISIC_0013342.jpg,ISIC_0013342_segmentation.png,5d0927fa7701ea2ac2589a32d6d18e7cda601b50b8d72de1f71f71c934b44cdb,0.222986857,0.999674308
train,362,ISIC_0000123.jpg,ISIC_0000123_segmentation.png,7104301ed980620ea717f51bf50be80528f5b319d92f3b014170750f4bae18c1,0.000000000,1.000000000
train,363,ISIC_0014657.jpg,ISIC_0014657_segmentation.png,76b75236544782a84737d5868019de3c819422ab24af507b511f4edbfc8338fe,0.546574910,0.999861598
train,364,ISIC_0010468.jpg,ISIC_0010468_segmentation.png,02109b60f6980cf19c894e7f6ef665af9ec3638f65950ba61bde4a77ccd579c6,0.200271606,0.999831753
train,365,ISIC_0013740.jpg,ISIC_0013740_segmentation.png,e1de52b3a0481ca2e892dca934400384505c836c280dfd6bdf34fff9a7a29cde,0.214426676,0.999702352
train,366,ISIC_0000343.jpg,ISIC_0000343_segmentation.png,9ed15fbbb2e0a2db2f3609f70b90c354278e3bd7f6e97aae71b34f219cd98130,0.000005086,0.999999999
train,367,ISIC_0014964.jpg,ISIC_0014964_segmentation.png,eda25badbaf1e058bf57ab4b5c546829c097f6879e21ff2b905782a3abe2d327,0.526565552,0.999913284
train,368,ISIC_0015981.jpg,ISIC_0015981_segmentation.png,71a195411498afffc10e7a6d85b009aec1bd46390b3253af319c8d59cceae3ce,0.167566935,0.999754195
train,369,ISIC_0009564.jpg,ISIC_0009564_segmentation.png,c4a08b4a0220dc99eae1449145d33d558c0f41eb37138c2be42c3afe8e1e7be3,0.203379313,0.999899403
train,370,ISIC_0000120.jpg,ISIC_0000120_segmentation.png,d521e93074f1d5b43e81851b4e1ea19ac19dae04bf38135e6a44d153950032f6,0.000000000,1.000000000
train,371,ISIC_0014683.jpg,ISIC_0014683_segmentation.png,9d5f56014a7519338c960ad5259f670a06a95f601304ffbc599871a6ba618f91,0.564549764,0.999900132
train,372,ISIC_0011118.jpg,ISIC_0011118_segmentation.png,5b52cebc5cd35539e5495aeaf9058744399b01100cfe9e24e57e05c1c520dab0,0.136072795,0.999702982
train,373,ISIC_0000125.jpg,ISIC_0000125_segmentation.png,ecefd5d830effd096c41d946c4e79c9212b1b1d1dc3609558f1d88c586f5fcd9,0.198827108,0.999957897
train,374,ISIC_0013517.jpg,ISIC_0013517_segmentation.png,8a55edb9f248724e3f47d78cc02bb64d4b6a688a703a1f0bf142aa459ab4709b,0.254470825,0.999484958
train,375,ISIC_0012664.jpg,ISIC_0012664_segmentation.png,2c00b97a659fc2afb6f21b6b2a55961aae24d82d987878b03acf75db9eb04b1c,0.105723063,0.999931875
train,376,ISIC_0012489.jpg,ISIC_0012489_segmentation.png,fc62feed4e7517f4268079b1c0ec9088bf66b9b06788b04a5e9f13815c8f0f23,0.151992798,0.999799454
train,377,ISIC_0014966.jpg,ISIC_0014966_segmentation.png,e15da4f952a06944181765c859047cc09d3fd88051320ae9a0ed553f7675d309,0.529978434,0.999911376
train,378,ISIC_0010441.jpg,ISIC_0010441_segmentation.png,ae4bc80133179891193aaa577778c8dc2810ddb363b14b927ce4b61057ee37c3,0.220362345,0.999761555
train,379,ISIC_0015226.jpg,ISIC_0015226_segmentation.png,20a5a34524f2da9fba97a7fe879134f0893ecc2fb0383d3e9086258a182e3421,0.345082601,0.999913584
train,380,ISIC_0011386.jpg,ISIC_0011386_segmentation.png,2c28a4978e74eac02a54f0d289173027df4c88b1cde9a7f4453b25358ca295ba,0.302454631,0.999831962
train,381,ISIC_0010333.jpg,ISIC_0010333_segmentation.png,c29f3d819e076cfe3c393fcd3101e926676ac23a67b10d0ede2512e9ae44a5a4,0.151850382,0.999937163
train,382,ISIC_0013207.jpg,ISIC_0013207_segmentation.png,5e0a547769c23050510f87ff3b4baea1184f92b50263c2474d69c2fe984f7e1c,0.224095662,0.999805606
train,383,ISIC_0000386.jpg,ISIC_0000386_segmentation.png,9d9ad110fd4366f867817e216488e82d997272742947f7c1ef8359ec4eb10573,0.101394653,0.999957553
train,384,ISIC_0010252.jpg,ISIC_0010252_segmentation.png,5c4a73b50bb20b3ede9e8d8996f15f61f5a872fa5f2e9bce2ff284fe203a5b91,0.237340291,0.999915015
train,385,ISIC_0014185.jpg,ISIC_0014185_segmentation.png,7df9338cedc04a0afd21dfdfade3f26afeeb215078915f0a59bb54bc3559b8b5,0.127660116,0.999792358
train,386,ISIC_0014949.jpg,ISIC_0014949_segmentation.png,665a5e84a8e7cded69a4ca86436f9212de96fe2c39fa62f7c6daf587cd0325c5,0.482442220,0.999924913
train,387,ISIC_0013223.jpg,ISIC_0013223_segmentation.png,c0d78069d72e78bce0727d8bf101fcc0549ed5d5961e6b98e4c6c30c1dfcce05,0.194386800,0.999799043
train,388,ISIC_0001449.jpg,ISIC_0001449_segmentation.png,d6c7ab90bcc4907398ac75eee09ec2e90c2e9deff69b991d1d3189373b2d80c6,0.290786743,0.999868858
train,389,ISIC_0013383.jpg,ISIC_0013383_segmentation.png,bae569dcf5943623a45e1643375e7e1d0f63f22698a55fabc74262dcbafed804,0.248336792,0.999580686
train,390,ISIC_0013056.jpg,ISIC_0013056_segmentation.png,91ec52e737c5d0cb2dad1a900d89c42d71098354bde4f6d8d1acd90ae93abe05,0.182657878,0.999732657
train,391,ISIC_0000153.jpg,ISIC_0000153_segmentation.png,9e84aaa1c08e59ec8d91ad72dda1ac484e950d0dc9244fba03b8333752785499,0.127568563,0.999944204
train,392,ISIC_0013922.jpg,ISIC_0013922_segmentation.png,699a5c45150e18c6699b78f5a97ccf59854ad7cca5ed03c1402a8552e3075620,0.242329915,0.999611228
train,393,ISIC_0014291.jpg,ISIC_0014291_segmentation.png,9d835160fd35203a1ac20d2f0582cb94df82117abd6a72e0f7b0937dba7ae779,0.137847900,0.999888694
train,394,ISIC_0014775.jpg,ISIC_0014775_segmentation.png,64c3d29cd73e62952e6c9a600b6d3edd95817a450d5d92a749515c1708d64d2e,0.607884725,0.999829648
train,395,ISIC_0010844.jpg,ISIC_0010844_segmentation.png,0ad5aa59f521e92415adad0d18803b88748605b952166dabf597f1278371b9e1,0.235321045,0.999849946
train,396,ISIC_0015973.jpg,ISIC_0015973_segmentation.png,7ece7cf93b7f0f338595b464055d638b36313a06dd85c03214241eae89138931,0.210520426,0.999842388
train,397,ISIC_0010449.jpg,ISIC_0010449_segmentation.png,60f00b27aa7b9f9780e458d6bb83082b4417403a8e0c5cf800a89ae301b16157,0.171127319,0.999938029
train,398,ISIC_0013643.jpg,ISIC_0013643_segmentation.png,b71d6f93f4854ebcb7e00d4835d40cecb9b4c0bdde31cc4fb9838a4d68e5f9b6,0.181203206,0.999829303
train,399,ISIC_0014696.jpg,ISIC_0014696_segmentation.png,5cecabeb54f3913ad066c9ba74b74e229a93f707525f98fc5285f69414d40d71,0.389399211,0.999945692
train,400,ISIC_0014780.jpg,ISIC_0014780_segmentation.png,3ad3ecef29a1195cfc8d367d1fcd1b5a04549b2e81d54a98ecd06e718f70e46b,0.682907104,0.999768489
train,401,ISIC_0015021.jpg,ISIC_0015021_segmentation.png,27ffa77c6defd4e0741d03b482284ff7a765bda0306f891ab314f110767ad1df,0.420227051,0.999921748
train,402,ISIC_0000465.jpg,ISIC_0000465_segmentation.png,0b9ca72f9b07f59d75021b1735c26cf5a4e30a075be3dbfac91d7aed7d0ad74c,0.287358602,0.999870086
train,403,ISIC_0013147.jpg,ISIC_0013147_segmentation.png,dddc2f87049530af0e2f8739f9f179b95eb29eb6b01713529fb63afea61ec622,0.469055176,0.999526618
train,404,ISIC_0015614.jpg,ISIC_0015614_segmentation.png,0230ed791ead1f59fd44e8f56460ef19d3bd5965d361851478cec78221d66120,0.546524048,0.999796112
train,405,ISIC_0010319.jpg,ISIC_0010319_segmentation.png,7bda8f29bbabfb3a9855e0461bb43647acf09d4bf2d2b3f550f334d83f047f29,0.272048950,0.999907452
train,406,ISIC_0014729.jpg,ISIC_0014729_segmentation.png,161351d0beac355abc7df5caa8e8711209a0e5928af3220b839450259da1cdeb,0.379653931,0.999874346
train,407,ISIC_0008600.jpg,ISIC_0008600_segmentation.png,de46edadd78aee456e9a8c2827c6cd5296a22ce1b46f5f07f6648d85dc8fbc9a,0.216974894,0.999820495
train,408,ISIC_0014567.jpg,ISIC_0014567_segmentation.png,7a56b9c73e29dbbf7373025a1a7bc7d12010d1d54f04d0b150a676b88906d469,0.183293660,0.999912016
train,409,ISIC_0000498.jpg,ISIC_0000498_segmentation.png,40a4e1ee44da60892889c94cf08278703fe00bbe9779dc9b3579588e3a4505a9,0.222096761,0.999906794
train,410,ISIC_0010262.jpg,ISIC_0010262_segmentation.png,cfa6aa5b2ce4b26067d9303f53e029396b7d0df0d352361e4ca7b84b3e7841e3,0.194956462,0.999878201
train,411,ISIC_0014693.jpg,ISIC_0014693_segmentation.png,51d29cf8438e239770ce6bad85a54c2403b536bc43b28893f0144f4679ee4b64,0.433593750,0.999909171
train,412,ISIC_0013167.jpg,ISIC_0013167_segmentation.png,b4f229f560b097694eb82febc6852986a96af0e557705ab99ed7ff345dfd2b2d,0.385019938,0.999817984
train,413,ISIC_0011390.jpg,ISIC_0011390_segmentation.png,a3be7100b99c1fa2d8f3e8d587ae49b2fa41fb934eed20b9d2bc6129f9d69b1e,0.113398234,0.999890162
train,414,ISIC_0013208.jpg,ISIC_0013208_segmentation.png,23bb6e712b9b399b2942f0d2cde276a99aa7d4359fd83f329602b99d7ebe8082,0.228088379,0.999765139
train,415,ISIC_0015999.jpg,ISIC_0015999_segmentation.png,ca009012faf7ef1ecf6d7155166c8e28a941fb5c09125fcb250728ad87672303,0.230097453,0.999746126
train,416,ISIC_0012939.jpg,ISIC_0012939_segmentation.png,bcf0bda5c6433df64367a5ac437f1a1a7b41ee2db59bcc3e5e7e51786de64962,0.254094442,0.999788787
train,417,ISIC_0001267.jpg,ISIC_0001267_segmentation.png,eebdf39cc718e1048bbc4a3cee47aea95dc08168abc891c4b3df9a82843d44df,0.305277507,0.999713763
train,418,ISIC_0013257.jpg,ISIC_0013257_segmentation.png,f099c7bb3d0f7af0afe28131e7bc3ba1807ce63462b85c26d17ee8f0924d45fe,0.216781616,0.999741745
train,419,ISIC_0012325.jpg,ISIC_0012325_segmentation.png,2a373d619c66a082c4809059d5a507e737c14bb08183c14e9262cd80a8273639,0.211959839,0.999459077
train,420,ISIC_0013258.jpg,ISIC_0013258_segmentation.png,87aeae98fd8620a4caed61f876cde02e19ef4a8b57794175f36a757ac5c3982e,0.223144531,0.999811905
train,421,ISIC_0012400.jpg,ISIC_0012400_segmentation.png,e66f421071d196e53a61b44994dd716a2e3734f7205a3dffdc62c385b2041b24,0.224166870,0.999771317
train,422,ISIC_0014580.jpg,ISIC_0014580_segmentation.png,2bae41a8f6bde1e8070c45ca6b6178d15204afc6a81c6c6c14f4360b65465a09,0.167226156,0.999938782
train,423,ISIC_0013736.jpg,ISIC_0013736_segmentation.png,a63806113070e19a99412a265da51e3a97a2d177dd4f7533e2fd2c3dfce48fc8,0.473999023,0.999545460
train,424,ISIC_0013242.jpg,ISIC_0013242_segmentation.png,8106a2d5fc21fe7819897e0e7dc84e1693619598e192563af5a49647702a6000,0.247192383,0.999849117
train,425,ISIC_0012395.jpg,ISIC_0012395_segmentation.png,6c44d9865bb7d2c3cef50a969b9a1f61d7ff10c12b80f87120d3b45a96e3724a,0.253641764,0.999868766
train,426,ISIC_0015940.jpg,ISIC_0015940_segmentation.png,4550d32855fdf2dca8ee0d0d195014ae26cb50b0e0b863b3a2315d62922c6279,0.106740316,0.999885113
train,427,ISIC_0011084.jpg,ISIC_0011084_segmentation.png,4322a7a620de042984976862c47ae23901e323398739f91520d5e437ef17e7ea,0.225372314,0.999780569
train,428,ISIC_0000004.jpg,ISIC_0000004_segmentation.png,d9bd519e99d9cbd033abfc36931f20e921126714865f86c9c6ed2e1c01756ee1,0.138168335,0.999988007
train,429,ISIC_0009937.jpg,ISIC_0009937_segmentation.png,299115f2dedf68476da9b240ea67726411a0329f0f573bc6bdbb13fa8839ae16,0.149103800,0.999734033
train,430,ISIC_0015617.jpg,ISIC_0015617_segmentation.png,7a7b4738d55153f85108ce3358a3a1be23eebeb358574caa19a969dd1705600f,0.526031494,0.999910206
train,431,ISIC_0000108.jpg,ISIC_0000108_segmentation.png,f945786ecec945d07bc2d91de9ade8c4e46345229abfa8d4c861beca76786eb8,0.182062785,0.999957165
train,432,ISIC_0009967.jpg,ISIC_0009967_segmentation.png,601097a5dae53380f7582b07694f3d7dfbe02a40177caff82b45a18ceaf933ec,0.194254557,0.999886171
train,433,ISIC_0013371.jpg,ISIC_0013371_segmentation.png,77307a4bd8c9384a2c13b307909b8c6a283a68355a9e3e0ece1f089975c75bf1,0.185785929,0.999836001
train,434,ISIC_0016005.jpg,ISIC_0016005_segmentation.png,d7758f8f84d003d1b1f83a3b9ba5616a5bc6c07f373cca287f49a6ec257f7269,0.216908773,0.999858309
train,435,ISIC_0015951.jpg,ISIC_0015951_segmentation.png,d52a205ddee9b1b4ca919618958224cf953158e92fe93644d73f133c41947822,0.193608602,0.999853123
train,436,ISIC_0000449.jpg,ISIC_0000449_segmentation.png,6531bc32c3e43c183f142bf961ef5b6e9268332df114f33967c53c55ac7178d9,0.143127441,0.999928393
train,437,ISIC_0012855.jpg,ISIC_0012855_segmentation.png,b3b8bef44e709538f9634721ebd216be57082af4e982ba0d064b12dbcb85ecef,0.184173584,0.999856715
train,438,ISIC_0011357.jpg,ISIC_0011357_segmentation.png,d0d4771f31074500c4e3d70c2e38b167bf5cd5559d1c2ec4b129d802ffbe72b6,0.156453451,0.999819101
train,439,ISIC_0009901.jpg,ISIC_0009901_segmentation.png,d57fed42f4d31b08886e1ede025c8046fcf8070d73e8e9ba362a3b003dcdf688,0.191940308,0.999912215
train,440,ISIC_0013806.jpg,ISIC_0013806_segmentation.png,97808ace66e3f84ed1a0d02058122ae0c523af4f641dfacb70027b85385fbc68,0.256881714,0.999309860
train,441,ISIC_0001148.jpg,ISIC_0001148_segmentation.png,99f5bde92f901f3772ac25ef2b2d8abf3e1ddf6771eb096a4a0d1af7c49f9718,0.153778076,0.999898430
train,442,ISIC_0015417.jpg,ISIC_0015417_segmentation.png,df84228c7e7d6e6f42882e44513fba79764ac878e9e96ca0561b8f24d5f57848,0.414520264,0.999908820
train,443,ISIC_0016068.jpg,ISIC_0016068_segmentation.png,0cc7cc4c1d00e751470241c2154b500414314a675e34ae532daea83c6bd082cf,0.129297892,0.999873443
train,444,ISIC_0000556.jpg,ISIC_0000556_segmentation.png,16b794cccebe02e0cfe488e03ae6197f5a23915b269d815a6f4d7bca8579ada1,0.200739543,0.999943869
train,445,ISIC_0000482.jpg,ISIC_0000482_segmentation.png,d50edc77331fa3b9fdc5333d57826ad77bd122186cf346c83aeef4fed2767b40,0.386764526,0.999877682
train,446,ISIC_0011223.jpg,ISIC_0011223_segmentation.png,54d80e8e6480fb6b858818db6885b621f141e1c352b0bf30e26b246b3393258e,0.171946208,0.999827391
train,447,ISIC_0000163.jpg,ISIC_0000163_segmentation.png,2aa0726e87e3aa2b4ded7a2799134ceba4f6124d0f0ca7f5c705a6c3b76837e8,0.189692179,0.999971356
train,448,ISIC_0010584.jpg,ISIC_0010584_segmentation.png,7ae3e1aec8dd0635167a624aec808cf70b239df2711d97152b8e5ecb4e17f5ac,0.229955037,0.999812548
train,449,ISIC_0013141.jpg,ISIC_0013141_segmentation.png,a6adefa476921dc5d0051f73291aaca785d10e225cfb770a540413918783b416,0.206965129,0.999926427
train,450,ISIC_0013229.jpg,ISIC_0013229_segmentation.png,868795538b1bc289b2f398025c206aa3c83e90cec089475fb0d4e85ecea39223,0.203526815,0.999905212
train,451,ISIC_0014836.jpg,ISIC_0014836_segmentation.png,2e4f0d459d44f4dc551a799b5fd38fe29e83c0fbfa896986fbf2c97bf3f799e3,0.532877604,0.999906171
train,452,ISIC_0010481.jpg,ISIC_0010481_segmentation.png,e9f4441a4ade834c13c7c906eaff2a23977ca571d6ab6dae96af076bb7b41bb8,0.127894084,0.999886071
train,453,ISIC_0009934.jpg,ISIC_0009934_segmentation.png,54d295e51a355770ddfec9f5541714a2a4b71b9a94cba84b8d56f86a0415aa00,0.244486491,0.999919997
train,454,ISIC_0000110.jpg,ISIC_0000110_segmentation.png,dc49aacd1a0ced416f81f3dc77801d7ee3bd2592099ae6bd1bf5362f47d9f5a0,0.000000000,1.000000000
train,455,ISIC_0000212.jpg,ISIC_0000212_segmentation.png,8a46036cf88830710e0f04d7ce9e586f907a30caf69d0f6383fe6435860fabcd,0.299733480,0.999965039
train,456,ISIC_0012379.jpg,ISIC_0012379_segmentation.png,b1c47fce6b7d35f1ee6012a179b5c855dd89eeed084e7fe394fb248afc44a107,0.232330322,0.999903611
train,457,ISIC_0013982.jpg,ISIC_0013982_segmentation.png,e9afa8bd94851aad43b01ce4508f2d15a14f7b93ea7b05a1da5c8fc95e0a045d,0.237640381,0.999728241
train,458,ISIC_0010171.jpg,ISIC_0010171_segmentation.png,18220f3c3a339539fbe5cdabdec8496d5349a2117f805544c5a311745adba8ee,0.197260539,0.999689311
train,459,ISIC_0013455.jpg,ISIC_0013455_segmentation.png,f0a9c7bb5e2df1c0a7f7fcc323f33ee61fb2751c1890579c03c08f2cfdd1c278,0.224756877,0.999867969
train,460,ISIC_0013232.jpg,ISIC_0013232_segmentation.png,b4fe04f4726cbf1fd30b067c60f922723f74659dff01133309234935fca51715,0.450205485,0.999688599
train,461,ISIC_0015256.jpg,ISIC_0015256_segmentation.png,e424b5c8df0a3752e3b375d550c17757e05634b869ea0b6770636f3ff0c36812,0.452209473,0.999914042
train,462,ISIC_0012673.jpg,ISIC_0012673_segmentation.png,c7ab9d1f27e6511bc27d70cf92a38df0a2d9ce328fa9116c6db37f3002e71cfe,0.066426595,0.999913321
train,463,ISIC_0013026.jpg,ISIC_0013026_segmentation.png,2ca44c7193075735ceef2bd2ab9c4de3a519d1d58c38c34f4b62571a3f0039fb,0.256266276,0.999805211
train,464,ISIC_0000232.jpg,ISIC_0000232_segmentation.png,165730d9692774d9f294bc16a17fa003f2e759eb8026a066e062a938321cd9e1,0.242655436,0.999957190
train,465,ISIC_0000160.jpg,ISIC_0000160_segmentation.png,cf73efa19cd487cb378fd51b9829a99271c389c814aaf11003a181fdc144c831,0.256734212,0.999968551
train,466,ISIC_0015950.jpg,ISIC_0015950_segmentation.png,807917e62a5c41e418508e88148de1e277c47165a88e5eeee0d520a389a5fcd6,0.216990153,0.999657165
train,467,ISIC_0015313.jpg,ISIC_0015313_segmentation.png,2df0a26f3f8fa5e522d156857f255f20bc931d5b3955cc475af2b3e2088df821,0.642832438,0.999868468
train,468,ISIC_0008998.jpg,ISIC_0008998_segmentation.png,caf0daf92d40f074cf013b0ea2aece14642256913821478f0ea1dee1fa71dd94,0.202687581,0.999899047
train,469,ISIC_0011324.jpg,ISIC_0011324_segmentation.png,52f61253f91a0542cb00d5501a51e8547f9d30c04992a1768f4ae51d18ce5492,0.180252075,0.999916861
train,470,ISIC_0012442.jpg,ISIC_0012442_segmentation.png,f7ea8a276895031fd6e8233420352db164a1213a7d9f57a123f3605352a9a502,0.235636393,0.999833283
train,471,ISIC_0016011.jpg,ISIC_0016011_segmentation.png,9e5767a2174b62162fab50018c39763fbd0dd4780b2b264577093d45babfb388,0.225931803,0.999820281
train,472,ISIC_0000536.jpg,ISIC_0000536_segmentation.png,122f1b40bcaacf2fd924491341bc26decf9c47895d9aab0ad4383c16191b302b,0.159642537,0.999910527
train,473,ISIC_0015482.jpg,ISIC_0015482_segmentation.png,75aa80b98379de729e8e699755a4c15c57283ea1b137f60237fcd6c8c5af8bc0,0.572626750,0.999862503
train,474,ISIC_0009904.jpg,ISIC_0009904_segmentation.png,47af8d3160ca17310b644413b5177668ce243de28786316a63f2ea04d99757e0,0.209635417,0.999920430
train,475,ISIC_0008029.jpg,ISIC_0008029_segmentation.png,dc97ac95d48c084e96825b3ced0b0f3b3062838efc92c3f01d231a331927c2ab,0.212539673,0.999883118
train,476,ISIC_0000481.jpg,ISIC_0000481_segmentation.png,6146400b4b91e7d3c47a1b23cd4bb949e40c153300538e723e43de0567116189,0.261240641,0.999896528
train,477,ISIC_0002647.jpg,ISIC_0002647_segmentation.png,68e149622c14baceeb3c95576d390c7a44f4463459bca4288825dae46aa1d833,0.205245972,0.999894409
train,478,ISIC_0013568.jpg,ISIC_0013568_segmentation.png,0f4b2e11d363aa70b94d647a01be2e8c3f470bf531788891a1121abb5789260e,0.200571696,0.999668257
train,479,ISIC_0014848.jpg,ISIC_0014848_segmentation.png,32c76ac3768ff13e919d0194fabc0b8336856c96517af4ae27f508032e82e262,0.568837484,0.999803760
train,480,ISIC_0000117.jpg,ISIC_0000117_segmentation.png,6011a28680dd46ab9cc71708bb78a03c0b50a2be703213060cdce4e109f539c8,0.184555054,0.999946609
train,481,ISIC_0010848.jpg,ISIC_0010848_segmentation.png,4a175d584d08ab9f20827a9a5cb406933ac5de09f194fe9ccf2dcd3901515fc3,0.198516846,0.999648716
train,482,ISIC_0010323.jpg,ISIC_0010323_segmentation.png,0efc32886639f36ce15fbafdcb0634bfc68570b955d4747465f80f1e0abfc3e7,0.222300212,0.999818920
train,483,ISIC_0000150.jpg,ISIC_0000150_segmentation.png,6246eac92eb5ab366fd3a920aa85a28cb210b10e445564d273ca16764e8f97b5,0.000000000,1.000000000
train,484,ISIC_0014386.jpg,ISIC_0014386_segmentation.png,dbe3c892283121ea2ff0a379896ce44899ec0e6b36f07c6e2114d63ef54c26e4,0.123697917,0.999948468
train,485,ISIC_0010372.jpg,ISIC_0010372_segmentation.png,f71ed403fab10f98a48ac554b77116596048414ccbf350532210c2797db71a6a,0.217137655,0.999777655
train,486,ISIC_0014619.jpg,ISIC_0014619_segmentation.png,144d6bc878dd1af801a87cb0b9b76f68ca56a7bd6e52d87096d8c693b8c3228b,0.129440308,0.999933363
train,487,ISIC_0013437.jpg,ISIC_0013437_segmentation.png,9adebca131028f6319e3079b58d85a4c0aebc6549399032fad26ae74069528d4,0.264897664,0.999689811
train,488,ISIC_0011229.jpg,ISIC_0011229_segmentation.png,6cbe728a41c76b1a45864faafb882204bcc9845e75bf54ba589dffc2b4cfddfd,0.243499756,0.999937230
train,489,ISIC_0011101.jpg,ISIC_0011101_segmentation.png,f898296038f5f7633eff053dc4d6101998d2ca6d2d80781319c6fac07e689566,0.273513794,0.999928955
train,490,ISIC_0000050.jpg,ISIC_0000050_segmentation.png,b33aa0e5dd4949a307759fcf7a285c4129ee4edb94eb60fea7493ce968fa6df1,0.076314290,0.999937670
train,491,ISIC_0010488.jpg,ISIC_0010488_segmentation.png,f13d6ac5e94b2c253138a45e88a0767f8b32c8dca77d774f09234a56e673e2f5,0.074681600,0.999897828
train,492,ISIC_0000332.jpg,ISIC_0000332_segmentation.png,22b36124700e49781c70d28f3ca8a1a3c543828105d34c5cc84559f948256f61,0.000000000,1.000000000
train,493,ISIC_0000436.jpg,ISIC_0000436_segmentation.png,02151e1047785afd4a7b6a332ddb913182a9ab36faa7440581d89163019e9d99,0.124191284,0.999944333
train,494,ISIC_0010351.jpg,ISIC_0010351_segmentation.png,22f722c5ea5ab79ea233d378bd953357dd22b3030d848fb83a7e7808a83bb611,0.206527710,0.999917154
train,495,ISIC_0013200.jpg,ISIC_0013200_segmentation.png,950bf1c55806769522743c4bd9dbb625d4c2d027fd5988df09ac591614d575f8,0.194112142,0.999814437
train,496,ISIC_0012097.jpg,ISIC_0012097_segmentation.png,0eb8e3f6f62b95ba70f5a00e9f586804430860d0b9b16f9ff92f745a80345354,0.154505412,0.999813974
train,497,ISIC_0014543.jpg,ISIC_0014543_segmentation.png,de583dceb46751a859834571440555069c3ed8a1096953c23d47aa2ab451ddb4,0.147389730,0.999768410
train,498,ISIC_0011143.jpg,ISIC_0011143_segmentation.png,96f217e5552b50ccb49b35a11e9544ba262060da2d829b589f0159a41900a1b3,0.142059326,0.999829306
train,499,ISIC_0000504.jpg,ISIC_0000504_segmentation.png,83c1dc482aa225dbf385db3835a09826e8d629c73a371390afa5388283d5f0af,0.200836182,0.999899272
train,500,ISIC_0009994.jpg,ISIC_0009994_segmentation.png,c3423ffeded112d5bc6c45f525975644817045726630f0679be87e4583b6011d,0.184626261,0.999920233
train,501,ISIC_0000092.jpg,ISIC_0000092_segmentation.png,43a4175dfede23e3156ec98e173f0900628b02d8d8eb6ac9e11cb5c22abc4e43,0.183751424,0.999797554
train,502,ISIC_0010255.jpg,ISIC_0010255_segmentation.png,aa33b3499610977743f657e1455b68cdc299fba75cec6911d1b0ab3139623b27,0.127298991,0.999752494
train,503,ISIC_0010368.jpg,ISIC_0010368_segmentation.png,0959558da3ba48c666f31d67a78d21fb7a3f157d09ad61ebd92f357f334c8068,0.206425985,0.999921226
train,504,ISIC_0000102.jpg,ISIC_0000102_segmentation.png,58d9cca56d570247f5e5ef15cb193490e593a1fba35288b62cf8c8de7972597a,0.000000000,1.000000000
train,505,ISIC_0014114.jpg,ISIC_0014114_segmentation.png,ec908fcca4fe1eb12484f5d5c5372f0c061a3385cb48e35264c1cd9e495ca87b,0.124786377,0.999941658
train,506,ISIC_0016041.jpg,ISIC_0016041_segmentation.png,99c3714ecf8b4019e971e721de7893d5ceb37423bb0fbd08d500ec31041b223f,0.262563070,0.999653257
train,507,ISIC_0008507.jpg,ISIC_0008507_segmentation.png,88a96cc5223e92606fd5429e55b8335d2a05edeba3cbce60e131de5493d745cd,0.200347900,0.999935476
train,508,ISIC_0009083.jpg,ISIC_0009083_segmentation.png,7584241e9c17196e2813e2a7aaef68d6ba8d4b904027a75865c9b8488afadfb2,0.182342529,0.999947384
train,509,ISIC_0013801.jpg,ISIC_0013801_segmentation.png,d068a4ef7ef183ae6c117e03adce4ba130d3c7dc00dd263c1eab8672b41db5da,0.190973918,0.999751267
train,510,ISIC_0012159.jpg,ISIC_0012159_segmentation.png,7fe9d6fdce9f9e6cc5621d4242d66662e0cf1e97a3340dab8cf31cb6200ba4b2,0.233947754,0.999819315
train,511,ISIC_0000217.jpg,ISIC_0000217_segmentation.png,7abfac9ed8e853fbcb7d7b916bcc0fa1d1e1f9dfe9aef43179b322d1ac91538b,0.202789307,0.999966419
train,512,ISIC_0000252.jpg,ISIC_0000252_segmentation.png,0a9247e69836dd3f1e8ed3acc4c3c83e142924742739320c073aa4c5637c47ee,0.174636841,0.999971942
train,513,ISIC_0012203.jpg,ISIC_0012203_segmentation.png,bdd35022e59eebc39b1e868889649d70d06739754a50543cf42ad8f60d4ed5f6,0.184178670,0.999853338
train,514,ISIC_0000535.jpg,ISIC_0000535_segmentation.png,0281d0a428a808cd70ee64cf3e6a8bf72223aec765159c6051029c8d41b76330,0.149149577,0.999935441
train,515,ISIC_0016072.jpg,ISIC_0016072_segmentation.png,4f3853d6c5b7861ca19f71f38883f99baeccd7e040916c6ce8205352c0d51803,0.107315063,0.999919911
train,516,ISIC_0015155.jpg,ISIC_0015155_segmentation.png,2089dba334f9ebb88f2c49cf5852c09227699abe9db8b4824e69d1bd47da70d2,0.451726278,0.999908872
train,517,ISIC_0000027.jpg,ISIC_0000027_segmentation.png,832afc8e66c41cbbbc7eaf77db7c6996ba18ebc02e9e2e6f012c84cc177c3c66,0.055257161,0.999958708
train,518,ISIC_0011327.jpg,ISIC_0011327_segmentation.png,cb2a3ccb0b3eed13abf14d86ec1d93527b0a3ab2b144bb17544b0d1d42610818,0.229802450,0.999926496
train,519,ISIC_0015395.jpg,ISIC_0015395_segmentation.png,7ec1ab45673fc667b887d1a409457914efcd1dd32ad88e41e257be5fd4893d0b,0.710983276,0.999764414
train,520,ISIC_0002885.jpg,ISIC_0002885_segmentation.png,c39e2a8d568d1669fa104d5ded121086d757d2369c760a959967aea8c3946dba,0.229212443,0.999828762
train,521,ISIC_0013024.jpg,ISIC_0013024_segmentation.png,4b99beb38b71cc1894456a1c8b21f21a3e1f090c43772844db9151653bee3339,0.250844320,0.999930764
train,522,ISIC_0013986.jpg,ISIC_0013986_segmentation.png,1c0fff6c2c5993ec4ee96c376ba97cd6752e55c2ec12536ba9be434b304e1282,0.230972290,0.999638245
train,523,ISIC_0015368.jpg,ISIC_0015368_segmentation.png,bb6d4d2497b77a8a2120d9522f0eff79f6b0af241f512c1aa17f3a704b7d8449,0.346435547,0.999945956
train,524,ISIC_0015031.jpg,ISIC_0015031_segmentation.png,b103201883892dd49e86c3b7cb04a983d084afeacd5cd44b62b3655901f2f77c,0.622151693,0.999745456
train,525,ISIC_0012363.jpg,ISIC_0012363_segmentation.png,948056bcb0bd2189eb05e83d644f9ccbccdf6786f70afee8b3fb984b72ab538e,0.244964600,0.999595246
train,526,ISIC_0000345.jpg,ISIC_0000345_segmentation.png,b7c69d9492f0ede63badbafc0501c028e2a4a86e25058c6e7f72e424a71e80d9,0.000137329,0.999999983
train,527,ISIC_0009939.jpg,ISIC_0009939_segmentation.png,a716f73bc407b31412d5834866551bf9d5cbd5b04488c2867f70162b5496075d,0.156382243,0.999880201
train,528,ISIC_0010475.jpg,ISIC_0010475_segmentation.png,2e1bcb36d07257519226b801d5e2817ce2ee31e7ab3917e1e97495b5b695e559,0.055791219,0.999857372
train,529,ISIC_0009919.jpg,ISIC_0009919_segmentation.png,e04044bc79e622d8c2d8fa89d13c104502572e6f9911798c266f0f79d8b6e692,0.112889608,0.999942838
train,530,ISIC_0000003.jpg,ISIC_0000003_segmentation.png,e3364e011a625406f0f3f57b77a184295064c3a1ee99b060e72b1cf0ebc0f261,0.110336304,0.999980874
train,531,ISIC_0014907.jpg,ISIC_0014907_segmentation.png,8b122b29d6df73ccbfbac3561c97796773d6174675fd9cb02d7f0a3950d30134,0.603368123,0.999852934
train,532,ISIC_0013023.jpg,ISIC_0013023_segmentation.png,96feb2cc2db81068b0d0106a3b273915ca7fa562c6658e31f1686c28ff28e0c9,0.215799967,0.999872092
train,533,ISIC_0015071.jpg,ISIC_0015071_segmentation.png,c4328bbcab4ea2fa40cf670ce6fc01747bf15de8a649bf98eb7a99ea96d5f507,0.783116659,0.999735886
train,534,ISIC_0011089.jpg,ISIC_0011089_segmentation.png,6c75f4f71c2a94595a602413920bab4d974b85d204eb6dca9ca5f20ac78d15b1,0.167287191,0.999771536
train,535,ISIC_0014844.jpg,ISIC_0014844_segmentation.png,cd943d33bfc91244c1a5f74603e1ab96bebe61e4b4a3c39fb947570e6a6a9fe4,0.324406942,0.999942017
train,536,ISIC_0013639.jpg,ISIC_0013639_segmentation.png,8b278116a02075507d770a877b7091f703dea50efc4963cc66280e980fb9ff2a,0.089477539,0.999885496
train,537,ISIC_0000323.jpg,ISIC_0000323_segmentation.png,15e824c9b480d67da6ee29ad3656da8deaed18214a084fe9b7f6ded0e7c49707,0.000000000,1.000000000
train,538,ISIC_0013839.jpg,ISIC_0013839_segmentation.png,b6928dcd81737d1ad8ea60fe9922c788156f0b1a2e5a161db610c7b6cf94b90f,0.244389852,0.997928064
train,539,ISIC_0000264.jpg,ISIC_0000264_segmentation.png,0203d6b83fe371e27e69798f73984b3bb5828c2735da0b732fb8c017a0ae089f,0.246495565,0.999940170
train,540,ISIC_0012940.jpg,ISIC_0012940_segmentation.png,55e21023c72b5db0751995b8ce8a7e29e1da22872d155dfc623afc335101a52e,0.251714071,0.999772351
train,541,ISIC_0000549.jpg,ISIC_0000549_segmentation.png,5cdd59f99165c0d825e9bcdebb38ad838c60a1ffd6a6e5453ebfe757fd15aace,0.167388916,0.999929954
train,542,ISIC_0000348.jpg,ISIC_0000348_segmentation.png,89e463b90208a86b0f9588e0b46151fb0f1d994ba5e3eabdcaf0fdf5ea2bab10,0.000000000,1.000000000
train,543,ISIC_0011303.jpg,ISIC_0011303_segmentation.png,73671f9f82c589beb2630e4982999d8601a0b87a4831f34f7c2f7f8082a42268,0.297698975,0.999801706
train,544,ISIC_0013489.jpg,ISIC_0013489_segmentation.png,3b2e5e3087d682dc91b3e7c9d7d7cd093d973e49e3793657369c8dd2480171de,0.379440308,0.999738586
train,545,ISIC_0012320.jpg,ISIC_0012320_segmentation.png,030335fc289cafc84449479155c3b2959056fe8a5e4b6ea46ba53fc577fb2520,0.161290487,0.999836034
train,546,ISIC_0000218.jpg,ISIC_0000218_segmentation.png,720b20d23fde2919aae65ea948733c276ee098dce657ff83b626572e9d8ecedd,0.171356201,0.999965281
train,547,ISIC_0000507.jpg,ISIC_0000507_segmentation.png,0468c6093290c8bdb957d48fd57e859b64c48bd5b687844232a2356cfe9b83c5,0.208964030,0.999879283
train,548,ISIC_0013096.jpg,ISIC_0013096_segmentation.png,a867a8ba3ae60b22242229e94a2c8d48657283788c19f051ec3125ec55f84d45,0.208343506,0.999831031
train,549,ISIC_0015220.jpg,ISIC_0015220_segmentation.png,f3e6f9c40cad11b0b3bfcd6a3583c240c31807feed65c0fd1e8ea17c44cf5e23,0.393163045,0.999924480
train,550,ISIC_0013129.jpg,ISIC_0013129_segmentation.png,a697fabe6de6e232a7e625c273fbacf64a9fe62f2bf06989ee39b9f575ec5ad1,0.229766846,0.999851837
train,551,ISIC_0012693.jpg,ISIC_0012693_segmentation.png,d0acf925603943203e7ed7c0c0a3d031f2e66d88d131ed695950327ad475d59a,0.246449788,0.999827409
train,552,ISIC_0010184.jpg,ISIC_0010184_segmentation.png,5c35a8df49fa31a369633813aa48ae85f5587c8c2644974f02db3402f04ba89f,0.193166097,0.999890416
train,553,ISIC_0013975.jpg,ISIC_0013975_segmentation.png,a143a9972fcca749f68cfc6e3f1795c18de51ba6960de2d1e142b4c15c3127d8,0.238296509,0.999875328
train,554,ISIC_0000491.jpg,ISIC_0000491_segmentation.png,0507d1d2027fc500c459669f8ec01176b5085e8ae40a11579af1dccb14ff912e,0.222961426,0.999918226
train,555,ISIC_0011361.jpg,ISIC_0011361_segmentation.png,16a64bd75a35a4c1620b665dd057519ea4a3e5d71a02fbebcc799c522a5d70be,0.444854736,0.999859606
train,556,ISIC_0014940.jpg,ISIC_0014940_segmentation.png,b903603dfdaa9cfe46d30fe9f4470e64cfe0cc9f6cb20e1ecdc108d1c7770e9b,0.828643799,0.999742296
train,557,ISIC_0011213.jpg,ISIC_0011213_segmentation.png,ac8b08baab43a5d1eaa9185f81e9c216f68fcd86df87402503d5dcc9e49c6be9,0.239552816,0.999789456
train,558,ISIC_0012990.jpg,ISIC_0012990_segmentation.png,fa3a4b9bcb7838f5409f3deb3e72cc3df87e53cc7ddde3708aff4d0fe8a08be3,0.214538574,0.999771880
train,559,ISIC_0014537.jpg,ISIC_0014537_segmentation.png,13fe62d131ac366e196edd0f61a96c378579c1aaf312e693c88d225d224c715e,0.156402588,0.999826476
train,560,ISIC_0014503.jpg,ISIC_0014503_segmentation.png,6f6628955bb2ed957d5acd0a07fac628093b2878d3c9e5696dc6dddf0308815a,0.162602743,0.999917497
train,561,ISIC_0014779.jpg,ISIC_0014779_segmentation.png,9937a747b82095080236768ca36aed965459898281ede5f0c9dab31601268e96,0.623341878,0.999792411
train,562,ISIC_0011378.jpg,ISIC_0011378_segmentation.png,3241f8fa74022df38c1d491b462d83b5ff9ad4b58951d7e9e2e5ba956c26b3ad,0.156372070,0.999946497
train,563,ISIC_0000543.jpg,ISIC_0000543_segmentation.png,d48b240b8db4ae3befa8e0950ebdbd07a79b9e440d8c2da95bbf5386ed16038f,0.141860962,0.999960867
train,564,ISIC_0011123.jpg,ISIC_0011123_segmentation.png,29588f63d86006ae0d7271326c216191f4112d09ee88217c663e828226c17967,0.135503133,0.999936263
train,565,ISIC_0010588.jpg,ISIC_0010588_segmentation.png,c18edb36ab1056f1c9dd4d101f43714d679cd0ddf0d7501b9abf82146d767143,0.198186239,0.999928745
train,566,ISIC_0010227.jpg,ISIC_0010227_segmentation.png,8f532740eeb73acf47e0d64386a38eb4d49cd30e00cc12baedd7d21e8f649441,0.151748657,0.999867497
train,567,ISIC_0012413.jpg,ISIC_0012413_segmentation.png,d76dec336fc0eaa3107a5afe9951894176b2cbeebb39c41654da532014f188b1,0.217432658,0.999810052
train,568,ISIC_0014831.jpg,ISIC_0014831_segmentation.png,fce4dac399ba518454e9aae7a39ea2968eb8c4012c5ecad12efecb905c2603c3,0.347854614,0.999935292
train,569,ISIC_0000390.jpg,ISIC_0000390_segmentation.png,06824c057661928ea9d8f5683892ad590318a20d1ceb9388a61470ed9b51caf7,0.087621053,0.999980917
train,570,ISIC_0010852.jpg,ISIC_0010852_segmentation.png,6b015539210a4d817ec323844bd4a2ca75bf58f8d64860360b45fa4be4edc563,0.155731201,0.999888246
train,571,ISIC_0012891.jpg,ISIC_0012891_segmentation.png,1956cd7a040949a75d3b12a1da8a8651e3afe71fc6e7e92124e4ab4054389ea2,0.127838135,0.999828491
train,572,ISIC_0014665.jpg,ISIC_0014665_segmentation.png,79223763272fd852b9053b9c0d9de0ef0a48e6aee402a7dc3998ffea486040d1,0.416483561,0.999910009
train,573,ISIC_0012508.jpg,ISIC_0012508_segmentation.png,f065474a44b869d3ab49e37c4d2b4eaa0d9efff827318c196556a4d79ec36217,0.136571248,0.999877582
train,574,ISIC_0010075.jpg,ISIC_0010075_segmentation.png,ba1643a6b713fc03ee1f02931abc92905c7d387c1bbb6819b8cbd621df2aae56,0.234959920,0.999802045
train,575,ISIC_0000294.jpg,ISIC_0000294_segmentation.png,e88c36e3221b8292ca27361115133d82886956d5c8a7cb9b6f48ec0ba6c4547f,0.151000977,0.999971650
train,576,ISIC_0010055.jpg,ISIC_0010055_segmentation.png,02d28df1c7d549f97e3f0abcc4192fd0af189d5007d14db0760125ef769e59e9,0.171106974,0.999825500
train,577,ISIC_0012655.jpg,ISIC_0012655_segmentation.png,ac36596fc8d6e38b4a1d349e7b9f7e8305f6f26775f8e4905b7b4c76e34bea5b,0.145960490,0.999777528
train,578,ISIC_0000172.jpg,ISIC_0000172_segmentation.png,e9b4c183da55729144633dc0a0f79ef5d85fdfcddbf0b8db8ed16e533f01154e,0.229314168,0.999966524
train,579,ISIC_0013334.jpg,ISIC_0013334_segmentation.png,a618b474749427db4bcee062764f7654b4aad4f8f5db2a5ebdffa593e26560ee,0.255167643,0.999863123
train,580,ISIC_0010100.jpg,ISIC_0010100_segmentation.png,d4defea05acfc99a245d9974d2c58c5cdbf681290ab32a7c9f9f9d1469284c7f,0.189392090,0.999910247
train,581,ISIC_0013170.jpg,ISIC_0013170_segmentation.png,56765d6dacf0d6ef44f1e2599a015aa41dddcaeb2dc83251176360822d25a573,0.309565226,0.999839219
train,582,ISIC_0015050.jpg,ISIC_0015050_segmentation.png,d14adfc489928a79e54501e3da24743c1cb07e2054e6cf7b092006afdd01a070,0.357823690,0.999942715
train,583,ISIC_0013815.jpg,ISIC_0013815_segmentation.png,9778a3ab9dc8c14998b06b046a079bb197ca0a8a9ad6149a9f502b6430f3adae,0.206390381,0.999774336
train,584,ISIC_0014049.jpg,ISIC_0014049_segmentation.png,453f3d3737c948727501b65b7020b2575322ab3f88394115344422d5acef4ca9,0.116531372,0.999794575
train,585,ISIC_0014419.jpg,ISIC_0014419_segmentation.png,5a744360a7488072e4385908755817c24c5eac17b18ceaeffb42d7b274e1cfcb,0.132039388,0.999896583
train,586,ISIC_0012741.jpg,ISIC_0012741_segmentation.png,dcf8037346e5b12b6be24bf97f6b9d384f238523b24171212bfe807e0e6344a2,0.166692098,0.999751261
train,587,ISIC_0011363.jpg,ISIC_0011363_segmentation.png,980f2b091e6e00f3fcd9f0cb3ba15c53e5c513df4979ee4a6155480a85350923,0.318277995,0.999936416
train,588,ISIC_0010238.jpg,ISIC_0010238_segmentation.png,a8119e98bc6737e746dae591827031b3546bba34e2caa70e136af3a3afa2417b,0.206598918,0.999865088
train,589,ISIC_0010591.jpg,ISIC_0010591_segmentation.png,b1d1ef68717b452dff88be40a76a4acb04ba6ab40218465d7d11de8c38448af7,0.219365438,0.999886029
train,590,ISIC_0014440.jpg,ISIC_0014440_segmentation.png,6a2ecce4f04b2aa6c9c7d9793db971473869087d6e297917aab7ac79b94d0b09,0.126271566,0.999831054
train,591,ISIC_0014897.jpg,ISIC_0014897_segmentation.png,142b924f1bf1d13bd182034c69d66ce6dc2a62a94222a6c7e3321bb80da62859,0.503407796,0.999850694
train,592,ISIC_0000165.jpg,ISIC_0000165_segmentation.png,4917c86c097cf9c19dabb4b16c8d2a5c1bbbc9508b6939d3ed8cf24bf85cfb53,0.231262207,0.999952314
train,593,ISIC_0000319.jpg,ISIC_0000319_segmentation.png,a3c6852a4d332e74015059fbe0c7b1d916b719cb80a2ccec00e10690aecd73a9,0.000000000,1.000000000
train,594,ISIC_0002489.jpg,ISIC_0002489_segmentation.png,127a276d5064a4d1fe45931db84cf27a136ffb6d05d672ce9d6f4e02b8a8fe5b,0.299021403,0.999838126
train,595,ISIC_0008347.jpg,ISIC_0008347_segmentation.png,513b349642529348356dbbc87fd270e4b8a9918bccdd0eee68ec90ea61ede8cb,0.243164062,0.999890074
train,596,ISIC_0000421.jpg,ISIC_0000421_segmentation.png,13afa8636d40c67f54dee711a9c84f577931c91213461819e0171697f9169624,0.140808105,0.999929976
train,597,ISIC_0009942.jpg,ISIC_0009942_segmentation.png,dce9acb16cbc493a100059a1f5bde27a0bcb3f0ecde56c6502045dbf2642d682,0.268473307,0.999782494
train,598,ISIC_0000260.jpg,ISIC_0000260_segmentation.png,22e9104737ff6b832aba00603dc47eadcd37fd8e125f67156a91171dbb0b8ff6,0.151433309,0.999977968
train,599,ISIC_0010232.jpg,ISIC_0010232_segmentation.png,3905d207421ed3072f2d279cfc27c4a058b09bc07c50812c4276421456d1a4ce,0.101893107,0.999813445
train,600,ISIC_0012823.jpg,ISIC_0012823_segmentation.png,0e018690336ab63e6dba0cbf74b72bca799f092839dcfc485246b728b918f23e,0.110422770,0.999828967
train,601,ISIC_0000224.jpg,ISIC_0000224_segmentation.png,0b2ff21591381db25dd371d3289fbc0cb87474d5ea2ac49bf584b98604454c62,0.178268433,0.999975176
train,602,ISIC_0000001.jpg,ISIC_0000001_segmentation.png,5d85229165a9777784a0fe2a7717267f396ecbbf6f97890aa49a125490daeb14,0.046936035,0.999971171
train,603,ISIC_0000505.jpg,ISIC_0000505_segmentation.png,0fad7bbdaa2d8b1fb6e24cce4f23bdb3276b634e2ac71c447fa57120b38897df,0.364003499,0.999819655
train,604,ISIC_0013150.jpg,ISIC_0013150_segmentation.png,6cabe0f46ad53489891706acf2842dfbfbb1e0960417361d3fd17c8956652bb8,0.201299032,0.999797502
train,605,ISIC_0015174.jpg,ISIC_0015174_segmentation.png,21fbef925f71043d1a0b35214a98f07d6e2b1f4e119957224623e322f01ea60b,0.439254761,0.999879750
train,606,ISIC_0015124.jpg,ISIC_0015124_segmentation.png,3a4495c8e2325b654d740a90dbe64f0222e5591356088b740068f7b28c412be7,0.618296305,0.999889696
train,607,ISIC_0014628.jpg,ISIC_0014628_segmentation.png,265a329d92761f994ec3da88c96107da7ca87ac33b6ab38c0413beb8c55e0876,0.135991414,0.999917046
train,608,ISIC_0014173.jpg,ISIC_0014173_segmentation.png,5e52f4f15093f90113694ae95fdf85ab43c9c937ce36eafec38d36441f9c8b19,0.139180501,0.999912000
train,609,ISIC_0011333.jpg,ISIC_0011333_segmentation.png,5fe0cdc3844ba0f26b63b5ce69096a44ef05d64de04c0b059f6cba552e8fd66b,0.131932576,0.999973666
train,610,ISIC_0011397.jpg,ISIC_0011397_segmentation.png,f99c50a9f6edc3c21aee3b40ca3ce5b959a32f4a1d5963a2cd8058a62f36af11,0.208704631,0.999803817
train,611,ISIC_0009958.jpg,ISIC_0009958_segmentation.png,b44f70a27a1c01bdae8403227e089235d3991ffd71a69c71dca57fd87c5a792d,0.162740072,0.999854357
train,612,ISIC_0000038.jpg,ISIC_0000038_segmentation.png,b55ee9cfd3f54ec02f861728a57fde7363bbbb74a7cb7c512ddd965938dfcfcb,0.156244914,0.999972318
train,613,ISIC_0012357.jpg,ISIC_0012357_segmentation.png,a7d7c2c27db7cd86c80dbe85ab4ef40e908cb8ba94af9454d5c7f193dae553a1,0.226776123,0.999805504
train,614,ISIC_0013554.jpg,ISIC_0013554_segmentation.png,31ba099ba8494ee2e47a2d0b3fed993b421fee5f7202784c1943b6ffa253ee74,0.203923543,0.999866257
train,615,ISIC_0014133.jpg,ISIC_0014133_segmentation.png,391b1b4e45706ca07388ce266949205861a751566d4447022f6a8d255f59d2da,0.099950155,0.999955952
train,616,ISIC_0000107.jpg,ISIC_0000107_segmentation.png,6775dbccf2f0d6d9a64e0a83535a5bf8797940da05c2886e071f6c6cf77d1ae2,0.000000000,1.000000000
train,617,ISIC_0014263.jpg,ISIC_0014263_segmentation.png,bdfc526accc25a769ff02dee35d14172660a1a086ad0ed11f2df1fb9c9a6ed07,0.133397420,0.999767562
train,618,ISIC_0012360.jpg,ISIC_0012360_segmentation.png,0c2d4f35c3ce8e5439387c75fb98a9fa792d2aea75c232f0506f8c65648db39a,0.212122599,0.999720348
train,619,ISIC_0012986.jpg,ISIC_0012986_segmentation.png,2eae9b97d53fb195381f6ba9afcf1c47e85ec71b94ffe76ea5c74866a1fb4850,0.205820719,0.999772304
train,620,ISIC_0010443.jpg,ISIC_0010443_segmentation.png,3bb219b57a45dd7b6eaad03e53dce6655737462f2c0b7be0d9240a7841e9439f,0.149546305,0.999933145
train,621,ISIC_0000078.jpg,ISIC_0000078_segmentation.png,ae9f2320ec1c4c0b4c691606d1f71360a356d7adacf1542e7f888b77446c9809,0.098683675,0.999959967
train,622,ISIC_0010327.jpg,ISIC_0010327_segmentation.png,a725055feab015c84a0978bd39c17822cf340aede5bc5cef7538e755abbe608b,0.189778646,0.999958351
train,623,ISIC_0000458.jpg,ISIC_0000458_segmentation.png,a7b0adafa73b7706e8f416403652cb380cbae505ade703f679c432e9917be82f,0.354858398,0.999748659
train,624,ISIC_0012826.jpg,ISIC_0012826_segmentation.png,16543dde42e18a5bce16c8c2eded9272f349e99687aeb312e8175b73a1ea64a2,0.090352376,0.999839907
train,625,ISIC_0000196.jpg,ISIC_0000196_segmentation.png,b0027bc65ade6b7f836e0b8a3c3a4cab2ef945b140c9deff63a21b097f7ff91e,0.179290771,0.999964625
train,626,ISIC_0015109.jpg,ISIC_0015109_segmentation.png,572988a3bd7deae66404d42b811715588436bc5bbea9462146776b88f99235d1,0.415796916,0.999931210
train,627,ISIC_0009910.jpg,ISIC_0009910_segmentation.png,3a6c15656dc2d4e2f0d1adc5d88e0825deab93b24d5b6f9707ea5a34bf89ca35,0.355092367,0.999876923
train,628,ISIC_0011165.jpg,ISIC_0011165_segmentation.png,87331ce437c07aaa25fe2de0d7449df331107a16533aaeb532226ae260f2dc73,0.136642456,0.999956465
train,629,ISIC_0012884.jpg,ISIC_0012884_segmentation.png,c4ca2b2a278a6792e211eb6a992dd5235cf64243f44c3687ca37baec321350cd,0.144470215,0.999706495
train,630,ISIC_0015170.jpg,ISIC_0015170_segmentation.png,2e5cc53439af8eb61292d02b0ba80a090be3cce2cb81c754e4af050261af8085,0.463775635,0.999925507
train,631,ISIC_0013921.jpg,ISIC_0013921_segmentation.png,f6d3a25b318468a999218fca5cf3fb3b7cf53da897df496c83c20a49c258421f,0.097234090,0.999799086
train,632,ISIC_0014395.jpg,ISIC_0014395_segmentation.png,e8c0310f01893ff20964e00958f85bf63a07ca09ce8e8424c7b06c01caa1527a,0.107579549,0.999919334
train,633,ISIC_0000295.jpg,ISIC_0000295_segmentation.png,d41e75e8f3f909190cb56156cd0adff915eb4ba44c7b2d1c8439743e6deb5fd2,0.000000000,1.000000000
train,634,ISIC_0015130.jpg,ISIC_0015130_segmentation.png,621369cc4e51b9d81aff87137e5e15fd7c8ba572b07365584ff98e0974a04fd6,0.834513346,0.999856407
train,635,ISIC_0013277.jpg,ISIC_0013277_segmentation.png,1734e4370ac88f91c20b0d3d956c4db9f2941cb8c9bf32d16e7b78a755d82541,0.199132284,0.999882718
train,636,ISIC_0015129.jpg,ISIC_0015129_segmentation.png,6de5953a8b93abfdfc83e6199181ddf4175ac677dd063d3283cd12dea459b64d,0.564158122,0.999885403
train,637,ISIC_0000256.jpg,ISIC_0000256_segmentation.png,8803b95527abffe4317a6e18e18c91782395c15e1662db21f84369ec5672db98,0.117655436,0.999941216
train,638,ISIC_0003582.jpg,ISIC_0003582_segmentation.png,cfc248875b219d33d3ae6c23a97f4d55197d6519a95497bb47de14f065e69692,0.309443156,0.999885473
train,639,ISIC_0012256.jpg,ISIC_0012256_segmentation.png,76effa7f86f5776aee6975c0c40c8f864a402d082c538c0474bb697a505ea343,0.191823324,0.999886001
train,640,ISIC_0013561.jpg,ISIC_0013561_segmentation.png,56f89566a459b617d87ba934087e4d5ab5c796bce0aacc989637d7aebb3a80f3,0.318038940,0.999776704
train,641,ISIC_0007087.jpg,ISIC_0007087_segmentation.png,23b357b473cec1c5b5d7c0131db6f96e75bbd6aee0b888f82426cc3db21cce7e,0.280548096,0.999884410
train,642,ISIC_0000528.jpg,ISIC_0000528_segmentation.png,2373cbb726f6bf43c178a6c9ed8e49510d7f4269ed8a161cd8ed1c78444bcb4e,0.347066243,0.999761336
train,643,ISIC_0015056.jpg,ISIC_0015056_segmentation.png,997e9c6419d78fa76c926ae8bc888d27a2631c1298d75773e482a059c039522a,0.370564779,0.999923487
train,644,ISIC_0000116.jpg,ISIC_0000116_segmentation.png,69a175bcc304364f11d16b3fa160318b567bc4068f2556c449392db046e7c5c8,0.174799601,0.999944539
train,645,ISIC_0000207.jpg,ISIC_0000207_segmentation.png,24c1ae08536618b814c4021b41636ed3d244eb26ad1a5290f13dfe1c82ca403b,0.270762126,0.999953463
train,646,ISIC_0000012.jpg,ISIC_0000012_segmentation.png,727e56ac43fe06e9e7f9599868378dd1fe43bbed0ab4d3c0b3f2ddd1a94378fe,0.195973714,0.999792454
train,647,ISIC_0014187.jpg,ISIC_0014187_segmentation.png,bde5f8c71fb9f2291429b242926948fad2e5342a853af3a9f555bae45577e3d3,0.136383057,0.999828070
train,648,ISIC_0009978.jpg,ISIC_0009978_segmentation.png,6cbebfddb4e0da86e80065ecf768e71496a6cf34fd32b60c2e0d33e54b285272,0.326166789,0.999550998
train,649,ISIC_0000175.jpg,ISIC_0000175_segmentation.png,09974f082599a9c57bed2671b1a7d0c99cc9d6d7fd69886c3ffaae5ce6e8ab5e,0.159840902,0.999962008
train,650,ISIC_0013044.jpg,ISIC_0013044_segmentation.png,4f58c79021db938535d32144ac9e57fc318967d7169ef7b613966fc02d384e4a,0.141606649,0.999814244
train,651,ISIC_0013680.jpg,ISIC_0013680_segmentation.png,73f0ea765fce84f6923789dc08121e67b7f7662885f8f272c2fc032c21c67efc,0.164555868,0.999819049
train,652,ISIC_0005620.jpg,ISIC_0005620_segmentation.png,479772e2485c1a3b69ac904e69c641e1198065db05845e556730170f57a10ef9,0.289250692,0.999894021
train,653,ISIC_0010326.jpg,ISIC_0010326_segmentation.png,578bace1cdaba2e51081418b53555d6de62a9b66bdfc6e8bb6f859e96dc71496,0.139160156,0.999810180
train,654,ISIC_0015436.jpg,ISIC_0015436_segmentation.png,49f41f42a8f160874080924661402c9bf271e0318ba71789e12d184359aff739,0.730845133,0.999752912
train,655,ISIC_0013176.jpg,ISIC_0013176_segmentation.png,9ace2cad14aae0e0b44af0f67d13bdcf6f0b2793ab3d1c1a98f17b9db82470a1,0.180419922,0.999730310
train,656,ISIC_0010005.jpg,ISIC_0010005_segmentation.png,bfa4e219bf54cb6479eacef9dab271e583e19fd17ff70194b3bee13994f3eda0,0.181635539,0.999942897
train,657,ISIC_0012358.jpg,ISIC_0012358_segmentation.png,12969eff2cc851fa1deebc4aa2c6a006a7e8b4226168dbd9ff15ceff58d50edc,0.088734945,0.999876169
train,658,ISIC_0013573.jpg,ISIC_0013573_segmentation.png,dfbecd7008c6f683dd78bdf8c3aee0b76473e19e97b8f23040ef99766292c4b6,0.225001017,0.999895094
train,659,ISIC_0013369.jpg,ISIC_0013369_segmentation.png,87272dea380ca7d469ab03a11c5a6ddb625b586af3c89294ecd599244cc53909,0.238840739,0.999753758
train,660,ISIC_0014535.jpg,ISIC_0014535_segmentation.png,aa0ea1f79e4273034dcd7c252ecbfd61ecf72f77864ba134976906d1819c1c94,0.151794434,0.999740302
train,661,ISIC_0001190.jpg,ISIC_0001190_segmentation.png,c8a1ba96aa04d3a4b8a3f623ae9b11c89029b6fd87e4ad0ddf936bb7f17eeb4a,0.207275391,0.999746878
train,662,ISIC_0012770.jpg,ISIC_0012770_segmentation.png,2944c14f388c937ef89a9eedbe84e5325b42b213393c6c7f87210a7c9bc5054d,0.145624797,0.999849875
train,663,ISIC_0013314.jpg,ISIC_0013314_segmentation.png,12aa03fe29d0a73d5f1feaae00eae9358710e513a8a61f4d6f691bdaefdbc16c,0.242268880,0.999228454
train,664,ISIC_0010054.jpg,ISIC_0010054_segmentation.png,05f21c9d4aa1d13adf32663f02dc98296644a142416eaa76f02f9bd921080312,0.173980713,0.999655890
train,665,ISIC_0012108.jpg,ISIC_0012108_segmentation.png,291ae21e3e9f8a5edf786061935e1b4144b39dc0769c45521a10804361c309df,0.246231079,0.999856474
train,666,ISIC_0014697.jpg,ISIC_0014697_segmentation.png,a0921f69ed28dcbdbee637e011429ccc773c3d06fb2490a6565356723606329d,0.506886800,0.999816012
train,667,ISIC_0010457.jpg,ISIC_0010457_segmentation.png,bd007078cdc03951fe6ff49317296f7dd09b96f01ee050e445cb4a329988dfa9,0.213450114,0.999803159
train,668,ISIC_0013472.jpg,ISIC_0013472_segmentation.png,403b82b7dd0878d0e1d443f9732d2c7dc719db1d585d4d2516a19eb456c14b12,0.205515544,0.999773436
train,669,ISIC_0015330.jpg,ISIC_0015330_segmentation.png,60d1ab6599d5c83241b40dbd72778c25bc939700d9a8f5a8701063050836f230,0.703135173,0.999574724
train,670,ISIC_0015355.jpg,ISIC_0015355_segmentation.png,b7141633acb44a987dbc3aa99197cf50ef46b5fe39140a85cb343fa02e89b6c6,0.633127848,0.999786854
train,671,ISIC_0016026.jpg,ISIC_0016026_segmentation.png,6d5f7ba79fa284b6ce60e24c00a832f17a96966178b206e707e3db8f1d6793f7,0.189951579,0.999820112
train,672,ISIC_0012248.jpg,ISIC_0012248_segmentation.png,cf2fded26782f26aa28bbc7c874d7890e328ca024a26d3fc193c37ad2ca375e0,0.194178263,0.999892813
train,673,ISIC_0001299.jpg,ISIC_0001299_segmentation.png,36fe9e1aad8ece1b3140d68e7c2b2782fd9a66a8ddfe162755a60b1c3f00128f,0.235524495,0.999877081
train,674,ISIC_0013458.jpg,ISIC_0013458_segmentation.png,e9d22ecb51b422b7993fb51e159da60a19625619bc880acb57e9b8c4750796ba,0.206990560,0.999756598
train,675,ISIC_0013879.jpg,ISIC_0013879_segmentation.png,21e1b1a417a8411006734370ccc22508bb11a73648dfc3c88e61761c1b49ff77,0.170654297,0.999834804
train,676,ISIC_0012107.jpg,ISIC_0012107_segmentation.png,b26eca08d3cafbf800ef0e2746b57978901519e45a60c4dabb593c99f93a3d0a,0.204076131,0.999912051
train,677,ISIC_0000385.jpg,ISIC_0000385_segmentation.png,0cd10d97faf33f07ab7d0de72db6defeca9e553bf5bb7074f9b1bb73b3585cf8,0.114507039,0.999948735
train,678,ISIC_0015019.jpg,ISIC_0015019_segmentation.png,07df544ac010ea89ea96c464251be522c3fe00e83c025c9576e532e803ce6cf7,0.406758626,0.999830954
train,679,ISIC_0001213.jpg,ISIC_0001213_segmentation.png,9a692deba7761d963e1d727e97dcba975573e839a989f71841a2059711387c67,0.221003215,0.999908424
train,680,ISIC_0013427.jpg,ISIC_0013427_segmentation.png,56fd01a5391ec62c16f11f1051976be2435753bf2b50a7da4d41f61ca3837b5f,0.450734456,0.999739312
train,681,ISIC_0013816.jpg,ISIC_0013816_segmentation.png,c4bed394ef1c5a54ce09f26255eda4eb2c7cedc08fdbd88fe8619803ab2d4e65,0.270991007,0.999605496
train,682,ISIC_0006350.jpg,ISIC_0006350_segmentation.png,757b2f8235ac6811b735d3806935f7bbc322d8598e4777da6bef9c964996d49d,0.241861979,0.999895212
train,683,ISIC_0010589.jpg,ISIC_0010589_segmentation.png,656f0cbe7e358c9171023564e833d6bb57ea9ba4c618e865972ef706c3795e25,0.191090902,0.999898435
train,684,ISIC_0014968.jpg,ISIC_0014968_segmentation.png,dc6592d79cf3708d553d8ef48c3284ea68b5ccf857f04c3a3cb85bf07d82512c,0.634435018,0.999856248
train,685,ISIC_0011296.jpg,ISIC_0011296_segmentation.png,009aa76c2f9725c7d4d9291790f757d5dd028111254a7046a34aac83870ada5c,0.144602458,0.999762256
train,686,ISIC_0002287.jpg,ISIC_0002287_segmentation.png,c3a1bd7700c4a09579f62ac7a6eee3096ee14e26500c9ad7452300813d10dce5,0.264165243,0.999855735
train,687,ISIC_0014782.jpg,ISIC_0014782_segmentation.png,f190900a316e21a8e8acb14d66234088c7a3ac195e88ab17aaa3ee1d4843bba3,0.534647624,0.999841280
train,688,ISIC_0014748.jpg,ISIC_0014748_segmentation.png,4e869c653863d0bb28b4b6bf545e06f48649beb91beb9e58bba9b937fb248aed,0.597549438,0.999930672
train,689,ISIC_0000413.jpg,ISIC_0000413_segmentation.png,ca5e1c1ae39737344e8b775aac4a40a5f2f598af6b508c46e4c3bba87287d4d4,0.100952148,0.999940637
train,690,ISIC_0013897.jpg,ISIC_0013897_segmentation.png,90c1c7310f73c43008ae6080b53098e1edda89aabf8309b35efe10ef5a836348,0.220270793,0.999794804
train,691,ISIC_0015544.jpg,ISIC_0015544_segmentation.png,96414fb011a75280232db41cce4ff7e9d3bbe94db6302edec605a870cc183e38,0.313283285,0.999972478
train,692,ISIC_0012494.jpg,ISIC_0012494_segmentation.png,523533498a8ed0d631c4c5746a2868d681dfa35e6a94a5d4071e9af46d13abdb,0.145502726,0.999857839
train,693,ISIC_0014994.jpg,ISIC_0014994_segmentation.png,75bd0817498871ad60a08e16f4cff5124ed10f54da3c77b7d9e745aa5fa34586,0.489018758,0.999890975
train,694,ISIC_0001769.jpg,ISIC_0001769_segmentation.png,76fd70b9abd06625e038ae4e45baec46c8603bcca58d2822553a597d0d64c055,0.278472900,0.999863901
train,695,ISIC_0005247.jpg,ISIC_0005247_segmentation.png,4c02f5b725cd5cb84a58a092a2f68bbd5c251e2637c6549f107ae9e1c86ad36a,0.241811117,0.999881225
train,696,ISIC_0010189.jpg,ISIC_0010189_segmentation.png,451b3b9659d633aa7df7b3e80ec6711178e26e2377d295a8e1d4970eeb49a290,0.244659424,0.999886665
train,697,ISIC_0012708.jpg,ISIC_0012708_segmentation.png,5a36a65563daaa48c522d77f53b60589ea0ef1b2527987941753ec140a072e1e,0.085027059,0.999949056
train,698,ISIC_0011301.jpg,ISIC_0011301_segmentation.png,ae8a8bc2793b22a39700934f4a1261bf6eeb49dba990e97f15f394483901e06b,0.165898641,0.999929740
train,699,ISIC_0010265.jpg,ISIC_0010265_segmentation.png,a46b280428b45b521fa93f779f72b6f4c368c353bdaf5a250d010cf6b9103365,0.187204997,0.999895939
train,700,ISIC_0000127.jpg,ISIC_0000127_segmentation.png,898fee3d3c65da382c36019affda197c90b8ff097bc2ab185e0a3790fda5e11b,0.169281006,0.999883998
train,701,ISIC_0013618.jpg,ISIC_0013618_segmentation.png,7c9875869cc4d062f518fbac203d9b1767f035006c8aaf6598e4a8963912beeb,0.224497477,0.999780767
train,702,ISIC_0014166.jpg,ISIC_0014166_segmentation.png,e521697322052680699f6d8fd9515cff5faf63a9de1a83e8e096b16a073491c8,0.136118571,0.999328434
train,703,ISIC_0011163.jpg,ISIC_0011163_segmentation.png,805f810dbfd3069c11adeadb80e57c6c28c2fb06c1ed3ce6ef7e5d317d4006ff,0.145833333,0.999935904
train,704,ISIC_0001423.jpg,ISIC_0001423_segmentation.png,06a573766aaeb7135cf8ee42fe7a00137eaaf39f619df3ef4fa598e3d37769ff,0.289922078,0.999873883
train,705,ISIC_0000030.jpg,ISIC_0000030_segmentation.png,9078a3f5d44244294196ec898c49d9bccbb471bbeb6850b8b16145ae93d7d707,0.144414266,0.999974738
train,706,ISIC_0000500.jpg,ISIC_0000500_segmentation.png,50d3701673564379bb7c6e2f847e14193c62beec8f9c9641343562e506ce48cc,0.247563680,0.999835985
train,707,ISIC_0013813.jpg,ISIC_0013813_segmentation.png,a4c3ab82075ca4e32f22df92a97036c0b7e306f5b1f0194c711a805c2e92b05b,0.187006632,0.999860753
train,708,ISIC_0015948.jpg,ISIC_0015948_segmentation.png,7618d354cefb2146cf2e92f26a3642fee7d6c22d7d4d2e5cb4b9a7da71ec850a,0.129282633,0.999708434
train,709,ISIC_0000550.jpg,ISIC_0000550_segmentation.png,613214f6d38ae00097665f2011967bdc1612c4bd46146a3f81d6e92bb6f3a7a4,0.189717611,0.999957254
train,710,ISIC_0013970.jpg,ISIC_0013970_segmentation.png,bad316ffd004d003581b46fd585c569556a52002ae0ceeda9c416df8f9440354,0.240234375,0.999467044
train,711,ISIC_0015607.jpg,ISIC_0015607_segmentation.png,4e823c84b954789300ffd759d422110a05178a43a50e5dbd1ce7cefd8fbf0be6,0.451868693,0.999891858
train,712,ISIC_0000555.jpg,ISIC_0000555_segmentation.png,164e3dd749e5343c6ef53f553ab4aea714657d34d14547471f55fe4b98525036,0.143697103,0.999848749
train,713,ISIC_0000064.jpg,ISIC_0000064_segmentation.png,7ca975138c63a4d19ed8e2723929bb0395228e60baf578ccf5949c4870f85b5d,0.096567790,0.999982406
train,714,ISIC_0000204.jpg,ISIC_0000204_segmentation.png,43d1f917575057b066799910bb9945a6124461ee6d53b8ea31ce164910fc26f2,0.280420939,0.999969464
train,715,ISIC_0013160.jpg,ISIC_0013160_segmentation.png,e4d7918cb0ef23f8c8e10641a64d166a72f0c48a00162c61e62192fb8933a511,0.222269694,0.999813704
train,716,ISIC_0013321.jpg,ISIC_0013321_segmentation.png,bbd9de30014bb65fd4e026379931970f8c7253348ce2f722e66c13c2480e7e67,0.180140177,0.999926250
train,717,ISIC_0013492.jpg,ISIC_0013492_segmentation.png,1da1945da56d428fb914eb05b9c3c56dd8ba5074593ec2b487964aaf4f40a6cd,0.165791829,0.999823916
train,718,ISIC_0012090.jpg,ISIC_0012090_segmentation.png,9d860acd7e9ba72ea97ec78fc360637b4c37260016135e3b214e50a6dbf8f96f,0.173385620,0.999616619
train,719,ISIC_0000097.jpg,ISIC_0000097_segmentation.png,e1d094ae3f8c983367b18e628653b070f27536a0f180a9f10ac57b681d29f1a6,0.219594320,0.999960763
train,720,ISIC_0010854.jpg,ISIC_0010854_segmentation.png,323702d6781ea07533378f8b526d8e3178cf63c8884ca7c7dea529d43bfd8c3b,0.144724528,0.999855594
train,721,ISIC_0010856.jpg,ISIC_0010856_segmentation.png,a43773180c4f895a386d8a8b547335b90989413eef39b89c93dfe9c6d16f1bdf,0.076049805,0.999919447
train,722,ISIC_0012316.jpg,ISIC_0012316_segmentation.png,a1acbf87a15e43407c17b40ac682c545c58a085e1ae76072087435ec98806c7d,0.125656128,0.999740587
train,723,ISIC_0010864.jpg,ISIC_0010864_segmentation.png,411451d1e8baf5e455fe0e9da675495bea4404199c45b0440ffceba5ba5679c4,0.321029663,0.999896775
train,724,ISIC_0012216.jpg,ISIC_0012216_segmentation.png,89b721f372007318180f78bca899793dcd1e9bcdb9a1b6080cf33a0b5cb8793d,0.188842773,0.999850623
train,725,ISIC_0014601.jpg,ISIC_0014601_segmentation.png,fb5bbc173182725cbf97eb9e5e5e83603c2a64bd25d2aa6b2dcc69ccab5a5633,0.195948283,0.999934571
train,726,ISIC_0015966.jpg,ISIC_0015966_segmentation.png,5d64c8e3ee5699d59aaafc1209d5a550d2547b08fab80d344530b7eb0ba8852a,0.196141561,0.999626008
train,727,ISIC_0013809.jpg,ISIC_0013809_segmentation.png,d6b1232695818acc8c78766925142605afb19196951cb882f5e611940ba2f8bb,0.242141724,0.999533169
train,728,ISIC_0012969.jpg,ISIC_0012969_segmentation.png,d88c13e00e3d01732b138311b70443b6fef8879edd7154946170b3dd86027608,0.248616536,0.999880973
train,729,ISIC_0000461.jpg,ISIC_0000461_segmentation.png,16189c0aecd2e03e956add2dc5561ab6c302b9f81863f1c64c20839ede001497,0.244812012,0.999837230
train,730,ISIC_0014677.jpg,ISIC_0014677_segmentation.png,65964466f9aca8b34263d18bb0b5fb9021e5db9f515b70aed8a8311bdbe55f2b,0.366958618,0.999928308
train,731,ISIC_0007344.jpg,ISIC_0007344_segmentation.png,f40931d4d9ad9839c1d9ee9d115e165f2313c5fb0ec9ef02ade5eca39c919eb4,0.273625692,0.999853155
train,732,ISIC_0014688.jpg,ISIC_0014688_segmentation.png,f0296f3297a9d54e96515313b7a2e75b32656ddd71a0b79c660695c301f69d63,0.401987712,0.999893481
train,733,ISIC_0012230.jpg,ISIC_0012230_segmentation.png,ca9d0829b76da1a739830f4a44ac6739b2326694104ced46d9e39f6b8a070ba2,0.214360555,0.999671360
train,734,ISIC_0011345.jpg,ISIC_0011345_segmentation.png,7cf26de737bf9eefe0bedee8d17163e808626be3736f0ce3dcf8b32e942c25ca,0.067876180,0.999950560
train,735,ISIC_0015176.jpg,ISIC_0015176_segmentation.png,2cc59b1e50df9b6a083e7c177377f0d6430ebad9063d07cc3aff05832eac5ecb,0.496002197,0.999913677
train,736,ISIC_0014385.jpg,ISIC_0014385_segmentation.png,07499242d5688c8888e5ebec464cfbce0f6bd4ab5029f3606ec973ed54402fde,0.126968384,0.999889928
train,737,ISIC_0000391.jpg,ISIC_0000391_segmentation.png,de965cd6c122feb5cf484b050e904f9dab38a6a9f70e2503ded40236ebc5c249,0.119135539,0.999869346
train,738,ISIC_0010567.jpg,ISIC_0010567_segmentation.png,e0e5e1ea5dc4317e0cd60ded82f128c486376881ff96554b1444175a93d09670,0.068384806,0.999940795
train,739,ISIC_0013364.jpg,ISIC_0013364_segmentation.png,7917b39e0b26ff86a5adb9f79481162b08c1c8da65eee70455055466db446a9c,0.202275594,0.999773123
train,740,ISIC_0013987.jpg,ISIC_0013987_segmentation.png,f313a3f3104e7e250969931520523d186dd2f9503d69cbb3328902f6cd88cca6,0.190714518,0.999817397
train,741,ISIC_0013070.jpg,ISIC_0013070_segmentation.png,a7380999911d68ffc6db4cea6597b890dbea1bcefb6f6b5214c2b7cbf52683b7,0.081512451,0.999925075
train,742,ISIC_0001247.jpg,ISIC_0001247_segmentation.png,db04ce727b7585a3c1c2208c0a88c41b7a4b5087868e384dae8f53d2d94b775b,0.299840291,0.999818115
train,743,ISIC_0000034.jpg,ISIC_0000034_segmentation.png,6e12b0bd1a33b6cfbc07549402d78368a23c8af5a6d7bc9443fa2fbfbfce8968,0.246983846,0.999927970
train,744,ISIC_0010175.jpg,ISIC_0010175_segmentation.png,0b05d52e073d8e29749ece71b515c63d5c9aefee41bbb417fe0e3e41ff48add1,0.238301595,0.999951602
train,745,ISIC_0012434.jpg,ISIC_0012434_segmentation.png,82ca7cf031be5116e6272d7c9996654bc8cf9f1ea59999e37dbadd014fc3b1c4,0.200846354,0.999821720
train,746,ISIC_0012204.jpg,ISIC_0012204_segmentation.png,54c5f718dab06534ecfbbeb6e87ceeaef491fbae03794c88fd959f70c86d8b4c,0.247848511,0.999859639
train,747,ISIC_0014150.jpg,ISIC_0014150_segmentation.png,5428f505bdc130146f293e152344fda93824c2c64f5256eb5791e960d77137cc,0.109293620,0.999909677
train,748,ISIC_0010596.jpg,ISIC_0010596_segmentation.png,12def7562749c7f4416646677038220f214b06b1decf96ae81629e60e17fe616,0.241617839,0.999899719
train,749,ISIC_0016048.jpg,ISIC_0016048_segmentation.png,c9a36f332f456856fd76f2ae55f73672f215e9786888a3a24ac39293a34754cb,0.253163656,0.998492135
train,750,ISIC_0010572.jpg,ISIC_0010572_segmentation.png,2f33e3b1cb5ff2751a6781cfb4f93308a35ade5ce9e093172c5473030c28caaa,0.273915609,0.999894274
train,751,ISIC_0000045.jpg,ISIC_0000045_segmentation.png,b277bf4a5858905169cfe3c700b714f3279cf57558dfb19c6cc8e1b180d85fbb,0.114771525,0.999987896
train,752,ISIC_0012445.jpg,ISIC_0012445_segmentation.png,c1320dc983fde2933f9ff9c2c5d372dcbd8bf679a463d5ff55c4fdb4074d5a16,0.232579549,0.999845038
train,753,ISIC_0014652.jpg,ISIC_0014652_segmentation.png,293c1922d2bc77135ba49e20b954c64dd9283e9803b27b7acee07c464266a135,0.161880493,0.999951359
train,754,ISIC_0013356.jpg,ISIC_0013356_segmentation.png,a5ffa55f4e8e2de1a6f3f031e4c2a0df5883fa88842a8fa4c526d41e1284ff9d,0.226119995,0.999345647
train,755,ISIC_0012298.jpg,ISIC_0012298_segmentation.png,2db942d8513be1f77869b7542df2fdaa79fedb758dda35fb781073f80c4d5677,0.134633382,0.999893709
train,756,ISIC_0012464.jpg,ISIC_0012464_segmentation.png,0419c01d5fbc243aaa204c7b9a2b023facc579c2ffb25f5d2ea0e8aea57bb9dd,0.180903117,0.999938747
train,757,ISIC_0000443.jpg,ISIC_0000443_segmentation.png,d41d4c6d9d13629dc7c140723fa9affea67fea8186449cceafcc76fa1fe92719,0.118626912,0.999901776
train,758,ISIC_0015985.jpg,ISIC_0015985_segmentation.png,967464f5778fa0c1e1ee1a17c8c9b267a7e01ac0226d17abd61fb33c423b7fee,0.168680827,0.999736219
train,759,ISIC_0000041.jpg,ISIC_0000041_segmentation.png,feb0a7e2b20ed22c4d866f09f3cbb48b7b3e041abfc06ddd21f209976268593f,0.130071004,0.999936611
train,760,ISIC_0009599.jpg,ISIC_0009599_segmentation.png,58ca99341376b33a7f6db6d780dbf64b6ccfa3b4b79ddc1be7fd68a1d319de22,0.181950887,0.999897476
train,761,ISIC_0011139.jpg,ISIC_0011139_segmentation.png,1054a7715d61064283a4f2a14df7227da3be5b7c2cdda6489647799dabdc07d2,0.216237386,0.999877630
train,762,ISIC_0010185.jpg,ISIC_0010185_segmentation.png,2c862f83790faad3176b5169e4954a917dae40b6d41719e5dd86b6241dc5a6aa,0.120457967,0.999720201
train,763,ISIC_0001140.jpg,ISIC_0001140_segmentation.png,ef8ac2fc059e0cb7a800b8b0a2d6ea337a413cf2e1cd58cebd064fb8fc3ecc9d,0.089024862,0.999989923
train,764,ISIC_0012374.jpg,ISIC_0012374_segmentation.png,459f80d0b24c2cef671ef64ed837f1db7aef6f8f54fcc8deaab64931b8478334,0.173731486,0.999431830
train,765,ISIC_0014577.jpg,ISIC_0014577_segmentation.png,2348118ac30d1e7bd3df6b609c041d93ae69eebe760857a6edbbfcd1a29be931,0.099405924,0.999946050
train,766,ISIC_0013178.jpg,ISIC_0013178_segmentation.png,23814a0749a8b0408fc69453989eaf2da6d4783dbd083f8b1cd1e557042239cb,0.211263021,0.999748166
train,767,ISIC_0015625.jpg,ISIC_0015625_segmentation.png,604457e2f19d42a0aba5fd642503b6ec65055214209c7d637b9b811519ce9021,0.563542684,0.999862671
train,768,ISIC_0016015.jpg,ISIC_0016015_segmentation.png,0a0510532d6e55ffa9f35cb9647618671d9559479d26f80369c6a361277a1912,0.496271769,0.999203965
train,769,ISIC_0011166.jpg,ISIC_0011166_segmentation.png,ddd436c93d2309d579d3eb25ca7ae937350520cff682145e3bd43e25954a8fbe,0.298467000,0.999744869
train,770,ISIC_0012904.jpg,ISIC_0012904_segmentation.png,e17cd10dd7efe9a8f5f6811ee2dccc11ca1e5886dadd9cd2acda36596fa8f68b,0.114171346,0.999904913
train,771,ISIC_0010190.jpg,ISIC_0010190_segmentation.png,f4dfb8f29befa0594285d46a003a3c5a050a29a0a0961d37d59f17c515f60c27,0.320531209,0.999901576
train,772,ISIC_0012806.jpg,ISIC_0012806_segmentation.png,0f33d6319db746c7ec62797bccbce6134698ca2214ead54b0c59c9b683ffd054,0.112218221,0.999770342
train,773,ISIC_0010329.jpg,ISIC_0010329_segmentation.png,e40797c3f88a0fc28a9f93c63aa179e034821b8a3453d40987b1b7f499812152,0.271677653,0.999940192
train,774,ISIC_0013169.jpg,ISIC_0013169_segmentation.png,5f99173d33f4392620f66e15a4329372ac75413fc5d5aa7e6f765ea1ba42ea8a,0.254460653,0.999926657
train,775,ISIC_0015015.jpg,ISIC_0015015_segmentation.png,a2f9e9b28ded444ad76cdc4ba9f4bf2f710250ad5cb86fc8a49d4affd99a9690,0.362686157,0.999924289
train,776,ISIC_0014720.jpg,ISIC_0014720_segmentation.png,08403710c03b9f52d058a099a204dad155411677d8dce7dbbce2b2b6290efaaa,0.438405355,0.999921806
train,777,ISIC_0012669.jpg,ISIC_0012669_segmentation.png,dc194f9267e595cfda011fac28d3444e165e1697995c4a9d60eeaf80949e1ae7,0.074249268,0.999819587
train,778,ISIC_0012173.jpg,ISIC_0012173_segmentation.png,e6636beab4d49a64d10366beba09d57932e09cb4d12e77806490d86febd37918,0.198435465,0.999738859
train,779,ISIC_0010860.jpg,ISIC_0010860_segmentation.png,516bfae6442fac381b3a720f5e04c7b54393521d5c1f7c6c78a2ae04ddd11383,0.189753215,0.999937701
train,780,ISIC_0013500.jpg,ISIC_0013500_segmentation.png,098207a5deeb9ae90a5f85fe9dc1897b58a539c9c266e23941c19e3f71903163,0.461471558,0.999715268
train,781,ISIC_0007156.jpg,ISIC_0007156_segmentation.png,d14e598e76a28c5e0e4078d08075061528d9a68a8bc160ed88baaaa39e4a41a7,0.197087606,0.999946297
train,782,ISIC_0012844.jpg,ISIC_0012844_segmentation.png,efe6e1c6ee1a5ad5c2cc1acda9450e7482f578e8e3bd8bebd1096b3b1fb317d1,0.195078532,0.999877203
train,783,ISIC_0013432.jpg,ISIC_0013432_segmentation.png,c7d9e7cbadf6ecf8a991abac5dc9be4206ce1c09a80312ebe212511dc856990f,0.499003092,0.999388630
train,784,ISIC_0001185.jpg,ISIC_0001185_segmentation.png,fc2dc437dc3cdc0f5eb9574df0797171e73864c0b82439f46fa1e21a3ef02482,0.216044108,0.999918321
train,785,ISIC_0010465.jpg,ISIC_0010465_segmentation.png,96c26ac43bec54e0ec1a149624b701c9aca44e87ad5e4cf4584f5f16fe052fde,0.115946452,0.999951281
train,786,ISIC_0000060.jpg,ISIC_0000060_segmentation.png,6ff4ccdaf85a5a630b88d40f41d3ae5352a8780af23b63d955ac684a7ec7b2c4,0.119700114,0.999965030
train,787,ISIC_0000184.jpg,ISIC_0000184_segmentation.png,6318bf0704fc23a02c4147b7028d09bf7eda2e02c3eb7d3aa729956006017738,0.253504435,0.999954355
train,788,ISIC_0015018.jpg,ISIC_0015018_segmentation.png,c31f67751209a8767a3c4a17907a4954d2b7003e61d4ab850228a3b001a7c4e7,0.395899455,0.999934265
train,789,ISIC_0015963.jpg,ISIC_0015963_segmentation.png,452f256e8e58f722313e8f7c8ffc4b2f58e2ecc413ee16264d2a3d27d8423bcb,0.123194377,0.999834659
train,790,ISIC_0010367.jpg,ISIC_0010367_segmentation.png,26220c3684c789ae87fd174c99e78b3de4e8cdb4a5e0a8c119cd6856562704b1,0.253957113,0.999745110
train,791,ISIC_0015270.jpg,ISIC_0015270_segmentation.png,d293bfb5e36142c755a2d719c000fa527cc5bf737dc973140694559052e24c46,0.561233521,0.999874946
train,792,ISIC_0010036.jpg,ISIC_0010036_segmentation.png,a409b2a53ef3c3afdda354f823aa2af058fe6fab844799523115c0004ba1dfb1,0.202219645,0.999854471
train,793,ISIC_0010212.jpg,ISIC_0010212_segmentation.png,35154833afa0ed26ee5140970a0c96d498241cbd8672c0d13c440189c2e77462,0.259918213,0.999928239
train,794,ISIC_0014233.jpg,ISIC_0014233_segmentation.png,6ec08a8abc945a6a9cf6181ce32656b36e546808df47bc83f39d9aea50d84193,0.117085775,0.999879345
train,795,ISIC_0013172.jpg,ISIC_0013172_segmentation.png,eb0ee1cfde14acae590037def3688e3d9ae66340856953e09f56692d9da8d384,0.241053263,0.999801215
train,796,ISIC_0014093.jpg,ISIC_0014093_segmentation.png,ba836f8d43f41dc30eebef19a6295c14b53f3d719b3f6fbb2b880a85c11ee812,0.086725871,0.999924792
train,797,ISIC_0000244.jpg,ISIC_0000244_segmentation.png,1959433ffbc5a8ac86aeb9e98130a7d60f7888c5aa12e06cab8c11feeb26c01c,0.129104614,0.999951585
train,798,ISIC_0014969.jpg,ISIC_0014969_segmentation.png,f7b8fa36754974fecd87be531f173ae5ecd0d03571798bf12a3ca408238b2b70,0.627517700,0.999888337
train,799,ISIC_0000200.jpg,ISIC_0000200_segmentation.png,996022b5260bd09612883c1c68ba86605b7983e6b427bc8c6864685ad590fc9b,0.201838175,0.999972703
train,800,ISIC_0011162.jpg,ISIC_0011162_segmentation.png,072462c18c175a46190269da8b114bdbb04ca4a980bf34c86ba92430d9432f41,0.149439494,0.999637752
train,801,ISIC_0000154.jpg,ISIC_0000154_segmentation.png,af61149ec1c4bb6126b653e057567eb303e848f50e8cd396e9963f2af3e58e12,0.196919759,0.999936018
train,802,ISIC_0000546.jpg,ISIC_0000546_segmentation.png,134aa3957a68c62bb8249e5afc13e042801f0d86e6489e08b5cf2d6fdd97bbe2,0.078531901,0.999967537
train,803,ISIC_0010483.jpg,ISIC_0010483_segmentation.png,f62c998665eabecddaf11695e66d1d3eb9fbdbb3a1d35455e740f08ec8f62fb3,0.193130493,0.999831936
train,804,ISIC_0014921.jpg,ISIC_0014921_segmentation.png,13098fae22fb097ef798562c8f28c94a9b583461a63a7c69653300d8da5c0ddd,0.729248047,0.999833739
train,805,ISIC_0010066.jpg,ISIC_0010066_segmentation.png,96ce64258fe6bd09f3ddb5d893ea36e8e7bd8ca1404fb0d03e8c3049902b64a9,0.137390137,0.999943953
train,806,ISIC_0009964.jpg,ISIC_0009964_segmentation.png,937c59d882b25d0cbaadbda034488d7896474e17339466c4a4097f99f6945058,0.083816528,0.999891012
train,807,ISIC_0003657.jpg,ISIC_0003657_segmentation.png,6d01e9ec3a14e4000a55436edf5d17cec724c4ed2795f89a92ed13068beee343,0.301783244,0.999745600
train,808,ISIC_0015631.jpg,ISIC_0015631_segmentation.png,6766969e1d182c7132950451f98abb10221651fbd8a3a6b634b15c8f2eda3c67,0.711125692,0.999729619
train,809,ISIC_0012099.jpg,ISIC_0012099_segmentation.png,91aaed845949f9b6d4887e5b9b0b5c730188a388c0e573bca09e84fd67b7af12,0.138824463,0.999795533
train,810,ISIC_0009928.jpg,ISIC_0009928_segmentation.png,c36c24f2a7869898c133dd1726d70d949b99755b8d9484235d9d8073e2ba97da,0.200826009,0.999944944
train,811,ISIC_0014832.jpg,ISIC_0014832_segmentation.png,e752baf94d0f15c85dc3a6f1e8172a8c0ce8fdab5a468cd7686dd6c6f65a39cd,0.366119385,0.999927217
train,812,ISIC_0000493.jpg,ISIC_0000493_segmentation.png,d9e19952c319faf1e3afc7425c4ac5490ba4ca951f722e43075792270b7abf18,0.218633016,0.999943456
train,813,ISIC_0013501.jpg,ISIC_0013501_segmentation.png,e5a171a85d4eb497c396cab8e5c517ebcc02d0f6412c231409e91b86d94ea4a4,0.376810710,0.999763242
train,814,ISIC_0014948.jpg,ISIC_0014948_segmentation.png,5dd5e68f41519129156b56ab7e1ecbf7359813720fce8a2da8574e7e508a222b,0.890487671,0.999558574
train,815,ISIC_0000082.jpg,ISIC_0000082_segmentation.png,0e46f6a7cf573c5955b4fcb4f43a8c6763c8d43faffaba562c847e8843b0cd7c,0.000000000,1.000000000
train,816,ISIC_0010467.jpg,ISIC_0010467_segmentation.png,acba42f0e7797ef1f1d841453d22dbe4a3959d775856d459dc7f07af68a178e0,0.153737386,0.999843243
train,817,ISIC_0015383.jpg,ISIC_0015383_segmentation.png,d4c5bd732fde489edde1c1d64a2bd9e99adf73400de6c3e42f3fade438b8ab6a,0.588979085,0.999803621
train,818,ISIC_0012329.jpg,ISIC_0012329_segmentation.png,10db5e64c17cd5067a1e9a3bee4c0f101b074b2939bd9630affddcdebf089a45,0.198964437,0.999870252
train,819,ISIC_0002836.jpg,ISIC_0002836_segmentation.png,9bf1bd467e73092c69e1a22aaf3a771734ffc8a5b6a90ccfe5a87e22d44fc851,0.191635132,0.999927036
train,820,ISIC_0013025.jpg,ISIC_0013025_segmentation.png,33b6f81930995e4ad83cc6f1db5b8933f17acad5dfdf2a0e248e3759f5b5d5be,0.194498698,0.999848120
train,821,ISIC_0013830.jpg,ISIC_0013830_segmentation.png,79b09fe9c9174ca0b98d75a1a3317f870459787c01a5166e6507e120ec4ab415,0.214492798,0.999415365
train,822,ISIC_0000008.jpg,ISIC_0000008_segmentation.png,d45666e0df9b2c50f3425a6cb30f999feb68a457f46636b6436010b80530b1ba,0.116195679,0.999975291
train,823,ISIC_0000166.jpg,ISIC_0000166_segmentation.png,5bc5799435bf39f7ea06e69bdfaf6b8a46e46f1dc17e7d782d5750ab72f1af16,0.168991089,0.999974976
train,824,ISIC_0000324.jpg,ISIC_0000324_segmentation.png,be2e3313cebfa5b7d75565b0470d8f228a3a73d929886b5755282a338ff2eb00,0.000000000,1.000000000
train,825,ISIC_0013165.jpg,ISIC_0013165_segmentation.png,63cf1620950f0af12bf71c9bf1102fefc68afa3a8946765c9643f8e775eade3f,0.127883911,0.999802944
train,826,ISIC_0014807.jpg,ISIC_0014807_segmentation.png,a17ea06d734044ea6e453ea4a3725cf8accc58003efd1aade0fe2317171659bc,0.439900716,0.999902738
train,827,ISIC_0000395.jpg,ISIC_0000395_segmentation.png,aad1edb149b95005bf46c96929f31b96c09a24371e189cdb31b2cd8bfd0e3457,0.109990438,0.999921338
train,828,ISIC_0000138.jpg,ISIC_0000138_segmentation.png,02af59b256d4b3091bdc826d71eace14933d1835328528ae516edaeaa3275f42,0.000000000,1.000000000
train,829,ISIC_0013671.jpg,ISIC_0013671_segmentation.png,e5032c3b21338621d6aa0d2f651cbc8652489d878a6f824a8bd98716d403db7f,0.488749186,0.999210477
train,830,ISIC_0010028.jpg,ISIC_0010028_segmentation.png,b744a7e900e4b92de28a20c163ec0b788d6b98950d24749c2be610bd2f2150ce,0.066151937,0.999947153
train,831,ISIC_0011167.jpg,ISIC_0011167_segmentation.png,ad535a23b1893a06b6ef6be0f91f3904618b9de134102475d40dfd6f074ffb3d,0.187316895,0.999820513
train,832,ISIC_0014225.jpg,ISIC_0014225_segmentation.png,17212e5a061334347b627b00b90af7aa8710c33167643be62e43a92ad7520d09,0.102879842,0.999937555
train,833,ISIC_0010003.jpg,ISIC_0010003_segmentation.png,ac44d280597bedca905da67b774b456d64641abc0e7d60400f0f3119f2480ebd,0.172841390,0.999860850
train,834,ISIC_0014423.jpg,ISIC_0014423_segmentation.png,82f8f611bda6e957dafb0c4d36a964347438710f9e1719d960166faab5a622c6,0.125900269,0.999865918
train,835,ISIC_0004346.jpg,ISIC_0004346_segmentation.png,b3af65fb6e873078c6a4f5acce67c07a3fd5e17344be3bd0e46802e70a6fe0d7,0.130564372,0.999898090
train,836,ISIC_0016051.jpg,ISIC_0016051_segmentation.png,c6f2fb955b52bbd3e2989cc187377319fb554aa1f8c7ad69fe58789fb079aa94,0.127670288,0.999824253
train,837,ISIC_0009949.jpg,ISIC_0009949_segmentation.png,007fd6f4420d11ba318c4830024f6a194b8b4deb84e716d2c33f713e3bc2589d,0.160263062,0.999967305
train,838,ISIC_0016025.jpg,ISIC_0016025_segmentation.png,2a166495b47bda12c64900e8d8587b1e8f4584619e15c2181d26fe80834213e1,0.219736735,0.999883539
train,839,ISIC_0014912.jpg,ISIC_0014912_segmentation.png,5a132c0eca04645928a3981b1935f8a3134ba52e6d4ea019c5a938f00a24b102,0.577418009,0.999884627
train,840,ISIC_0000043.jpg,ISIC_0000043_segmentation.png,7e84b96cd73b0c974cfb937d67ce932c52e7c7771619051cd988e22a961a34ed,0.276514689,0.999958168
train,841,ISIC_0012086.jpg,ISIC_0012086_segmentation.png,352de85200c23894803232100753649fe608cc472458ecb02326f3957559351d,0.146087646,0.999953373
train,842,ISIC_0010034.jpg,ISIC_0010034_segmentation.png,5490d01024b2afbd188a59bac37454f6f21b4c2750df053aeb0b8a717ce60e4d,0.180831909,0.999906274
train,843,ISIC_0014804.jpg,ISIC_0014804_segmentation.png,281b18b80f59e845b2dfb8548af7fb2b1506162ee184a734b7fa839bf1edd853,0.354985555,0.999913134
train,844,ISIC_0000079.jpg,ISIC_0000079_segmentation.png,da073f90c126e9e698b0f1eecfee3ee0180711dae2ce69ea7aa922853e2320b2,0.064509074,0.999970972
train,845,ISIC_0000209.jpg,ISIC_0000209_segmentation.png,58f06d2c92519cd333b674777073a5d7454520f6a9c6b06f151230eb7d6d5d44,0.294886271,0.999949087
train,846,ISIC_0011173.jpg,ISIC_0011173_segmentation.png,7cefd6cf4eb42d1011a86e12143337a8af122477233a52e1a4ab7ddf8a1da8c7,0.266230265,0.999646453
train,847,ISIC_0000322.jpg,ISIC_0000322_segmentation.png,aee02ab0b7d0334c97f5820096b14fafac123804609aedf32c12988c9a6e71f2,0.000000000,1.000000000
train,848,ISIC_0010228.jpg,ISIC_0010228_segmentation.png,9b4d598d983cc227f481ab3e3a7097d32f2ed784befb105d0c2e3aeba3a1d673,0.334940592,0.999852235
train,849,ISIC_0015201.jpg,ISIC_0015201_segmentation.png,fe6a6ad196b2cf781df38b892fb35a78162767653eedfa7d2fb4bc71e511194b,0.640431722,0.999865214
train,850,ISIC_0015258.jpg,ISIC_0015258_segmentation.png,3eee2aa32d84e01ed119f5043bc749a70ea91161b794db1b5ad630a03b32cd06,0.523803711,0.999909863
train,851,ISIC_0015949.jpg,ISIC_0015949_segmentation.png,815845ac414c6a6cd72557faaac5788313ad86da4c9f06e8752c00e2757c0f60,0.191177368,0.999661672
train,852,ISIC_0013310.jpg,ISIC_0013310_segmentation.png,22b3f9ba57229ad764c480ad2e191d3281454ae925517c8e96898475b5d33071,0.308959961,0.999805811
train,853,ISIC_0010570.jpg,ISIC_0010570_segmentation.png,f05f3cfc73f2c22ce15d12799db5910debdad31f4fe8830bdd62555d16417a42,0.392603556,0.999885629
train,854,ISIC_0013836.jpg,ISIC_0013836_segmentation.png,c69717568253d4543dce9bc5faa115b2f0477e4514a59603809787ee9a878fe5,0.233413696,0.999451838
train,855,ISIC_0000274.jpg,ISIC_0000274_segmentation.png,2b333308eb52d9f359d265083b5ac4e77d70ec79648a95b107d3a67568709b5e,0.102050781,0.999991967
train,856,ISIC_0014879.jpg,ISIC_0014879_segmentation.png,2b8080e210d4a877f6dbf86a3a24d8ab183b262f902a21a44551af97be27bb0e,0.428695679,0.999753289
train,857,ISIC_0012376.jpg,ISIC_0012376_segmentation.png,ec6d81015a56f81e868fd2ea9c2c6519ac345590d1a66c73ceade16ec0c3db4d,0.134653727,0.999829975
train,858,ISIC_0005548.jpg,ISIC_0005548_segmentation.png,8df8c2a270d96ba7d2d384815638399360012dd77bce4807d0365ca58d8f6078,0.335245768,0.999808247
train,859,ISIC_0000227.jpg,ISIC_0000227_segmentation.png,07c6ffe65ba23b9f59aa2df22b336f098abbc318fe44c72079b305cd883ce0c8,0.189264933,0.999972384
train,860,ISIC_0014069.jpg,ISIC_0014069_segmentation.png,d755cc3ddcda541f8d893e4f186c8be7dc4f16d02b31db29efe2fd7bed565cae,0.128499349,0.999832053
train,861,ISIC_0012481.jpg,ISIC_0012481_segmentation.png,489be2461f9601d7855b574224f876d68d70c29553b7fde9a192f6d976c485d7,0.115142822,0.999887422
train,862,ISIC_0009930.jpg,ISIC_0009930_segmentation.png,e48fa41dc5bc810a6e3212f90f967252bf2c8e9712603233c4b14ed057ad8708,0.129486084,0.999879421
train,863,ISIC_0010047.jpg,ISIC_0010047_segmentation.png,7b64e299f58cf08968d15964188d1d40fd22351f6942cc61d12629be0f419fe1,0.088999430,0.999947914
train,864,ISIC_0012384.jpg,ISIC_0012384_segmentation.png,85cab95223900543faccc7220343920ace9c7cd52b18b6c81aafed23a2e2667a,0.247884115,0.999648806
train,865,ISIC_0015445.jpg,ISIC_0015445_segmentation.png,ec4866bb06fafb6a86b10130a4bf18d45a590d80cf3df461f5f81d7117acb5a1,0.375467936,0.999922556
train,866,ISIC_0012356.jpg,ISIC_0012356_segmentation.png,35a67eacb34f174b24c6bbba6c84c97552d298233f9043f1aa1ceba9bb7928b1,0.200541178,0.999914151
train,867,ISIC_0014637.jpg,ISIC_0014637_segmentation.png,c236d1ade771882d38ece43908e4db47df9da8409744fb20108e5fec9dcdaf02,0.185241699,0.999929740
train,868,ISIC_0014513.jpg,ISIC_0014513_segmentation.png,934c09b2a5be0fb54f977e6ded52f0b8dca03968cf90b5016a6a05aa23dbbcd8,0.178726196,0.999721677
train,869,ISIC_0014600.jpg,ISIC_0014600_segmentation.png,ec529bd2e8d4095adacd19114a1f1d1d76230ecb48cfd3eaeeda2deb4ac7f0eb,0.149429321,0.999944477
train,870,ISIC_0012381.jpg,ISIC_0012381_segmentation.png,7e268c8a3e6758dd4bd7f098537d110ae57453e603bbf1353bb8365000969376,0.210205078,0.999871389
train,871,ISIC_0012156.jpg,ISIC_0012156_segmentation.png,b72f479253bd0402e690d5bfd39da5a43cbdd0d5f34d24acca7e5cb3611751dc,0.173370361,0.999698243
train,872,ISIC_0010565.jpg,ISIC_0010565_segmentation.png,aa0882062e465e126bead392980ec874863a2daf60feb3c2c7380d29935d1884,0.200159709,0.999846415
train,873,ISIC_0014963.jpg,ISIC_0014963_segmentation.png,ac9f45cc860ecbf8cc8b2a30fc063830117a161053e678b66dd8dd929f5542fc,0.637029012,0.999873960
train,874,ISIC_0000040.jpg,ISIC_0000040_segmentation.png,d1f2ac0535f51efb36c1f408d3483215e4168a172ed647a4534d3b724b548c2f,0.123362223,0.999954125
train,875,ISIC_0014470.jpg,ISIC_0014470_segmentation.png,492d3e7d9e49c30fb136f4a19d806678694ca1dd94bb3914207675f29116c83e,0.101465861,0.999938711
train,876,ISIC_0000453.jpg,ISIC_0000453_segmentation.png,72802d5e2a1531e06ccf4ab52e20a52f01761e663da2a9bb5ce42aa27f0c6b3a,0.105305990,0.999944014
train,877,ISIC_0014229.jpg,ISIC_0014229_segmentation.png,3d37d143a3e15195303ca49e00bb1407309acc3532044307f183c17e23123455,0.158564250,0.999838269
train,878,ISIC_0014336.jpg,ISIC_0014336_segmentation.png,187bb47e3ff6981de13a1435f8138b4ee0e76983605413c48b9a758fcb0e5e75,0.107615153,0.999911971
train,879,ISIC_0013802.jpg,ISIC_0013802_segmentation.png,884500e1d25374d348653d07df23ac9f970d8161ed6e868f1c806fc032039b8d,0.215789795,0.999717709
train,880,ISIC_0015113.jpg,ISIC_0015113_segmentation.png,8ebafcb0fc2b0cbb785fdc8c42ba0ae9f2554c946abd8b8ce2d107fd5c4d6aea,0.619649251,0.999856661
train,881,ISIC_0010041.jpg,ISIC_0010041_segmentation.png,819781920d680980aa9660e2458f23f61cd8a9bcec5b6bac3a57b1ef78891e21,0.210540771,0.999754790
train,882,ISIC_0000529.jpg,ISIC_0000529_segmentation.png,30deeffbc0857132166f0368b5f9d74132d1b46582f410f31523f7f661ee2c5d,0.277837118,0.999904011
train,883,ISIC_0015276.jpg,ISIC_0015276_segmentation.png,0818ddde08f5c257a029f86059c32bfedef40ae4971a885cef5012dbedc75144,0.644617716,0.999787863
train,884,ISIC_0014989.jpg,ISIC_0014989_segmentation.png,b19f80d108715a74f0ed1ca032ed95b01089e3bf3d6b8c3772e35c2330db2863,0.401835124,0.999921245
train,885,ISIC_0000061.jpg,ISIC_0000061_segmentation.png,ba080ab646af203ec71dacc09a27fde17890860862c46bfa6c62df234f733919,0.114863078,0.999970837
train,886,ISIC_0000425.jpg,ISIC_0000425_segmentation.png,f18f6641715458f81b23b1de21d6de13ee3c54a5aeda0da37793307471678225,0.114629110,0.999949576
train,887,ISIC_0011090.jpg,ISIC_0011090_segmentation.png,77234e30d96f3a2f672e2aeb81749e7de19f0f58686a25a8c62cf1f1a6000d40,0.084503174,0.999902567
train,888,ISIC_0000548.jpg,ISIC_0000548_segmentation.png,e41489b3944ccfc02b4fc48e05bd4448ea6d6ee99c4880b5397a165650d9c236,0.067596436,0.999905816
train,889,ISIC_0012266.jpg,ISIC_0012266_segmentation.png,88e35b6edcb906355cec1659f74d646b3a8cd4f0282f49fe8f996d7a1e225f16,0.210968018,0.999266419
train,890,ISIC_0012187.jpg,ISIC_0012187_segmentation.png,9612361cb87d4e5e53b454a8d3f01c37c10b4ebd56ad2aaf2f33d9b60e264d32,0.251007080,0.999838917
train,891,ISIC_0013832.jpg,ISIC_0013832_segmentation.png,b048e7b48a33cee17d03bc8a979a2c7db8c0b201b7ca320ffc010ff929d0a66f,0.189102173,0.999878308
train,892,ISIC_0012945.jpg,ISIC_0012945_segmentation.png,534185d990673db7055457e321c5caeeb249779449ddb71a8a16da268da5cc82,0.234420776,0.999836768
train,893,ISIC_0000336.jpg,ISIC_0000336_segmentation.png,b73c0f8acaa6ff01b06dbfcda8510f2bdc332af189d0638c6b5cc127a13e7cd4,0.000000000,1.000000000
train,894,ISIC_0009944.jpg,ISIC_0009944_segmentation.png,b0348d82c96bd7a152a1ddfce591b5836b501db7d0e94b4f04cc8e8851706d28,0.537465413,0.999708885
train,895,ISIC_0000351.jpg,ISIC_0000351_segmentation.png,6d63fd0064456d2ee2f0e674e6dcfbf6424cd08107e2763c8bb7557f9e9e0bdc,0.000000000,1.000000000
train,896,ISIC_0013326.jpg,ISIC_0013326_segmentation.png,54b07301b391570061828d82aac59b89814eeedc2fa5c4f3a3d540716cae12b9,0.206161499,0.999863811
train,897,ISIC_0012253.jpg,ISIC_0012253_segmentation.png,104212dc2f5c877c455d31f0bc231e42c911012897ea5903231db2103f8aee3b,0.205922445,0.999509807
train,898,ISIC_0014480.jpg,ISIC_0014480_segmentation.png,d39e77178a69b4679833d6ed0287db0f0a679374e9d36df953d6790a88ab55da,0.102096558,0.999904077
train,899,ISIC_0012503.jpg,ISIC_0012503_segmentation.png,a79d1f0cacce9defafbf5f64acd2a5d4a81447e8d6ede04ee7cf077f679807c2,0.159454346,0.999646198
train,900,ISIC_0001372.jpg,ISIC_0001372_segmentation.png,8887f88c32736252b2f1f7adcc833776f11d9afb33229c2de5453119b908d5a2,0.331715902,0.999897095
train,901,ISIC_0013087.jpg,ISIC_0013087_segmentation.png,636ba5846274f33cd858c9faa42d0b7be50f7275e8039e8b82ef3b000a31f3a8,0.123535156,0.999774309
train,902,ISIC_0009961.jpg,ISIC_0009961_segmentation.png,148ab772746ca12a78d7eb76b80ae8dfc4e38c23299dfdd5d05bca02f9e6fed6,0.200246175,0.999752281
train,903,ISIC_0010448.jpg,ISIC_0010448_segmentation.png,0332f1e4177cce490b968a194951efea6ac8cf05ba12a28801bd4319f3a9ffb2,0.196777344,0.999799028
train,904,ISIC_0015996.jpg,ISIC_0015996_segmentation.png,2d907cba6df45171b443147a175ba2014168209d926d8176660d32a67d94b35a,0.176162720,0.999529777
train,905,ISIC_0010053.jpg,ISIC_0010053_segmentation.png,dd86392f86c68408b8d3e07d60f24dbd6ccfd24449d16f5613e4d1cb05199be1,0.146876017,0.999765633
train,906,ISIC_0010322.jpg,ISIC_0010322_segmentation.png,74c7cf585740920c6d942baf4ae58967f8f0017853e33fbc4c68fb8f35c31e02,0.201344808,0.999909725
train,907,ISIC_0011387.jpg,ISIC_0011387_segmentation.png,6a2fdaadd5b105d2bfe33bf3fad86f1551abd96cc2d9f2d9adc6d37d1dab2baf,0.148605347,0.999929256
train,908,ISIC_0001131.jpg,ISIC_0001131_segmentation.png,9dab71b01e0f1d725237dcc24c53ba4c3acef9ad9ae8e30286ac6ad4b62e9aa8,0.148117065,0.999988102
train,909,ISIC_0014919.jpg,ISIC_0014919_segmentation.png,ca9e5a01457937ce90ed9bbd59932a1d9ceeb6ddb209c10936c5ac9ed397c38e,0.495071411,0.999874001
train,910,ISIC_0000276.jpg,ISIC_0000276_segmentation.png,fa551433a2f14e6617fe2afb8363e87eea5d3437ddc0c691cd5f5b2479353281,0.103764852,0.999992038
train,911,ISIC_0013798.jpg,ISIC_0013798_segmentation.png,bd68d13a10d7ea1d242244f74c0838940d7c6c0d07454772f143fe22bcef78f6,0.107243856,0.999842209
train,912,ISIC_0013997.jpg,ISIC_0013997_segmentation.png,d9e48e8e64e09467e4c0dbc9f7642b4375b4f5b8762efd125534527fb869beaf,0.241165161,0.999669242
train,913,ISIC_0013045.jpg,ISIC_0013045_segmentation.png,250b62c07fabcb71617334ecc37d8798eaff69e3acda9fd284c106a21f28e6a9,0.083999634,0.999850554
train,914,ISIC_0015960.jpg,ISIC_0015960_segmentation.png,d42e9ad677c4d18749d8daf197986ccc01a88ae7feda41400e89a6255d701e72,0.158030192,0.999809151
train,915,ISIC_0000025.jpg,ISIC_0000025_segmentation.png,d00e7862c6c98fd39def4944b59aae125fe9b19c748f041b5862187053513295,0.168029785,0.999928406
train,916,ISIC_0000192.jpg,ISIC_0000192_segmentation.png,1fdb82bea5c525d4f85543ee1e8d5f2197dd395739a7ea601563f024812b4757,0.219838460,0.999950773
train,917,ISIC_0014798.jpg,ISIC_0014798_segmentation.png,e7a7dee107a4fa45bf50f68a83f01f39b8e7e44e2cb5d32738b18da10586bcc3,0.503234863,0.999804240
train,918,ISIC_0001102.jpg,ISIC_0001102_segmentation.png,08cb684d939e3e3cf19b79d351c20b9decf0558fa0650f7bcd2de6cb15437216,0.123011271,0.999978424
train,919,ISIC_0009977.jpg,ISIC_0009977_segmentation.png,12dd0882c2fc65874d1f9a43bfe3bc6409a612446cca644bf09008f89337d099,0.176183065,0.999780778
train,920,ISIC_0013302.jpg,ISIC_0013302_segmentation.png,c6d5fe44f46773a4dee54110940fc2a0d3f15eedb9b7917baa4357459d9899b6,0.247548421,0.999607327
train,921,ISIC_0011151.jpg,ISIC_0011151_segmentation.png,ba07bcc3b20a8e8dc22e9b8dfc2d5ed0297d87eb0abe03d8f50a2512e93b2d0c,0.204218547,0.999917657
train,922,ISIC_0014635.jpg,ISIC_0014635_segmentation.png,407b38c12f1bd51ca13d79c7ccdead4955da64244ca91581c22619aa2c48dde5,0.142486572,0.999900073
train,923,ISIC_0009917.jpg,ISIC_0009917_segmentation.png,caf6283314afbdc49207867b02f55e2a66e44cfd8eb9a1f706618cd2464f181b,0.151397705,0.999839768
train,924,ISIC_0000457.jpg,ISIC_0000457_segmentation.png,0ca7a3503667390e7ff3620090fd28726ca29a49c7b9e0a7ca01feda67be2a02,0.233093262,0.999915658
train,925,ISIC_0014818.jpg,ISIC_0014818_segmentation.png,b3692c985d25596fb7f812b0244cdda9fbf07861a675a0c3ae65c7eba2726d83,0.477045695,0.999919129
train,926,ISIC_0014542.jpg,ISIC_0014542_segmentation.png,2b003d6d1f3066013a7cdeccc867c25650123a9d83a4fb9e5500c40c91967b06,0.143188477,0.999932016
train,927,ISIC_0015244.jpg,ISIC_0015244_segmentation.png,b79533fc0eceafd0179e4e2ef014658ce0e4f05eba98ce6b2b8c75c83da7f33b,0.574773153,0.999874434
train,928,ISIC_0015961.jpg,ISIC_0015961_segmentation.png,55107da8e1b3fe9e70dd8d263c35b0be0fc193d04384e321dee7c2d865ce85ce,0.186116536,0.999785473
train,929,ISIC_0014785.jpg,ISIC_0014785_segmentation.png,2f99edcc11c81a0b02f1cf0bdabc1f16e447b042c42dbb7771c20cae9899f378,0.416707357,0.999899512
train,930,ISIC_0013565.jpg,ISIC_0013565_segmentation.png,84c1a6e513c3bfbb4b1361aed5f2714c20df2dde994f17eaf43cc9a2e110bc47,0.193150838,0.999871363
train,931,ISIC_0010244.jpg,ISIC_0010244_segmentation.png,7a4ceeaeb5f34bd53f68fee197a0a357cb0346e6687eed67176905bb132cb9d6,0.048411051,0.999934334
train,932,ISIC_0011114.jpg,ISIC_0011114_segmentation.png,fa06bc3716e7d13234c41d465a368d798d198956ff7cc2829d40f6107a13fac9,0.281840007,0.999723495
train,933,ISIC_0010350.jpg,ISIC_0010350_segmentation.png,c5517b398a8b57c770cebb21b3c0a8317ead34d3a7365f5b1b45ae7dbe74d58a,0.176544189,0.999938264
train,934,ISIC_0013329.jpg,ISIC_0013329_segmentation.png,c5ce26c0ccd67d37a83d530ddf07b642f40ebbb8cf0f5a81bf21d0a84ca9ae91,0.165695190,0.999910822
train,935,ISIC_0011339.jpg,ISIC_0011339_segmentation.png,fe5ddb9fa8a1870bb7bb9c737c241a8a37cfc8c46e5628628c1e5d97ddc9d7cf,0.242243449,0.999958843
train,936,ISIC_0000379.jpg,ISIC_0000379_segmentation.png,2b9371479db120f5f39a54135f30cad70d20f404a27311ee416e20c05be4b88a,0.090565999,0.999970337
train,937,ISIC_0009889.jpg,ISIC_0009889_segmentation.png,1a3496c6833b3887250ed759c6657d67936473289f07715ff42017590039f0a2,0.161305745,0.999856158
train,938,ISIC_0014753.jpg,ISIC_0014753_segmentation.png,985983eb03319a53c2b8b67d04a196a97d297f976c661a7c157a7b29312fd040,0.390090942,0.999942734
train,939,ISIC_0014072.jpg,ISIC_0014072_segmentation.png,c28e82678194555e6dae01d3a9b06593687b29407d04bb495524777e8e303a7c,0.126342773,0.999870828
train,940,ISIC_0000086.jpg,ISIC_0000086_segmentation.png,87bde43a57c1e8f3e64dc2aa1f284351cd829407aa120a7e4bef530eeec59eca,0.123972575,0.999968114
train,941,ISIC_0006795.jpg,ISIC_0006795_segmentation.png,b9d81f28cb7299582cb2a5af8ef099ee0c464d70a53ebe4c35fe16804a865de2,0.134496053,0.999926513
train,942,ISIC_0013189.jpg,ISIC_0013189_segmentation.png,ffe5f5ad31c655efc86bd2d48db089ac9c767feb4c3d415ddf5254db94a4cfd9,0.288024902,0.999858425
train,943,ISIC_0014749.jpg,ISIC_0014749_segmentation.png,7e9b02651ebaff5e9cf99aad936f755c2eea49edec8ab3065ac0150ad0a1ff81,0.457194010,0.999921889
train,944,ISIC_0010360.jpg,ISIC_0010360_segmentation.png,925372ab574eb91219d547088c1adddf348bee638bed6e035ba4955f60f6e772,0.185028076,0.999863632
train,945,ISIC_0013967.jpg,ISIC_0013967_segmentation.png,3abbf7a896f2039f3bc7a4e1a2c53973c2b364f04e11e7fd5583a944480e23a5,0.456446330,0.999284837
train,946,ISIC_0000051.jpg,ISIC_0000051_segmentation.png,63b3e23cd822acdc2bbcef4e9df169cfebba5fc9edf5e19dd2d6bae8146822b9,0.095586141,0.999966968
train,947,ISIC_0013772.jpg,ISIC_0013772_segmentation.png,9ed258424cc29dfa5295d0f9afd41b7003534b540cfb9a6994be1a7ed0e208c1,0.227483114,0.999730901
train,948,ISIC_0012932.jpg,ISIC_0012932_segmentation.png,dcfb731773726003b2f3679f830f5806e9ef7fd2e3a8c8db4af5ef2b6b915959,0.258336385,0.999871484
train,949,ISIC_0000148.jpg,ISIC_0000148_segmentation.png,48a8b73c55bf8c7ecd9f58bec33f5b35d5e3a6bc66c8c2d3d800e88f1ec24986,0.182062785,0.999928448
train,950,ISIC_0013998.jpg,ISIC_0013998_segmentation.png,fe021a22e2c742ca72aeee584678f13ba1d2856f1bac2345ff9cf114de6a9924,0.251739502,0.999570656
train,951,ISIC_0011218.jpg,ISIC_0011218_segmentation.png,18bb53342d3ac2ac6ea9eed4fbdd4c0f000c66de81dc78b0bda12d2eed65dea2,0.487579346,0.999660117
train,952,ISIC_0013527.jpg,ISIC_0013527_segmentation.png,a7a3874864d1351c837f18698eda1f053c4f6b20b28a173ad8ee809dfb71f812,0.243357340,0.999759918
train,953,ISIC_0012160.jpg,ISIC_0012160_segmentation.png,df11322637de8bdc3d9fd3bf17b04694148e2bcb81dbd91c2dc797542039e800,0.199050903,0.999653394
train,954,ISIC_0014797.jpg,ISIC_0014797_segmentation.png,a11c7269e52bb3f157f036d18d63621873420b9b2449ec58719cbb30cdca7c10,0.313919067,0.999933440
train,955,ISIC_0000311.jpg,ISIC_0000311_segmentation.png,4ffc400cfbca9f9c60e266e0f6bedc1a2d1f488da7229690d36cab4b4ec5f9e1,0.000020345,0.999999997
train,956,ISIC_0000361.jpg,ISIC_0000361_segmentation.png,ab4746c7237d591b6617e5ba38fa0994a6caf2e7e388dc6f6b0d1787b9af1a15,0.000000000,1.000000000
train,957,ISIC_0011300.jpg,ISIC_0011300_segmentation.png,6b6c72d6f834f7ac96f5ffd78b80a9bb41e0054d0e17c9d62bc783c5663e4bae,0.401967367,0.999878447
train,958,ISIC_0014684.jpg,ISIC_0014684_segmentation.png,e850f3237fe28e592c68405dc1ce83c73dee63202ad1fa11f51b3ed5e226ad60,0.428833008,0.999885629
train,959,ISIC_0009873.jpg,ISIC_0009873_segmentation.png,8b3f6a66b31ece7953c09e2b8e600e1ce9974f4b1c7b26e9b796482a163caf19,0.176976522,0.999838705
train,960,ISIC_0010073.jpg,ISIC_0010073_segmentation.png,1e2cdd001538cb55c760da2e416aec1414b464a30c7fccd2b63a8982dc82121b,0.175262451,0.999400692
train,961,ISIC_0012677.jpg,ISIC_0012677_segmentation.png,83f84725e5b86511046b2321153122317884f9ce962e6f23a0294688404dc0ff,0.057205200,0.999926647
train,962,ISIC_0000470.jpg,ISIC_0000470_segmentation.png,fca1f3b858266ee67d3f2de1794dd5f592c2bb080396a89ffd31a665131eaa10,0.181416829,0.999874083
train,963,ISIC_0014197.jpg,ISIC_0014197_segmentation.png,befcee143cb734f3a7edecc40379efa1a7f001f669da4cbbc495ca6116ccfaaf,0.155156453,0.999788130
train,964,ISIC_0000544.jpg,ISIC_0000544_segmentation.png,1d5bedc35eb38096c1ecf3e6a121a4aaaef2bd1549ea74dfedd57d9c95811042,0.103815715,0.999965622
train,965,ISIC_0000019.jpg,ISIC_0000019_segmentation.png,4dfc053284a1331c0b03b5e0214cf58ab29bea63326fc4e5c772435c5cd2f341,0.148529053,0.999961625
train,966,ISIC_0000262.jpg,ISIC_0000262_segmentation.png,616f2bb6a86cda2411478afa59fc87f5fad690996ff6d0b7d8ed70142c131858,0.124221802,0.999801582
train,967,ISIC_0013197.jpg,ISIC_0013197_segmentation.png,2ca62dfb37dcfa65b5290e9be58c1da27c030795e010e561869c004169e1c9bd,0.191696167,0.999514035
train,968,ISIC_0009874.jpg,ISIC_0009874_segmentation.png,ecc6f598d1a02a52614d6b567bc064a7733dbb1b83a4f6e4b30d63f5d3ffcd09,0.240397135,0.999848248
train,969,ISIC_0015184.jpg,ISIC_0015184_segmentation.png,38498cf529bd26136a65a392995def3c4f9faf33bf8e157c3a408899e08fa60f,0.537628174,0.999867063
train,970,ISIC_0014434.jpg,ISIC_0014434_segmentation.png,a8a9805cd5f03dfb55abee0628de9ad72a9221dfc2babe5e9e5391a681abd275,0.139124552,0.999871137
train,971,ISIC_0010554.jpg,ISIC_0010554_segmentation.png,58736bf59fa7e9667c03747d8509536d3391eed39a39feb7584ae588a4f5b89a,0.173202515,0.999841032
train,972,ISIC_0012758.jpg,ISIC_0012758_segmentation.png,6010434c407b39906326db7541cb7baaf217603da55638e445dfbb7e66470a97,0.247111003,0.999810435
train,973,ISIC_0012284.jpg,ISIC_0012284_segmentation.png,bf6a65f68aacd3ab8fd989084e69267f106c2779ef16c1de362252a629675573,0.172907511,0.999916014
train,974,ISIC_0013341.jpg,ISIC_0013341_segmentation.png,e3b662d3f1132d3f5f553a400b82eeb87e94572ce72f2dcd59bf34b7fd3c51c1,0.252553304,0.999894083
train,975,ISIC_0014081.jpg,ISIC_0014081_segmentation.png,bd776340beaf03330bc721731a8ca7d81050a001f3dafac35099765adab1e9f1,0.149480184,0.999788194
train,976,ISIC_0015638.jpg,ISIC_0015638_segmentation.png,f1d02b6f9ec460c08b6661f60837793b534b156517f4c632db69340f1f311166,0.413406372,0.999957288
train,977,ISIC_0001212.jpg,ISIC_0001212_segmentation.png,23c60a1186f4f85231e58a9b45523d8303c173244325c1bdbd0fd7f8fedb2d73,0.182271322,0.999871213
train,978,ISIC_0013748.jpg,ISIC_0013748_segmentation.png,393a17a4cdcbc17525f2171f2fbff0118d1d9c0b2dbdb13c181b001a8c481f25,0.254709880,0.999632459
train,979,ISIC_0014815.jpg,ISIC_0014815_segmentation.png,d2d3788c8a14dd32a7995ba5f0632b0146c93288629dacaad95b3664740e05e8,0.420349121,0.999876757
train,980,ISIC_0014834.jpg,ISIC_0014834_segmentation.png,e86e642513953710881e0d8a0532c22e1eb0a16c1849b9b1c793ea1c72aa8533,0.328893026,0.999955131
train,981,ISIC_0010235.jpg,ISIC_0010235_segmentation.png,99d5e4a6d7d24c30bdca3927a671f1253cb9b53e275756365fe45d7e88c6bc45,0.177266439,0.999853669
train,982,ISIC_0000344.jpg,ISIC_0000344_segmentation.png,9115568a3a06235001fde1352a415ce7527add97358033a9c8f53508770a3f49,0.000000000,1.000000000
train,983,ISIC_0000049.jpg,ISIC_0000049_segmentation.png,bdda898289f8e529394266fd997c721626978c09f3c9aab996601da3add300fb,0.118225098,0.999966830
train,984,ISIC_0014760.jpg,ISIC_0014760_segmentation.png,c4a48f5be430aacaf4ee10ababd965ed9828ea957a404c7114293bae894168f8,0.415181478,0.999926240
train,985,ISIC_0012898.jpg,ISIC_0012898_segmentation.png,c2a3843ebf1793dfeff92053d7633df045235f43ab94c3914f927e4030e3c346,0.168370565,0.999742616
train,986,ISIC_0014800.jpg,ISIC_0014800_segmentation.png,c1b710378535a7d0d34bdb43282899df2ad72d574cc0d0200d24df5edcb0a66c,0.372487386,0.999925713
train,987,ISIC_0012228.jpg,ISIC_0012228_segmentation.png,23d3cfe75e25e2aa911d2229762c2941dc91dea21f9904f0ce3818b752a7daed,0.171951294,0.999830082
train,988,ISIC_0012178.jpg,ISIC_0012178_segmentation.png,730d6aa58f9ed9a8cf179c3442628df99e0be46a543e2319b501b8944bef2242,0.242691040,0.999830633
train,989,ISIC_0012529.jpg,ISIC_0012529_segmentation.png,8123bd1e3ce71cb6ef8638bf97efc1d6a3f3b2887002488ea67577ba4b2550cd,0.157063802,0.999586984
train,990,ISIC_0013490.jpg,ISIC_0013490_segmentation.png,d89447cc6126565bc0152306b0979e70e32bed56c29de1cfaf4589ffccd5195a,0.251118978,0.999708168
train,991,ISIC_0013888.jpg,ISIC_0013888_segmentation.png,91330ca995c9be49a41c2243941a6c189790ef2b84f318cd1657a950004fc7ef,0.210927327,0.999788819
train,992,ISIC_0001960.jpg,ISIC_0001960_segmentation.png,93a2ff97d56af4dfaaaec280857610132f91fd1888011334fd482e04a2e1055d,0.281600952,0.999842793
train,993,ISIC_0010498.jpg,ISIC_0010498_segmentation.png,44191966d216ca340f7018decb8d11cdcaacecaa689d8aad2d0c9b7d94f966f5,0.203460693,0.999923685
train,994,ISIC_0014610.jpg,ISIC_0014610_segmentation.png,ccaa0a77192b3a7f4053dae54abd2e79a109b456aa7b03757e0b8ad60a9fd39f,0.070576986,0.999956057
train,995,ISIC_0013635.jpg,ISIC_0013635_segmentation.png,cf5d13bf3e5c78a319f55862c333ad19ec59b2d602b8a86e9f08e2a88e334ad3,0.233139038,0.999852087
train,996,ISIC_0012526.jpg,ISIC_0012526_segmentation.png,83235bc0a8a604e928b3da40c395aaefeabeed6027770a97aefee576e4857a3b,0.152943929,0.999793438
train,997,ISIC_0012876.jpg,ISIC_0012876_segmentation.png,8135b3f6a5073f29a62b1002a0df3391ef84a5134972815faf02fcf57d49442c,0.164062500,0.999930951
train,998,ISIC_0000517.jpg,ISIC_0000517_segmentation.png,9bcd4252aeecc9e286df2e82ee87ab5244aaa2570819ec84920aecf5d68a5126,0.214879354,0.999871462
train,999,ISIC_0014843.jpg,ISIC_0014843_segmentation.png,73d9545818f2743d8c181d5d8c53f90de91ef6c831b319d01ab742e970627f31,0.370442708,0.999940014
train,1000,ISIC_0013664.jpg,ISIC_0013664_segmentation.png,965510fa7bbb27e597fa92446208b2f9dfae5c43003bc8c020c52790f629951b,0.209543864,0.999870006
train,1001,ISIC_0000231.jpg,ISIC_0000231_segmentation.png,a23707841adc003f5811e1b8c0b9c506eee8a01f9b3e6a3263bbd32fc8ded221,0.192596436,0.999972614
train,1002,ISIC_0010318.jpg,ISIC_0010318_segmentation.png,84126d6899aab82f2c7ee5f47237fbe5ec738c8925ed6af43f66c329299977d9,0.167327881,0.999894495
train,1003,ISIC_0014441.jpg,ISIC_0014441_segmentation.png,69071b1cfa7dfa6058b19140f1a2c1c298e2fd6cb63f5f33f5af620553caffe8,0.184209188,0.999270217
train,1004,ISIC_0014249.jpg,ISIC_0014249_segmentation.png,bb78b1ff6fe8fbe544666dd57121f4a896d2b9361a7aa3b61671436e61944df1,0.128657023,0.999872179
train,1005,ISIC_0000142.jpg,ISIC_0000142_segmentation.png,c7017b5a2235db29fc0c49f2641d3dc4cc8f9659c2e6ac5846975a879c9c5766,0.000000000,1.000000000
train,1006,ISIC_0015466.jpg,ISIC_0015466_segmentation.png,f53ebc0745cbd9114a19992e04ffa8f9583a1abf566de249d432c56ebc3c1f83,0.336644491,0.999933429
train,1007,ISIC_0012682.jpg,ISIC_0012682_segmentation.png,3075111290ffdb9a1dc297a9dc0b3fdff4ee37b8cbb457e830b88bbd22dbea79,0.223454793,0.999591918
train,1008,ISIC_0014506.jpg,ISIC_0014506_segmentation.png,073a46bfabd6023b4fabd10348e213a4cd712218b56379b0a176aceab80216e7,0.103159587,0.999934762
train,1009,ISIC_0000156.jpg,ISIC_0000156_segmentation.png,944f40803796be7d117408613532e6d5bec60a2f9eb53d22bdbc32d6cb3304d8,0.000000000,1.000000000
train,1010,ISIC_0012391.jpg,ISIC_0012391_segmentation.png,3b702e0213fec1461405a430461a08b6a2e2e56086b4a936a7efb511fc738bc3,0.198064168,0.999895844
train,1011,ISIC_0012260.jpg,ISIC_0012260_segmentation.png,c6fa730a50c7c5312ec7b5b3760ab6760f407f9c042a20e3d757bed62e94f388,0.140889486,0.999831276
train,1012,ISIC_0009973.jpg,ISIC_0009973_segmentation.png,0ae66fba47ee106f25916718be847752243e1dde2f728afd0e704bc84693ffb5,0.240280151,0.999939748
train,1013,ISIC_0000100.jpg,ISIC_0000100_segmentation.png,13f577740983530381d4492ccc154dfd74a855e856fd0478e7d488116e9f3d40,0.080179850,0.999989921
train,1014,ISIC_0010020.jpg,ISIC_0010020_segmentation.png,519e8519f732b710328b882657fad6bec302a0acbcc9effcf7d34443ca00a602,0.168228149,0.999873254
train,1015,ISIC_0012956.jpg,ISIC_0012956_segmentation.png,828991909a27a1a450f15d695d844da5c2a564d7c96c2cd8044c02f75c772009,0.236948649,0.999802470
train,1016,ISIC_0014707.jpg,ISIC_0014707_segmentation.png,b791026be91152cd24eccbe76b5346c2e395b4397162c5935c23c0dc0c409235,0.443476359,0.999888533
train,1017,ISIC_0013498.jpg,ISIC_0013498_segmentation.png,ce199fc78c17347e2e0545ba0680812be983ef01ec4173ec1006be4d0312ff08,0.154917399,0.999830979
train,1018,ISIC_0010014.jpg,ISIC_0010014_segmentation.png,2d5bddfdfa57fa96d2435eca272a8d5ecf1d69039b524d0e941e843c4d978f19,0.256251017,0.999841078
train,1019,ISIC_0014382.jpg,ISIC_0014382_segmentation.png,7ed2a9fab83e7d2f4eafbecf656e93791d9259189383028a74cc7834c0d5b12a,0.136296590,0.999922894
train,1020,ISIC_0001126.jpg,ISIC_0001126_segmentation.png,e63b205e091c23732c8a4e139e33d6c90026c235a146fc4c7129456665182cbe,0.086863200,0.999952020
train,1021,ISIC_0011343.jpg,ISIC_0011343_segmentation.png,3caf1750ed0f6d5de4e2e395df087d15e5ef64e7be3d51b451efcdafcc454242,0.177764893,0.999800463
train,1022,ISIC_0012135.jpg,ISIC_0012135_segmentation.png,0e3e864863180885016e8d2c06e16f9bd1910c09df025385626adc492eef502d,0.218750000,0.999651373
train,1023,ISIC_0014026.jpg,ISIC_0014026_segmentation.png,1349348d9aafbc88c7437831620c8ba33ef22db85df085f5d0dbf0407c252932,0.243321737,0.999447040
train,1024,ISIC_0014768.jpg,ISIC_0014768_segmentation.png,db5f95a8b73c4c6a54f7e7a5dd3ee000b5a6a8cd454217738901e85df8d058bb,0.437688192,0.999917987
train,1025,ISIC_0000265.jpg,ISIC_0000265_segmentation.png,61bf1893d7ac9c9de8dc4e1f080ad1466c7c12747b9a985933d2541f1bc82347,0.093902588,0.999911380
train,1026,ISIC_0013203.jpg,ISIC_0013203_segmentation.png,7147c0b3e42acdcc3c65f2860086c7e06634079e8ec40f33f0584565aa5e19c4,0.186050415,0.999713111
train,1027,ISIC_0014186.jpg,ISIC_0014186_segmentation.png,751c23ebfe57a0669e65f10556d0cbc73a7eeb37d1fb0d48396c489a43a7ed24,0.123784383,0.999833077
train,1028,ISIC_0010002.jpg,ISIC_0010002_segmentation.png,4b4eb54b425bb5a14d7fb793399a5b2e20e592870d6d27290e55f47d8795eec4,0.100886027,0.999892997
train,1029,ISIC_0010358.jpg,ISIC_0010358_segmentation.png,fa61cda72c34b4ca95e2bda007dc063436d9699c9ff9166c7d942d865363ed13,0.193206787,0.999881628
train,1030,ISIC_0013084.jpg,ISIC_0013084_segmentation.png,fb209f810b2ee601932237010f152ee43247e276f8011e41737c34d63d080025,0.213221232,0.999907909
train,1031,ISIC_0000301.jpg,ISIC_0000301_segmentation.png,a36f74eccac07eafcd87e448b8232a8149fdc3d4adcfde47a3b915a521b7386e,0.000000000,1.000000000
train,1032,ISIC_0012137.jpg,ISIC_0012137_segmentation.png,c0678d5331f772e19ae14cd319b1468baad43285fa413ed4614638e2783e5060,0.269541423,0.999870801
train,1033,ISIC_0000532.jpg,ISIC_0000532_segmentation.png,01e1f3de5994db4846e633496c3141a328a8425872fc08f295ae98341198f165,0.251235962,0.999884643
train,1034,ISIC_0013797.jpg,ISIC_0013797_segmentation.png,5c7166bd93a52544a8a35cc4e4da2bf21672d88f939e86e39b47bf36db2c4310,0.130488078,0.999916359
train,1035,ISIC_0013495.jpg,ISIC_0013495_segmentation.png,0a157be1b474c54c015fca3b07b5fea7f86319bbbcb2f2e3749d0aad6241dfec,0.188588460,0.999832693
train,1036,ISIC_0011402.jpg,ISIC_0011402_segmentation.png,eed80dfcaf737acb3fc89e4d07a52d8b227f47c1e4d0efaf1f27b2c650c15e65,0.273951213,0.999913644
train,1037,ISIC_0000490.jpg,ISIC_0000490_segmentation.png,55dbec08bdb4e4b59ded73ae3e7053b995b79f268f344051b231c001c0cfd1d1,0.225611369,0.999877864
train,1038,ISIC_0000073.jpg,ISIC_0000073_segmentation.png,ffea7b0f6d1bebecddc8b29b166cdd2122cf2cf7c705205bba64d3e8994cd8b5,0.148010254,0.999981985
train,1039,ISIC_0014397.jpg,ISIC_0014397_segmentation.png,957303a827611223fc8cb01debc39e9a0fed01431514ff5a498249ea08ad6ab0,0.147959391,0.999923260
train,1040,ISIC_0010018.jpg,ISIC_0010018_segmentation.png,80a5621c3798a8a15cb99a49f7ee81465cec4c1ba607ff52926f2f2cf0dab133,0.192581177,0.999950200
train,1041,ISIC_0010474.jpg,ISIC_0010474_segmentation.png,3d306d9562128f7d3fbd3845de03b09997564e03ada91590f6577960c0a6b9ea,0.153371175,0.999940567
train,1042,ISIC_0013010.jpg,ISIC_0013010_segmentation.png,f3aa02fa8fa0095a168988669178ded658e9bcb808890a09ca49739d9d4d11d7,0.188161214,0.999735599
train,1043,ISIC_0013739.jpg,ISIC_0013739_segmentation.png,986c6515853c264119df1a533910af996923dce26502b713cf0bd8b178dead11,0.206176758,0.999792409
train,1044,ISIC_0013378.jpg,ISIC_0013378_segmentation.png,7877be17b9ea635cac66be1591b5d8c4177c134d4ee230326de1874f5fa6a9ef,0.221430461,0.999487835
train,1045,ISIC_0013304.jpg,ISIC_0013304_segmentation.png,e1d46129d1fbfcc759ddc18f9ab7e9a7c83784d29b19be374f92e2672e8f8e69,0.200658162,0.999759951
train,1046,ISIC_0015496.jpg,ISIC_0015496_segmentation.png,98b8267c0f9e810b7915d62c4ba1c5a85ccca88212773f4897ea0dc180406b86,0.397516886,0.999943477
train,1047,ISIC_0015464.jpg,ISIC_0015464_segmentation.png,90354251c9c00fb314c3f382bd451eec5382a76cce4c14fa6d4bde5b3c264c44,0.349594116,0.999940310
train,1048,ISIC_0000159.jpg,ISIC_0000159_segmentation.png,b61dd67d312acf25ba6bddeca6b9c9ece0197a6b2c96de519910e4013aa32c3b,0.167760213,0.999978533
train,1049,ISIC_0011329.jpg,ISIC_0011329_segmentation.png,2ec830ada5e45fbd21aa115494dfadbf96aa6e2dee3eafafb070fe38d335a94f,0.297434489,0.999845911
train,1050,ISIC_0000096.jpg,ISIC_0000096_segmentation.png,adbc15e5379ffac2b024854c43f49a8e799d5447de25429719e28924ef3c69a7,0.215067546,0.999932992
train,1051,ISIC_0016052.jpg,ISIC_0016052_segmentation.png,53f7cd08860ef94a1088fa63058d964bd9004bf88e98fc98c35f2fc844e2d911,0.142389933,0.999578667
train,1052,ISIC_0014728.jpg,ISIC_0014728_segmentation.png,115c5be9612bbd3f5bbc9a09572cf18cd5855135374454f37045369137d45eb9,0.380727132,0.999948280
train,1053,ISIC_0000384.jpg,ISIC_0000384_segmentation.png,a17484728358c93613bbefdd971c1fc27c0fd63aeb1a192bb3c72393ae8301c1,0.056147257,0.999919815
train,1054,ISIC_0010094.jpg,ISIC_0010094_segmentation.png,5473c9ed87f01eaac80ef4af9d5a19e8292c5b231fe42129927767742f406a9b,0.151845296,0.999959818
train,1055,ISIC_0000354.jpg,ISIC_0000354_segmentation.png,13882c503a3c7a7591c799747895a70f08ebace598323f39d14bd06278f9aa9b,0.000000000,1.000000000
train,1056,ISIC_0010569.jpg,ISIC_0010569_segmentation.png,bf8778374769dff68186159902b722924b10d0913d99574e173d4bc0ab5906cb,0.188944499,0.999698614
train,1057,ISIC_0012685.jpg,ISIC_0012685_segmentation.png,45b8ebe2d4f7a8d4667357a01b4142fd2490c2f41a6ab02c55469ea8dcd0c92e,0.172164917,0.999780215
train,1058,ISIC_0010069.jpg,ISIC_0010069_segmentation.png,f1c269f688ffdb5882d0a9704ddd190e88d97d3a076c71c1ddc8e911ec793f71,0.128031413,0.999850302
train,1059,ISIC_0012118.jpg,ISIC_0012118_segmentation.png,ac7720b46c5fc1fa3fecf607f6059dd1d1c5295f28e73e9b84ed2f0bb82132d6,0.238215129,0.999815528
train,1060,ISIC_0013249.jpg,ISIC_0013249_segmentation.png,87b5cb643bf58728371b676c9250ddddeef2ecf6e7992b64b428ccf7e9c01735,0.243565877,0.999819487
train,1061,ISIC_0014337.jpg,ISIC_0014337_segmentation.png,97f2859ba18574b1e71f7746c8b44d112519fce1d9f222c89297de9bc2d77cac,0.124465942,0.999889231
train,1062,ISIC_0011097.jpg,ISIC_0011097_segmentation.png,22a91c3de5c36c2db630c2139aa78a9b377134ef8f106017ad7ac63f1f4a8470,0.244028727,0.999853749
train,1063,ISIC_0002871.jpg,ISIC_0002871_segmentation.png,3e779961f11fd23e3af6c33ddab782c23e3527efa8cdeafbc69225c818fd1d3b,0.304712931,0.999863900
train,1064,ISIC_0000337.jpg,ISIC_0000337_segmentation.png,d5ab3b628496c3a2ea4bff4df6276cb693edbf9b9d583e33e295bb385d764170,0.000000000,1.000000000
train,1065,ISIC_0001275.jpg,ISIC_0001275_segmentation.png,58164a5bc0a388941611cfe3185d40b6cdd3ddd0b57f311b2d1ead4cea37aa3d,0.277430216,0.999861644
train,1066,ISIC_0013374.jpg,ISIC_0013374_segmentation.png,800152f6dcd9703bf367a235f023b0d7a143aa9b3f05736ec0bd8c0cb9df6cbd,0.462595622,0.999529922
train,1067,ISIC_0013775.jpg,ISIC_0013775_segmentation.png,0c448153d337a9c042771408d80862f304657e9752cb0cc38773f4b4a05983a0,0.492874146,0.999419408
train,1068,ISIC_0000431.jpg,ISIC_0000431_segmentation.png,c41eaaeb9fc4d1b39348e81fc3abe2778f8d8013f4edc9a5e7cc9eabdd890f22,0.122833252,0.999892484
train,1069,ISIC_0012949.jpg,ISIC_0012949_segmentation.png,3431ef00d90d7cd7be67db88e8b4215fb9a9ed56493fdd87c0c0f5d1cc41c4f4,0.145868937,0.999731602
train,1070,ISIC_0013688.jpg,ISIC_0013688_segmentation.png,47f82b40ef97fedec24429af2315cf5b966b15e4b7f65a22cc6e4451c2929c55,0.180363973,0.999814947
train,1071,ISIC_0008541.jpg,ISIC_0008541_segmentation.png,0433a0d8197953145b3eeabd52ea44d67192913e88fe42fadc9132a716289b54,0.166722616,0.999905144
train,1072,ISIC_0014868.jpg,ISIC_0014868_segmentation.png,622bd628e259f406fd6e2543694066d7da41610d53e1a44d2104a08b1625fd90,0.481908162,0.999812351
train,1073,ISIC_0015082.jpg,ISIC_0015082_segmentation.png,d639566ff13f435e6b10e7dc675764cf4f5e6732396caf3b9d4b3e383152bec1,0.562500000,0.999903718
train,1074,ISIC_0013346.jpg,ISIC_0013346_segmentation.png,c13adf2bc6d84c01c5cf3972c2f502484d06a2ebb81a290b7a12a128c204024b,0.189890544,0.999857709
train,1075,ISIC_0012966.jpg,ISIC_0012966_segmentation.png,ba7320ac2c9cf6e6ee7278d111048ef74d2ddef2ba5ef624c8237dd29686bca1,0.115163167,0.999984753
train,1076,ISIC_0015369.jpg,ISIC_0015369_segmentation.png,ade7b2ad6933537b17208c955a1805b0f040f80b214b54c6244e827ab6508b1b,0.561879476,0.999879516
train,1077,ISIC_0014625.jpg,ISIC_0014625_segmentation.png,62fc0056e5ba7d7e41c46e5fe2dae49e9a3f18fbbf79d14f176e171ef77f112f,0.098531087,0.999945406
train,1078,ISIC_0012911.jpg,ISIC_0012911_segmentation.png,3e8fa0772b88aa6c5c927fb6e97c9851eb3167748abd3119f63d1eea9fdccf55,0.211730957,0.999670077
train,1079,ISIC_0014073.jpg,ISIC_0014073_segmentation.png,192b1e6367b809a46dec40adc41600f45ea03fdcd198950907cb99b78c660931,0.299794515,0.999764288
train,1080,ISIC_0013196.jpg,ISIC_0013196_segmentation.png,c0f2b23e758876a1b05fa093e18f39ea29b31e095fc6680bd3ceb365ba353eef,0.211552938,0.999754785
train,1081,ISIC_0014898.jpg,ISIC_0014898_segmentation.png,39f54e00448026b031a34f72a453b572f02ae27c699894c67e95690d570ba901,0.560557048,0.999924560
train,1082,ISIC_0012957.jpg,ISIC_0012957_segmentation.png,ba3838ae3da175f2a171dfa911062ca82f4cc93cae99cd1d263217039fc1e156,0.202061971,0.999767947
train,1083,ISIC_0000091.jpg,ISIC_0000091_segmentation.png,c3580f8b59defcb6701686a576c2a1cb4bdc9d8ba00bc621ed2081011209ef2a,0.000000000,1.000000000
train,1084,ISIC_0015582.jpg,ISIC_0015582_segmentation.png,96c5e3c105bb5c20192a5ea4befbf4b8acfa5ceafada2298b176064c735fb71a,0.532389323,0.999887946
train,1085,ISIC_0000268.jpg,ISIC_0000268_segmentation.png,d209fc5c9afc6116435775d1e70514423f602cbc4fd218ca00e66d80cb7331cd,0.135197957,0.999905562
train,1086,ISIC_0012235.jpg,ISIC_0012235_segmentation.png,aff70a58b72b970941ec8a8758fc514b2b7c1dcae6c3e968392f6edd35aa7803,0.174926758,0.999802996
train,1087,ISIC_0015968.jpg,ISIC_0015968_segmentation.png,d01a20453864f9c6642004941c19b949b8843eb953b403786cb6a050bc9d5c3d,0.261672974,0.999828560
train,1088,ISIC_0010032.jpg,ISIC_0010032_segmentation.png,aecae4f023268a5c0772d6594b485d0b129a62ea038e9dc2c1f634ed75851c9d,0.248530070,0.999879411
train,1089,ISIC_0016027.jpg,ISIC_0016027_segmentation.png,611c6740a4d96935161476a067e381a91a7539c09cbe520a59f976795cf8610f,0.189600627,0.999883165
train,1090,ISIC_0013843.jpg,ISIC_0013843_segmentation.png,8200bbb44cc73e868403d693194aef9b5f4c51a26a7e3c07b7823aaeb8752b10,0.176742554,0.999804614
train,1091,ISIC_0001188.jpg,ISIC_0001188_segmentation.png,213935cd85a2b26d4efed61d30d0196c04afbe647cef4bb4488eaa68d980f87f,0.243464152,0.999848303
train,1092,ISIC_0011176.jpg,ISIC_0011176_segmentation.png,7cd7964d1e0cb14d045cf7e4e4549a1391d3224a522f95633e333871ca47ef0a,0.204360962,0.999941275
train,1093,ISIC_0000415.jpg,ISIC_0000415_segmentation.png,98036c8294228f45e4db51ecd39aaa04bd8b7c3c0b34cd40d2cd0797df231e20,0.137532552,0.999921248
train,1094,ISIC_0012950.jpg,ISIC_0012950_segmentation.png,23ef3a3004cf6e32ff1d5d05ae48773b4c994d0b062c7312bfc195d1229d5b96,0.095672607,0.999814060
train,1095,ISIC_0003728.jpg,ISIC_0003728_segmentation.png,4b6f810c0817834053a398812bc2cf51085e07a40a3bf790b05872c1f40e4d09,0.390014648,0.999910972
train,1096,ISIC_0012390.jpg,ISIC_0012390_segmentation.png,9105e6b249ef25ac96bfa029660d4fa319c691fd28c6e5ac74b948426719b46b,0.159825643,0.999822574
train,1097,ISIC_0014735.jpg,ISIC_0014735_segmentation.png,c7593d4d820a5c917ee32ec81ba9f6db26ba1f757a95efc147e51e57065b8b04,0.623825073,0.999868368
train,1098,ISIC_0012840.jpg,ISIC_0012840_segmentation.png,5ab7d0f63a3b29cd5adb6b1ebdafbe6c62191f7d4bf2a4eda01959bc96c97cab,0.152893066,0.999881382
train,1099,ISIC_0012268.jpg,ISIC_0012268_segmentation.png,723f97baeb76c2b371a6449b0287924d216a5dc93630fbda1fb65d23bcde96b3,0.202514648,0.999843076
train,1100,ISIC_0012547.jpg,ISIC_0012547_segmentation.png,485e2105ade7ebe3863f367ad49d0ca6d62e92326f3d66e0929e728aa69390a3,0.206019084,0.999805469
train,1101,ISIC_0010348.jpg,ISIC_0010348_segmentation.png,026928108f4078612019222feb9694f07dac6389320a25376fb59d6511f290b3,0.236836751,0.999792230
train,1102,ISIC_0015603.jpg,ISIC_0015603_segmentation.png,a3bc3394c421e483727c97dbe13d268247569655ed0b85a18a6db195e61ac0e1,0.546900431,0.999881659
train,1103,ISIC_0015009.jpg,ISIC_0015009_segmentation.png,99ca88dc3d4bba9cfba5714ad6918668ae29bed652eb9a7ce15410daebce9536,0.369445801,0.999942221
train,1104,ISIC_0014754.jpg,ISIC_0014754_segmentation.png,59f2f3cb2eb9884667e56f58829a84a548fc782999f54bc82bf877f5fe29215d,0.580368042,0.999888136
train,1105,ISIC_0011349.jpg,ISIC_0011349_segmentation.png,743334cc6bf286b08c250a9a69c3535bcb55f72a8bb5b43eae14e6202b4d193f,0.256469727,0.999902405
train,1106,ISIC_0000293.jpg,ISIC_0000293_segmentation.png,3a17d5ed5b5f838f11f103d719f6cf77c7adea2f4377df934488f52151988911,0.184178670,0.999980354
train,1107,ISIC_0009960.jpg,ISIC_0009960_segmentation.png,81e087ee69ad44bed52d1fd6ebfbec7a48559408fc7873f3108c7da9adda52df,0.165166219,0.999840256
train,1108,ISIC_0015273.jpg,ISIC_0015273_segmentation.png,a05c330df7eaadae1c0c32fe6207350da8d4042e9cee39da026b3c0037bdbaad,0.646082560,0.999731614
train,1109,ISIC_0013015.jpg,ISIC_0013015_segmentation.png,bd5d34c6a8b5afd3a59043f9e4eee969f962aef9e261c8f4fe7730471557222a,0.170995076,0.999466825
train,1110,ISIC_0000403.jpg,ISIC_0000403_segmentation.png,244494dbecc66234d39791d456071aceccd2c16c2e7d64a4cd303b7d9aa1ce78,0.052464803,0.999981825
train,1111,ISIC_0000137.jpg,ISIC_0000137_segmentation.png,35fd9c402f0b5523076fcded9e51d9d85efd7774a26457f01af8ed22f03f9e73,0.000000000,1.000000000
train,1112,ISIC_0015298.jpg,ISIC_0015298_segmentation.png,7d62afc795cef056024d497bbd76c73cd30c86f9e33eb48dc3a63c1c24a3d19c,0.575749715,0.999750363
train,1113,ISIC_0012814.jpg,ISIC_0012814_segmentation.png,975ed71d59d07c06f3d6537337c5e211116544838f16e016edfdbdbac92aaaba,0.206792196,0.999849270
train,1114,ISIC_0009948.jpg,ISIC_0009948_segmentation.png,74ff935842e786cbf60d4c6a4c636df5e6787134ebbd2bfda4ad3efb56521787,0.250422160,0.999804018
train,1115,ISIC_0014346.jpg,ISIC_0014346_segmentation.png,691a839a1701b343af5c836a8451057dd636e72624cbaa61603b91f241ba9522,0.103668213,0.999921199
train,1116,ISIC_0013996.jpg,ISIC_0013996_segmentation.png,33cba88cb789411a216b707a49bf08a15df762cd736a8edcb35a3b6c42639f0e,0.237772624,0.999516861
train,1117,ISIC_0016024.jpg,ISIC_0016024_segmentation.png,570518e51a848b92e556f72e1013d3a9f3c1e268108b7b678c3c1f2b21047d41,0.124684652,0.999761176
train,1118,ISIC_0008406.jpg,ISIC_0008406_segmentation.png,fd7583a919fd039f769789298a9349a3b682102010ed8868271f3d5caad0773d,0.345830282,0.999891106
train,1119,ISIC_0011326.jpg,ISIC_0011326_segmentation.png,8636c5fc00370e6c52c039a19f064d59b8d4f1fb9b27a9aa7a167cc8dfd96a62,0.186569214,0.999767254
train,1120,ISIC_0013340.jpg,ISIC_0013340_segmentation.png,09d5676ebfc59eabdc969fd886b2740adfe2ed5ebfe680d793949e12c2c8059f,0.190241496,0.999833638
train,1121,ISIC_0011358.jpg,ISIC_0011358_segmentation.png,a3e173e7e2d249e8b4336a78b186590d8992559a99371dbafbcef9cca0dc4e32,0.211491903,0.999901381
train,1122,ISIC_0011128.jpg,ISIC_0011128_segmentation.png,1a2a051135516ac03b1383b64ce6e045b76efc42127a22c45fc7440c92161447,0.214035034,0.999832315
train,1123,ISIC_0000900.jpg,ISIC_0000900_segmentation.png,4f608b9a975896abacc2f6e04cac4dcbeb09b43df63d29dfe0f66e64448eed6b,0.254623413,0.999879777
train,1124,ISIC_0014502.jpg,ISIC_0014502_segmentation.png,c0d9ee9b180c1653e1cae9ece7556cae0981d366e547cd266fad80ca9645ca29,0.094645182,0.999871771
train,1125,ISIC_0010490.jpg,ISIC_0010490_segmentation.png,b60af31527b2c4863f5429560b238896c0f8253a7d8f711995194bdeac1c95a2,0.074005127,0.999874774
train,1126,ISIC_0015353.jpg,ISIC_0015353_segmentation.png,f82fc694f244e107997c57596b64b0eb2d11ffd564b6e91f9c7ef15e9259be3e,0.654617310,0.999781583
train,1127,ISIC_0011347.jpg,ISIC_0011347_segmentation.png,d11e4443d651c8fd70f83b47a6936443597be07c53d69e96940557c659d2bc2e,0.230784098,0.999832088
train,1128,ISIC_0011140.jpg,ISIC_0011140_segmentation.png,d0054c4b570d96cdc34f5fb04f13a7346006841f9582f9a534dcf57f2c254968,0.160110474,0.999842786
train,1129,ISIC_0000056.jpg,ISIC_0000056_segmentation.png,6e0c9a6f40a9036e76574bc09b04ea5382434185941c8b02dc151e1f7577c61e,0.111933390,0.999943254
train,1130,ISIC_0008256.jpg,ISIC_0008256_segmentation.png,e51b6d1b63d419d4d4f1fd8d8eef736267ab90917a228992b4553f8a35a5d86a,0.214843750,0.999922291
train,1131,ISIC_0013828.jpg,ISIC_0013828_segmentation.png,da210f2b47747327c8ed0f002508e4e06d4fd1638c3435d912578c7a31948fab,0.262654622,0.999703334
train,1132,ISIC_0010458.jpg,ISIC_0010458_segmentation.png,f8c6c4e2352aaf47c7c54d6b8fe45c4892dceb7311220c56c5b081705630408e,0.160166423,0.999645169
train,1133,ISIC_0013644.jpg,ISIC_0013644_segmentation.png,e33a0fcba6b7363528723ca6e556d0421c92db494510ac2c894b2440b62d216a,0.238698324,0.999732128
train,1134,ISIC_0014838.jpg,ISIC_0014838_segmentation.png,612c37653469243293bd773ffb19c31f2b7d639fadfaa1157adf16bdc597d497,0.385523478,0.999924845
train,1135,ISIC_0013034.jpg,ISIC_0013034_segmentation.png,783adaeaede50e7df4c3840a5ae770f33cfcc82bbbdbdb3f92186e4958321524,0.239863078,0.999807692
train,1136,ISIC_0000152.jpg,ISIC_0000152_segmentation.png,47239ffc6e0b36e2eed1e8684c6c272ab5e9f79469457f69d589c2c8f1007deb,0.138127645,0.999958301
train,1137,ISIC_0014786.jpg,ISIC_0014786_segmentation.png,96e2bd150300e000bffb9c0893c130a7e7333fac2dce74698485624d16613417,0.464777629,0.999907709
train,1138,ISIC_0000206.jpg,ISIC_0000206_segmentation.png,283f874d41a6fa4723d50a5c03df3b8dec42b2ee042e49452af58e303f1fe8d8,0.191960653,0.999954590
train,1139,ISIC_0000518.jpg,ISIC_0000518_segmentation.png,724f45ee56a4dfc993f487f10b1bffc5c2da6df40e4c47f8bb1e0693a09f364b,0.402786255,0.999818160
train,1140,ISIC_0000202.jpg,ISIC_0000202_segmentation.png,aae0f7cb793878642dc44b606701290c8c5b652fca6c0fabaa7833da048ccbc7,0.227640788,0.999956432
train,1141,ISIC_0014946.jpg,ISIC_0014946_segmentation.png,a286d54b1b122db4e110db24850acc511bd46992928b0413af0ac3a2a2f617e9,0.536122640,0.999904094
train,1142,ISIC_0015005.jpg,ISIC_0015005_segmentation.png,0cd5ccad57fa76ccd9aeb078921baf7e4c45ab0c97ac512c1403e73f6bd0dd47,0.406356812,0.999930658
train,1143,ISIC_0014770.jpg,ISIC_0014770_segmentation.png,adcc96de8ace4706224fc5610b0b006a2cf777c01e614e6c5e3911b3c86e4760,0.547215780,0.999803626
train,1144,ISIC_0009897.jpg,ISIC_0009897_segmentation.png,c6f93a3bc161ddc1cebc4f6ae42332e0c34f45a09cd854688f02c12e8f7c3bce,0.184941610,0.999966826
train,1145,ISIC_0009895.jpg,ISIC_0009895_segmentation.png,07693b02254d83e45b8f4450e870508c334220773d565c7b8b009bc397b1ade2,0.282918294,0.999875574
train,1146,ISIC_0012306.jpg,ISIC_0012306_segmentation.png,5389d2be91d31e82835f5edd3f685d6ae9b2dca6f3f074b68ca60195b297c555,0.193216960,0.999826559
train,1147,ISIC_0013121.jpg,ISIC_0013121_segmentation.png,ff4038556f2267b76133d8a26acf2ee3ac160e6152f4bc839f29c0758806714b,0.233479818,0.999816631
train,1148,ISIC_0010038.jpg,ISIC_0010038_segmentation.png,a3ebe4547b06382764d4701e08d47a09ccc0c89521cb1687fdeebe01debea536,0.149795532,0.999899054
train,1149,ISIC_0014289.jpg,ISIC_0014289_segmentation.png,63a45fd58f52fad3db24aff53a5df7471dc8ad673aeba39cd62f02f0d9d9c241,0.128265381,0.999938091
train,1150,ISIC_0016035.jpg,ISIC_0016035_segmentation.png,9b8686f1bcc78ca68c8d0c108b716174476e90dab5aaca8144ff0bed68598538,0.240697225,0.999377936
train,1151,ISIC_0012725.jpg,ISIC_0012725_segmentation.png,99ef2642798db00bb699d0e456b71b210c9fce55375577199e139c33b8d42d5c,0.205022176,0.999653737
train,1152,ISIC_0012094.jpg,ISIC_0012094_segmentation.png,dba0eca2373b2c36c03a275906142e5b90f8fa16039743c44cf67096d768e2e6,0.185480754,0.999678978
train,1153,ISIC_0006612.jpg,ISIC_0006612_segmentation.png,0216226bfe1dda650bf9e9fd6648aaa3ad34aab149110cad2680b7abdd83f736,0.202555339,0.999910101
train,1154,ISIC_0014136.jpg,ISIC_0014136_segmentation.png,d8bd6be4838e184907e535bc4432ebacc5b5e0a03bde185fe4029584a25dee85,0.135187785,0.999959616
train,1155,ISIC_0016037.jpg,ISIC_0016037_segmentation.png,272f2971442ac6fa515667833ae3027b9c11c9278be830332e998c80dd6e3514,0.235666911,0.999519581
train,1156,ISIC_0015982.jpg,ISIC_0015982_segmentation.png,a57b544d083ee18eca0f4a08295843a32c430a88957a19b9c4562c80552f11e6,0.141871134,0.999668471
train,1157,ISIC_0000542.jpg,ISIC_0000542_segmentation.png,8465d7a05361abec32235d375f46e66d44f3faa569317cc459487a0ab727fb7e,0.145634969,0.999934759
train,1158,ISIC_0014037.jpg,ISIC_0014037_segmentation.png,f3af5258aa039d4b6411e01aa71382e55bf7ce1950253d837d7b60af92b111ae,0.260848999,0.999885460
train,1159,ISIC_0000511.jpg,ISIC_0000511_segmentation.png,f0c4155b49188f9474808b3d61c620a58b887b093ba603ab2764a28dd9a958b5,0.233205160,0.999933965
train,1160,ISIC_0014080.jpg,ISIC_0014080_segmentation.png,97105fc8bf182b47e9f465fbc5bd5e34fcc5ec6dd50b6d7d88aec8ee128b18d2,0.137476603,0.999844481
train,1161,ISIC_0014353.jpg,ISIC_0014353_segmentation.png,1ffac5eb28093acddf698038a011c7a1ffa26f20ec6c41dc7e33bb91e520180f,0.162211100,0.999781104
train,1162,ISIC_0015125.jpg,ISIC_0015125_segmentation.png,314cddf1792cf854297b3aa3053fc27e127d3b908a1840f1dcfcb1a3b0344f6d,0.609166463,0.999876688
train,1163,ISIC_0012206.jpg,ISIC_0012206_segmentation.png,c3489bceb94dac1be945b301632d4eb85e9a834c8bbaf63d10388154411aed4d,0.458623250,0.999717102
train,1164,ISIC_0012737.jpg,ISIC_0012737_segmentation.png,4690e0454804e8776b4caaeaeaae92df56945a9cef85951f5c75d74781c3a2ee,0.144694010,0.999756330
train,1165,ISIC_0000214.jpg,ISIC_0000214_segmentation.png,f6d0904f680232e68475dc15b1fe935c4e85817e017a5890fc38dce9bdbb197c,0.286229451,0.999962947
train,1166,ISIC_0000147.jpg,ISIC_0000147_segmentation.png,a151b14946f452b4b6eed1e2b9d008019b29a0229cdf493d591c2d295bd79c40,0.000000000,1.000000000
train,1167,ISIC_0013219.jpg,ISIC_0013219_segmentation.png,b4138e016fbba9d8aa0970c24e88c5aba58e9e3ce6c76bb910aea6a750da22a2,0.138844808,0.999644628
train,1168,ISIC_0011393.jpg,ISIC_0011393_segmentation.png,68e07b684311ba793ab4f57727a35ec5b0cc0e81e204aa2fac21125a21f18fbe,0.410964966,0.999880896
train,1169,ISIC_0015089.jpg,ISIC_0015089_segmentation.png,02657a800287dd06fd99af28eee1eda33413ebd89a574da42279e17eb9e9b608,0.702326457,0.999872054
train,1170,ISIC_0000069.jpg,ISIC_0000069_segmentation.png,9fe9cbb71476f74048c816baaf2d7d6933ab76ee8b1ed35649d769c052a6567a,0.109608968,0.999957895
train,1171,ISIC_0003308.jpg,ISIC_0003308_segmentation.png,e59cf263d4a7a2f2895d797d259be48ccadd875b02cc8f86efc59567c6fc3aba,0.326538086,0.999871240
train,1172,ISIC_0013499.jpg,ISIC_0013499_segmentation.png,263ee7a4f5b93917b66803e456f864e15a4eb4484ead42d5447d11f9eae4ec86,0.216013590,0.999851138
train,1173,ISIC_0012372.jpg,ISIC_0012372_segmentation.png,8913790373a71aec4f133e4a874364b2ab4f379c1d19bbc67edc45cd608f6593,0.239878337,0.999778626
train,1174,ISIC_0015142.jpg,ISIC_0015142_segmentation.png,cf7ddd5e8b8fca8646555fee43ab368f92e04188a4ccb06ee88d9b61cd7ec1f5,0.581893921,0.999908106
train,1175,ISIC_0013294.jpg,ISIC_0013294_segmentation.png,87ab9e76e2331f5e6781a2a5c23577ef4c11721fa16f592a91a022f03eb2dd78,0.205001831,0.999706933
train,1176,ISIC_0012657.jpg,ISIC_0012657_segmentation.png,33a9d1d55ebb78ecfc43dfa8c52956c226b85004e9d5088a0fda99392273a8cf,0.352818807,0.999645594
train,1177,ISIC_0000515.jpg,ISIC_0000515_segmentation.png,4734d69a8072a5a01ce1fd55ab2768ec6e2016b79aaf72fc2f7615316ff5b269,0.209854126,0.999909699
train,1178,ISIC_0000346.jpg,ISIC_0000346_segmentation.png,218e70d86d19b423be2bc254c8a35976b140fc5537ccfb356ea34c8fe6cd08f9,0.000010173,0.999999998
train,1179,ISIC_0010347.jpg,ISIC_0010347_segmentation.png,e8c75b4373804ace2f6165ce753c7ada9cb34046db94870ed53f0aba538d1422,0.142171224,0.999857415
train,1180,ISIC_0011295.jpg,ISIC_0011295_segmentation.png,e22978766b5de5a7f3042b5964ef727bab2b55b0a4c1147c3cf97c742d268dc1,0.331710815,0.999889724
train,1181,ISIC_0011204.jpg,ISIC_0011204_segmentation.png,f069f492c21b03940d9e364b72924c69f0a28589214ee8de5df008b4db0d0795,0.284159342,0.999766895
train,1182,ISIC_0010264.jpg,ISIC_0010264_segmentation.png,2eed669a1e0a8fd31ce064f2cbd7826263cc0296796ff2f1cb770ef9748c5fd4,0.224182129,0.999864625
train,1183,ISIC_0014743.jpg,ISIC_0014743_segmentation.png,4a6bd7f078c3338d8a2e3d0b13c99efc6491fd32027aac0db63b60c9069be790,0.482676188,0.999897249
train,1184,ISIC_0011383.jpg,ISIC_0011383_segmentation.png,2bca1fdc923744cd0513d165285b0ef402ec83b371490233622a19ddc9e86872,0.129745483,0.999931224
train,1185,ISIC_0014731.jpg,ISIC_0014731_segmentation.png,ee0f20166586f4edb954927bb6e9ccabc758d21d10e8407ae10ff3f70f421eaf,0.344370524,0.999941000
train,1186,ISIC_0015144.jpg,ISIC_0015144_segmentation.png,8bdd7c7864be18b1cc8b7b41432e56a6f24eff5a47be220a3e1c61db914ee174,0.515462240,0.999875994
train,1187,ISIC_0013977.jpg,ISIC_0013977_segmentation.png,4051ccc7c8b6eaffc110292fcd508e8775adf477ef31e7d3a321a91799524921,0.194005330,0.999760727
train,1188,ISIC_0000552.jpg,ISIC_0000552_segmentation.png,cff4d26edd5877d1bf2039b0094a32091b74647443ab4e1f22667c97f8c709a8,0.323806763,0.999898910
train,1189,ISIC_0000035.jpg,ISIC_0000035_segmentation.png,e635aa7ffa97d40b1a4030c03ee4724205179e32a17fbaa3dad4020ed401618a,0.170618693,0.999952364
train,1190,ISIC_0009936.jpg,ISIC_0009936_segmentation.png,1da668b70c346274c86dbaa698a1022b69f3c0a6583fdd404370afc34c847baa,0.063268026,0.999789587
train,1191,ISIC_0000203.jpg,ISIC_0000203_segmentation.png,8fac25e5f49f5cee3f17683c0e2b1badb4d2f632dd370b6874739aa38c3a2a84,0.258906047,0.999958334
train,1192,ISIC_0001367.jpg,ISIC_0001367_segmentation.png,ccb269213a4f4320c3d5e4b76b2aedd98807f0d30478f3fe34b03bdd4a737422,0.297790527,0.999819218
train,1193,ISIC_0015041.jpg,ISIC_0015041_segmentation.png,e386240ce96bd183d41a40441c86a1b352668879d804c9f0bb4fcab1b96c9590,0.401275635,0.999908443
train,1194,ISIC_0015060.jpg,ISIC_0015060_segmentation.png,829a97183352fa9af1ef341d54115c8726d31578b29bd351faecb5366b5a9198,0.448308309,0.999876656
train,1195,ISIC_0004115.jpg,ISIC_0004115_segmentation.png,ca4c415e67d9e8a0ad1da817b16d44ca3169bb79ba053d835536ed9e66c386f7,0.219329834,0.999936691
train,1196,ISIC_0014066.jpg,ISIC_0014066_segmentation.png,7a5534994be1c5f4ade73a95e80c5d19525f0fbe6642f2cb41f8823725f1b997,0.142791748,0.999724680
train,1197,ISIC_0011099.jpg,ISIC_0011099_segmentation.png,a1bb3794e7a0382cfe4fdbe8fd3cb565b184183d3b1b41773c0718235f0aad46,0.283620199,0.999821407
train,1198,ISIC_0010105.jpg,ISIC_0010105_segmentation.png,5e70ffae02e66c453d959b505139a5e2ddb8e812f69421612d82bdf0926c42c6,0.279505412,0.999831749
train,1199,ISIC_0010043.jpg,ISIC_0010043_segmentation.png,7b6e2d51d40395fc7464892584cbbd687cd1545033504216898fb89163aa5a5e,0.128646851,0.999871502
train,1200,ISIC_0000514.jpg,ISIC_0000514_segmentation.png,a94c66afb41ae9d7ee29446236aa005d43c1ac1f6d7f8cafd9b8542d0ce0e57e,0.278844198,0.999827280
train,1201,ISIC_0015418.jpg,ISIC_0015418_segmentation.png,aec3504a81f0ae8695c8746f61b3db367e86f288069b01554b33c6aa585ee446,0.513931274,0.999874492
train,1202,ISIC_0012905.jpg,ISIC_0012905_segmentation.png,d7514321460813d399850ce7cc32e84c98bd8b58582aab83a2863021d85e4147,0.095118205,0.999902353
train,1203,ISIC_0013086.jpg,ISIC_0013086_segmentation.png,26eed20f87c1231a3d4a0a24be3b05e1d11dca5b0080f0539f48401d9c26367f,0.129506429,0.999761919
train,1204,ISIC_0006021.jpg,ISIC_0006021_segmentation.png,ada3e0e8d8fd315e9ed55f0e8b95cb152c8f929ae4c8d400432b38715cdb38e7,0.093551636,0.999927870
train,1205,ISIC_0014664.jpg,ISIC_0014664_segmentation.png,9025ec2e0305f8830bc10845673df0884168d5bc31de13ac23354ad9e39345d5,0.421025594,0.999925291
train,1206,ISIC_0012961.jpg,ISIC_0012961_segmentation.png,fdc542a1cee6f08795455a6ebd1c76ffb23325b8927234622be634038c584419,0.208552043,0.999836047
train,1207,ISIC_0000047.jpg,ISIC_0000047_segmentation.png,b6efa10def28c28934517c2df0a46359a00ceed525b4c58732fe7a1c42bb8a6d,0.064610799,0.999981572
train,1208,ISIC_0010267.jpg,ISIC_0010267_segmentation.png,4ab2f60173df785e7180dd9b001aa571215b6a431fa93123c000a0fd622d3c11,0.222503662,0.999828204
train,1209,ISIC_0014685.jpg,ISIC_0014685_segmentation.png,aaf5d92ab04e284cb22f4b1b765f6071a409fd25299dac1958f2aa1e1218a72e,0.525192261,0.999752530
train,1210,ISIC_0000525.jpg,ISIC_0000525_segmentation.png,31845a5e3137d9ae23491a128bb7215063a62600cc89b2043fa44132293e8caa,0.266799927,0.999915155
train,1211,ISIC_0011092.jpg,ISIC_0011092_segmentation.png,f140e1a65963a93bf34ca25a0ed23fda4f6b1b7badc993db56580a86966040e6,0.137405396,0.999899093
train,1212,ISIC_0012701.jpg,ISIC_0012701_segmentation.png,6d5681476986ae09dacbca9ad754eec17e637258c56f3ce8f83d6d8aa2c78f93,0.180765788,0.999830801
train,1213,ISIC_0000208.jpg,ISIC_0000208_segmentation.png,e0d53bf91caf3b2ba7f956d3acd39d942f6edd301d63f6d74207cfe7a1f329bc,0.226643880,0.999962192
train,1214,ISIC_0012134.jpg,ISIC_0012134_segmentation.png,b3c947edbcab40e0abceea3900448a1017cb8000eca2707d56968c39c073d479,0.219584147,0.999731405
train,1215,ISIC_0010194.jpg,ISIC_0010194_segmentation.png,38da82bb08fcb21c8f5bc7599c78e9eede6a7e2a1c803887705e272273e743b6,0.216130575,0.999864783
train,1216,ISIC_0011341.jpg,ISIC_0011341_segmentation.png,b596868373e30c3701462428bbed8c06c12fc1db563aecf22ed10978b7fa7cdc,0.205393473,0.999895870
train,1217,ISIC_0014255.jpg,ISIC_0014255_segmentation.png,5fba62397e46ba481b3f92ddc214f54fffdbef1ed0d4a37a3c5c84b52ae20688,0.149551392,0.999882618
train,1218,ISIC_0014846.jpg,ISIC_0014846_segmentation.png,733a21def37044be3703d05aa37bd98d08a4254f64f33c3b81e2e828d032e1f3,0.364257812,0.999956967
train,1219,ISIC_0013792.jpg,ISIC_0013792_segmentation.png,e84454648ee178e41a756329f77bc8a4b755a60a16ed01131c772f8dfab88191,0.352310181,0.999794515
train,1220,ISIC_0014526.jpg,ISIC_0014526_segmentation.png,2cbe5d271379da65c3631241c133a1666a9def918ea9eaab2d376f687330c749,0.120783488,0.999882234
train,1221,ISIC_0006815.jpg,ISIC_0006815_segmentation.png,066042d5088442ea9658c8a3adcdbd9e9efa472d608177efd46f32939b2d665a,0.250773112,0.999877331
train,1222,ISIC_0015171.jpg,ISIC_0015171_segmentation.png,7875bafcb44bc9107deed8a1b5665fdad13b38c3722601e3c2d030f4a8df1dcb,0.520436605,0.999886234
train,1223,ISIC_0013721.jpg,ISIC_0013721_segmentation.png,25432393df7632468bda2eadc1ea23e2b9d8739d6b02829b7c663d50fb37b89a,0.256195068,0.999830446
train,1224,ISIC_0013525.jpg,ISIC_0013525_segmentation.png,41217ba403e2043fbc95f44848504ee3d522af06fdb23200348c884c64b18b85,0.177724202,0.999841301
train,1225,ISIC_0012672.jpg,ISIC_0012672_segmentation.png,81301b8490693f8bdeda0b660e000cded083cb90e72ee0289fb6efb05a2bedcc,0.066157023,0.999912867
train,1226,ISIC_0014349.jpg,ISIC_0014349_segmentation.png,0bca2a226828b0566fa5b651e8fc0315d90c2822f13086d30d7e554d7eb46e3c,0.109720866,0.999936548
train,1227,ISIC_0011384.jpg,ISIC_0011384_segmentation.png,cd79648292285d27d2e4af94dff0cfae05fc042050dcaabc105072778c95399e,0.191324870,0.999877485
train,1228,ISIC_0013953.jpg,ISIC_0013953_segmentation.png,1c04ad7704a66d580e8ab4a65a4afcde503a35a907e6f49cef7e60e8ac99d77f,0.214202881,0.999887103
train,1229,ISIC_0012510.jpg,ISIC_0012510_segmentation.png,8c16bf5a8796f7c4e42cff00d6b1710367adb0e2bbe4d4d2722d9e540c0ee33f,0.126627604,0.999863785
train,1230,ISIC_0015357.jpg,ISIC_0015357_segmentation.png,037aaf3db4993b624c2d65979e1aa99e646720a4728093ef82963bf0ef3813a8,0.529256185,0.999794284
train,1231,ISIC_0000534.jpg,ISIC_0000534_segmentation.png,691a741998bd72f8c25418e2553a91796e1426b5d671b39b9b7ccf48d8f7f1c6,0.136693319,0.999970218
train,1232,ISIC_0013047.jpg,ISIC_0013047_segmentation.png,949734df33ae2f9351d12a356ac0f4c5254c0a2e79d1bbb226b74f97f868e336,0.231435140,0.999891014
train,1233,ISIC_0000048.jpg,ISIC_0000048_segmentation.png,d6a36f261859955cae781f6f1a837071e25b9e4941425f9c114c990ef04a673a,0.154454549,0.999957067
train,1234,ISIC_0014755.jpg,ISIC_0014755_segmentation.png,cb46c305490f88afea432dc38048a96dd536580757aafdca36bdc45ce0bc6619,0.414728800,0.999924215
train,1235,ISIC_0008280.jpg,ISIC_0008280_segmentation.png,9ee14264f69ec4c55ec13c7d8c8191b43851aecac1a4f723a11ab1e0730121be,0.250620524,0.999940771
train,1236,ISIC_0013224.jpg,ISIC_0013224_segmentation.png,65756fa1622e09288f7f856903a0fadb7ec5bbbedbc37f5cff5529959f6896bd,0.109736125,0.999767613
train,1237,ISIC_0010256.jpg,ISIC_0010256_segmentation.png,89b7ded73a16fd854bfcdf57e75a4a5af1ee3ea3e30b920850cfff9e75afc2d1,0.095179240,0.999812285
train,1238,ISIC_0001204.jpg,ISIC_0001204_segmentation.png,ef0a43a441405f9212f92372bee7fe46e46b4f2f12d4692993ab611ecc02eaaf,0.234115601,0.999777704
train,1239,ISIC_0015133.jpg,ISIC_0015133_segmentation.png,82d0096483380344683cf4f742c19fc737082dd6ee62cbc07a1d09d228787609,0.434448242,0.999947239
train,1240,ISIC_0014059.jpg,ISIC_0014059_segmentation.png,500ba0ef81bbf7b924959ad3fcca53a63cb330f46357f9330a12a922b0562c67,0.114323934,0.999868803
train,1241,ISIC_0013235.jpg,ISIC_0013235_segmentation.png,7553003a5faa34025718aab8ee8a08114e774607702fa71aedf59979c889bbf5,0.155827840,0.999870668
train,1242,ISIC_0010850.jpg,ISIC_0010850_segmentation.png,a628f7fc05852e239c521d81cddc32848e3e98367df24ef9b52d7c3915fb43b0,0.252670288,0.999857920
train,1243,ISIC_0014941.jpg,ISIC_0014941_segmentation.png,f0fbada2ef7e3fd365f78bcdbd23c84e0b3d611e9ac1e645aff124529ac2ebcd,0.740320841,0.999741400
train,1244,ISIC_0014932.jpg,ISIC_0014932_segmentation.png,21b18e850e14d1f9e83c7f53faf63af312047fe76a06e679478f86c1e609094a,0.761362712,0.999796426
train,1245,ISIC_0000882.jpg,ISIC_0000882_segmentation.png,08e69c7490cbb9b725b8f00924ae34d612d69a5bca39e515c61f6e2edce6c0a4,0.229665120,0.999854214
train,1246,ISIC_0010240.jpg,ISIC_0010240_segmentation.png,5c115f009ecdf696bf680cf0e536e39f00d3aa5688a2df1c9a24f5f605723858,0.250717163,0.999875627
train,1247,ISIC_0012549.jpg,ISIC_0012549_segmentation.png,20bb4f913a7824d1cda99eee20b29b33dba8db2dc7642fc7b8d68e1fe112281f,0.180496216,0.999929425
train,1248,ISIC_0000169.jpg,ISIC_0000169_segmentation.png,3745917d811a29546da1ac2a5b8408a38b76f8ca28ae0f463136bba01543e9ed,0.250920614,0.999954561
train,1249,ISIC_0000028.jpg,ISIC_0000028_segmentation.png,6ece6df9b3b6591bd011d4fcfc357d8d8fc8d501e9293da536436a354f5825d3,0.073613485,0.999982892
train,1250,ISIC_0000416.jpg,ISIC_0000416_segmentation.png,0e675e74b8020ef8b12f6b34a08550fd86a1104deb549667527f7fb4a65619d7,0.121414185,0.999922712
train,1251,ISIC_0015158.jpg,ISIC_0015158_segmentation.png,ce8710ff9d57e4bb47966044c5cdda11bbaf5dd7c28de78a1157bce8103be385,0.399063110,0.999861062
train,1252,ISIC_0012679.jpg,ISIC_0012679_segmentation.png,f5bb4246cb85238a5f0561f009be7a50111772a5c5821b12dbcde0cf55c03ee7,0.177454631,0.999854960
train,1253,ISIC_0011112.jpg,ISIC_0011112_segmentation.png,adf9441487ea772b94f70485240daf5961fc4b3816ba685a0208be20e7b65ea8,0.396860758,0.999880730
train,1254,ISIC_0013518.jpg,ISIC_0013518_segmentation.png,2ac7a5177f5273a0ac29da607da041b5162013e6409c0c4f94803195add8d1e1,0.491551717,0.999061336
train,1255,ISIC_0013306.jpg,ISIC_0013306_segmentation.png,1be5fdae60e751841123a301af06901b09594c01ea3131b919ce36e71322a6c8,0.233769735,0.999881308
train,1256,ISIC_0012224.jpg,ISIC_0012224_segmentation.png,2357fa8d81e47ff003cdbecfdc9b0bdd8c9974aa851fd9eb7096d6792547afa6,0.223821004,0.999778091
train,1257,ISIC_0014910.jpg,ISIC_0014910_segmentation.png,8f68d4874fa2c09059896a23d69a6268cf68cefb11710719c23ba2d7e9b65ba2,0.559605916,0.999913243
train,1258,ISIC_0009201.jpg,ISIC_0009201_segmentation.png,1c044edbfff67126d321eb5f7885da8b924b7d9f924a6598d916efd1741ee9ce,0.222595215,0.999828410
train,1259,ISIC_0001119.jpg,ISIC_0001119_segmentation.png,ecd812c982b275fa772f707f364179d9baa4ed8616dbe6edda576c19ef27639b,0.146784465,0.999760122
train,1260,ISIC_0009991.jpg,ISIC_0009991_segmentation.png,27a9a22a82716386f75db4d3e6ce034b6f0f9db91435d480e53b27476af28799,0.168782552,0.999948216
train,1261,ISIC_0012425.jpg,ISIC_0012425_segmentation.png,8cfe84344ed33fe417462f50296dab28acfc315f6d8cd77006959d566bbf7399,0.255299886,0.999535928
train,1262,ISIC_0014299.jpg,ISIC_0014299_segmentation.png,6883fb86d54a4b3d283ea4b2aa1c459f9da83676b6c113cad36c3ea2f31cd787,0.135208130,0.999897132
train,1263,ISIC_0013205.jpg,ISIC_0013205_segmentation.png,cdf8d5ca44ca3c138365f6234aafbfa19d0d56c0e7f36468a0c3f989457f9247,0.211212158,0.999770712
train,1264,ISIC_0014929.jpg,ISIC_0014929_segmentation.png,7405f7f5b09402e8bd5a7ab4adbdd8f55433e22c5417abd62b071499b13f32ca,0.729283651,0.999709587
train,1265,ISIC_0009945.jpg,ISIC_0009945_segmentation.png,06fc496c01dba0d90c2282e97e58da09307670fff2ec72c225ff727088ecdbc1,0.249333700,0.999820272
train,1266,ISIC_0012726.jpg,ISIC_0012726_segmentation.png,ca3eb7f9170d1c8e0e501078bccd2345cab177289bd7165d241928a84c082162,0.207733154,0.999575385
train,1267,ISIC_0000367.jpg,ISIC_0000367_segmentation.png,d2a7d130f800e9f597b355d2fd99790a2ed2eb6b99f7a581a9b221794f263879,0.000000000,1.000000000
train,1268,ISIC_0010340.jpg,ISIC_0010340_segmentation.png,e2f07c20ee780466f7ffb0b515f5543af21c7d70cdf9dd38a542ff862c15a876,0.093744914,0.999964097
train,1269,ISIC_0012880.jpg,ISIC_0012880_segmentation.png,8fdadee0b5e1c1d9a98e7aa509abd91c856fe31c63088a1ca91124d5a95d7220,0.200266520,0.999737245
train,1270,ISIC_0011297.jpg,ISIC_0011297_segmentation.png,57b0050039792700dbe551def91c2133756183357a3b5c935c4f4ee52c8747bc,0.165232340,0.999827913
train,1271,ISIC_0014855.jpg,ISIC_0014855_segmentation.png,f9e3e264132e6ce7a2cea557a84db183300e9254f74559dba5cd337a539773d7,0.540878296,0.999766918
train,1272,ISIC_0015040.jpg,ISIC_0015040_segmentation.png,2f264e350e30b868e34a5d77e4b19eac0a0ab7d8bcba3ba43951893151fdcb8f,0.418848674,0.999896999
train,1273,ISIC_0012856.jpg,ISIC_0012856_segmentation.png,3dc404e60204c9e22ede153f54e27863cf6c46ae6c39b5e14313b904aaea2a03,0.161478678,0.999778501
train,1274,ISIC_0000236.jpg,ISIC_0000236_segmentation.png,106c4b01f1a2138f19c28358b9a2af28e91872ffc5c4bbb0fb1f239efc43c893,0.108006795,0.999986298
train,1275,ISIC_0000310.jpg,ISIC_0000310_segmentation.png,4bdde72a605095c8159120e16a85854978040f0712465dc0390b0b9a3242cd93,0.000000000,1.000000000
train,1276,ISIC_0013063.jpg,ISIC_0013063_segmentation.png,f526fbd7e8003440b19bd887da502c384a15a88b175b79b963c47d1895591104,0.236317952,0.999774259
train,1277,ISIC_0014790.jpg,ISIC_0014790_segmentation.png,7428418f0ad67e63a8902cdd2c9808035d52ecf34dd72728bbf040c8cfe188b3,0.336853027,0.999844340
train,1278,ISIC_0000328.jpg,ISIC_0000328_segmentation.png,997ffc2d45210609def06d3c91f53dfcf6e9b76263e710248870a81f2b058e18,0.000015259,0.999999997
train,1279,ISIC_0000254.jpg,ISIC_0000254_segmentation.png,b4f9cbb2cfe80a3d9e02f5ee97529113c54d8a7e487d3ccde722ddbc5a3dafbb,0.115849813,0.999971637
train,1280,ISIC_0012222.jpg,ISIC_0012222_segmentation.png,9900c5c5100e36066e01586bed2bdf45fbe716c3d16c7cc2ecc5cb959019bb3e,0.218526204,0.999809569
train,1281,ISIC_0015110.jpg,ISIC_0015110_segmentation.png,cb861156f699edb1bfc352a00e92f9352f3062c47fcb0b52a9fe4767f57b2783,0.693806966,0.999841001
train,1282,ISIC_0013835.jpg,ISIC_0013835_segmentation.png,c0ad0be81d8ee3421eaf041515bcb0964659108824b3de969ed6d13613780f46,0.256591797,0.999552747
train,1283,ISIC_0014046.jpg,ISIC_0014046_segmentation.png,e9744b02ab0dff934c9da6dc9d6bf3d59e0545e0e88780cb80b90595346f401b,0.147633870,0.999697007
train,1284,ISIC_0000408.jpg,ISIC_0000408_segmentation.png,98ae38d87e25cefd23a5594339dffc65a2060d2efb6aae3c0a877ad2ee45c084,0.104721069,0.999965658
train,1285,ISIC_0012538.jpg,ISIC_0012538_segmentation.png,ce0232cc29bbcd74947e806254ad5d25effec92f1011615d1ef925ba231f530f,0.191390991,0.999633000
train,1286,ISIC_0013089.jpg,ISIC_0013089_segmentation.png,36c5a955d935d5893facf5b8cbf913f06d25d38052be0f307a81698086f0fd51,0.256795247,0.999710196
train,1287,ISIC_0000036.jpg,ISIC_0000036_segmentation.png,a2c5b160af8c3894ad776fa83a9febb4b78e8cc11e4a3d1ff5c18a33de118d87,0.162114461,0.999983322
train,1288,ISIC_0000503.jpg,ISIC_0000503_segmentation.png,ca9a43dd32de03c3394e67948ca88ccb1a63b9dfb849ea1fd3246a2b2f0378db,0.211008708,0.999919367
train,1289,ISIC_0015645.jpg,ISIC_0015645_segmentation.png,c85f2188073cc3cd878a9779177cbfeb92c2712c0ad37d8dbe25d5c9e06f7ba1,0.345942179,0.999869414
train,1290,ISIC_0012167.jpg,ISIC_0012167_segmentation.png,27b8349261fe64cc2bdb79d32435589621a48419ee126b4165e86fefda9a8ff3,0.305775960,0.999866500
train,1291,ISIC_0014327.jpg,ISIC_0014327_segmentation.png,e068393936efc08111d47f940a12e6e397ec88edb42ea119f6edb7d7fcc2a803,0.146352132,0.999829124
train,1292,ISIC_0010607.jpg,ISIC_0010607_segmentation.png,58167c5a3a0b5fe0fe0ebb4cef37fe67c61382c087944c60ceae8e1f3c58687d,0.113403320,0.999912548
train,1293,ISIC_0010452.jpg,ISIC_0010452_segmentation.png,a7f13ac46f85afa305875e6f408d681ac2a25a70df2fdd12476a198eb1ff84ac,0.273854574,0.999883657
train,1294,ISIC_0002438.jpg,ISIC_0002438_segmentation.png,22d7a590c47451ca4e28f1301ca37bc2d6dd3ecb4d504938b3a94fe66cc4d965,0.306076050,0.999900162
train,1295,ISIC_0001306.jpg,ISIC_0001306_segmentation.png,7d3d80fdeb66dce61e3cda01ebbc84e78c49e4fa1de7732d8ffdabc2d0465630,0.294804891,0.999710350
train,1296,ISIC_0000530.jpg,ISIC_0000530_segmentation.png,1b179f083497de7877f8106753a08a1c90e4e6b84b8a15239685e6f8bf027758,0.268636068,0.999865812
train,1297,ISIC_0000410.jpg,ISIC_0000410_segmentation.png,862dcbd5e77458822da95929340c417b829476153a58b38060a88cc2d0f6f987,0.121602376,0.999765905
train,1298,ISIC_0008116.jpg,ISIC_0008116_segmentation.png,6009b0ef366bde5a48658e3b2c90c933164c977098f56b2f71663d172a53acc7,0.248489380,0.999761483
train,1299,ISIC_0010009.jpg,ISIC_0010009_segmentation.png,e26d228d085d5b716a3bb31a46dbab6d363300cfc8888370e0b1c72a5de6e174,0.166834513,0.999914857
train,1300,ISIC_0012746.jpg,ISIC_0012746_segmentation.png,3c8b363a6844f690074fde5e7f8b67023702c6393ca8e1e2e1776e1a4e9457ee,0.194056193,0.999776745
train,1301,ISIC_0001871.jpg,ISIC_0001871_segmentation.png,fabe54c2d21a6c9ba70578069027d59e6c9788fad07bb5e2b120df654851238b,0.271601359,0.999900760
train,1302,ISIC_0000489.jpg,ISIC_0000489_segmentation.png,a67e29d8e1a19bf228e1d593bc9a5352ead29e0599b117faab3270d889f1ec85,0.196634928,0.999769542
train,1303,ISIC_0000524.jpg,ISIC_0000524_segmentation.png,1043d0ce951c6990ca0f895c5dca3afe21f70de3b203564c3b6d41651c4738bc,0.303415934,0.999925222
train,1304,ISIC_0013054.jpg,ISIC_0013054_segmentation.png,60151b4382925041e6feb0f3d387b9dcc1c8be9c4109ed3843ef1748dc85d0a5,0.230906169,0.999789284
train,1305,ISIC_0015044.jpg,ISIC_0015044_segmentation.png,f9f18d9d4d280e969788f1688bf29329b0bcb7a65e900a4c251ce03ced559524,0.398183187,0.999935286
train,1306,ISIC_0015020.jpg,ISIC_0015020_segmentation.png,f458fa63fd017b13865eea6babf214d99e89e8c8acc2ea89428b84e8b4e1796e,0.479146322,0.999830612
train,1307,ISIC_0000383.jpg,ISIC_0000383_segmentation.png,2e022402a511eb401d69695159f5e1d042052ade5a70b6f56ddb97f15881977b,0.091461182,0.999905913
train,1308,ISIC_0008992.jpg,ISIC_0008992_segmentation.png,56ceec2456e73b69a7566419551f88e30202b0a391f8365287459c5498d24a2b,0.223114014,0.999919846
train,1309,ISIC_0001152.jpg,ISIC_0001152_segmentation.png,c3a62d4dd6b227d5add3f78cd43578090ff3b1cf54a3e92f76fc12b384525be6,0.204813639,0.999895066
train,1310,ISIC_0000023.jpg,ISIC_0000023_segmentation.png,4cdf7928501c03e4b965ba03c75f1336ed13bc7fb850c0dd493205f861af5df7,0.080230713,0.999947999
train,1311,ISIC_0014431.jpg,ISIC_0014431_segmentation.png,a4ff23ccce68cdc90748ddabe53239c769c5b5d3e63164d01175890275a4ee4e,0.097305298,0.999892704
train,1312,ISIC_0000540.jpg,ISIC_0000540_segmentation.png,e9826501e497ce0469bc65466741bc436281c084fd333854d232ab205ea1a364,0.149658203,0.999959745
train,1313,ISIC_0009888.jpg,ISIC_0009888_segmentation.png,f5b61a3cdf328499dfe8accdc8ce28707780afb60b1fdf1550f93f6df5af9438,0.125137329,0.999871489
train,1314,ISIC_0012813.jpg,ISIC_0012813_segmentation.png,41157bff618b3c03408e3a09453472b6fed0d5948100cab1f8e7ceaa43997b75,0.188852946,0.999804458
train,1315,ISIC_0014366.jpg,ISIC_0014366_segmentation.png,2ee0e741c16b3699f1864c65a08bb6bc59757e2281826e5487efb9a0b7ce2fe2,0.152308146,0.999819441
train,1316,ISIC_0012742.jpg,ISIC_0012742_segmentation.png,13b06a3eede9ee17c34ecd6416998148e8cdefec990b31e558558431a2abe8c5,0.191101074,0.999600647
train,1317,ISIC_0000059.jpg,ISIC_0000059_segmentation.png,9b5f1e3526f20a210da0c5411a561d62830cd73f558f3411a144c186ffc97342,0.092468262,0.999973970
train,1318,ISIC_0011230.jpg,ISIC_0011230_segmentation.png,94f678609f9943036dd82fc32072350dd2d29ead073f324a66104d1e97d4ba6e,0.085057576,0.999934964
train,1319,ISIC_0013423.jpg,ISIC_0013423_segmentation.png,7e83cfba8c7d08aaf8578cc0e99a9f691c3d411c03ffe063ee8b37395eed648b,0.198582967,0.999782477
train,1320,ISIC_0011119.jpg,ISIC_0011119_segmentation.png,335124ce976127c9a9e004f193dbb2847957f702cdb3d8c0edff624d28da159e,0.116892497,0.999919987
train,1321,ISIC_0008626.jpg,ISIC_0008626_segmentation.png,3eb509c904460d2330f2598dae839ec3d6e5f7e0b1bdfdf8e1cfb647b3a4ee2d,0.184214274,0.999922718
train,1322,ISIC_0016004.jpg,ISIC_0016004_segmentation.png,a1e78b8d3cc3a2defcb2d29590e2d03cebc1405d3ea26023c50e39b9bd39ee68,0.201812744,0.999738058
train,1323,ISIC_0012257.jpg,ISIC_0012257_segmentation.png,75f568758e56b6f476d903d0eca1f7ae4f0bce35b09639ca712445ac54a3b7b1,0.254608154,0.999295263
train,1324,ISIC_0014820.jpg,ISIC_0014820_segmentation.png,5be33345b70da2496f15f47eda91d7cac05519c0e0ac4ba200915722dfabe647,0.483718872,0.999783316
train,1325,ISIC_0012191.jpg,ISIC_0012191_segmentation.png,3f10c90f5f3d76a12845c42fbe241727975972330fb14819e974f306f13c19bd,0.466013590,0.999719136
train,1326,ISIC_0015967.jpg,ISIC_0015967_segmentation.png,d419ef35591bf1c0eb554801f0e34f17b31a0fb9d5b1023bcdbad6a2b8630074,0.194290161,0.999875690
train,1327,ISIC_0000545.jpg,ISIC_0000545_segmentation.png,244e405a99733304a077b981be2068fc81157122afec55334447d262bcd06f85,0.072174072,0.999971073
train,1328,ISIC_0008207.jpg,ISIC_0008207_segmentation.png,0033fbeb409c0507ace466c4372c734a473d45ee40da2f9521b49b79df2163da,0.287907918,0.999931986
train,1329,ISIC_0013124.jpg,ISIC_0013124_segmentation.png,946f2b89e407bfaa19f9a78fbe82fd61f8865aa5e786cdc697bff5b23542417f,0.228098551,0.999837079
train,1330,ISIC_0012907.jpg,ISIC_0012907_segmentation.png,5ebd8cc41e61e7386676cd2256268bfa269af011ecb0c29db81a8fa254708643,0.114283244,0.999845151
train,1331,ISIC_0012455.jpg,ISIC_0012455_segmentation.png,d7d8f9a732feef95cbe2c3e8220702a7101bab6cfc091803491ced916d8a434a,0.236923218,0.999870288
train,1332,ISIC_0009938.jpg,ISIC_0009938_segmentation.png,b7534b48bc661217720e9479a26bc1d95b8dd93dd056a3ad6ee5850bbcfe0a20,0.188039144,0.999820950
train,1333,ISIC_0014522.jpg,ISIC_0014522_segmentation.png,3c108ceaca56f619105b63743fdd2c67526ab149838b57fbf6b645c488d35723,0.148081462,0.999851349
train,1334,ISIC_0014458.jpg,ISIC_0014458_segmentation.png,b7712d2b9ceba24e80377b103c73d10298afbf62bf3120d6370d03b70f44e9f0,0.112289429,0.999933623
train,1335,ISIC_0010077.jpg,ISIC_0010077_segmentation.png,d576a465e5dd531f22ff1019a75697ca962bca15b1cc1977133305c6372e0c88,0.207819621,0.999797737
train,1336,ISIC_0010442.jpg,ISIC_0010442_segmentation.png,8c90bbd74213a05073d855f2b5a49c2faf79e62f32416a1e978f27b7c48c4863,0.189595540,0.999926716
train,1337,ISIC_0013783.jpg,ISIC_0013783_segmentation.png,72229f2c5fcce7844ca8c4af0ece4de7c3b0e343dd91226b75b3fca3e33f54a6,0.455678304,0.999776835
train,1338,ISIC_0004110.jpg,ISIC_0004110_segmentation.png,20f0e1996d49376f7cb4007f8b03300058c21acb96f39ddf4d433beca723944a,0.214940389,0.999858881
train,1339,ISIC_0015537.jpg,ISIC_0015537_segmentation.png,77669ba6f349bfd0aac5c370e92abd9009a12043b937c59309a137707efec114,0.302612305,0.999944176
train,1340,ISIC_0010568.jpg,ISIC_0010568_segmentation.png,8d82e099af16cbd501564e421b89a2bf78eaacb162f88d6c5e30cf1d94c32e1c,0.127593994,0.999914554
train,1341,ISIC_0016069.jpg,ISIC_0016069_segmentation.png,ccc37fdc42ca5621aeed323ef089b04449fd45cc202c0459eda351ebbffc8756,0.151657104,0.999794055
train,1342,ISIC_0016071.jpg,ISIC_0016071_segmentation.png,31bd803f602cedb37fb4f9b955ce5a2918d30feb5fdfd98da8e035ecdfbd653d,0.096471151,0.999899773
train,1343,ISIC_0009955.jpg,ISIC_0009955_segmentation.png,7fb6f45f19990816d581d1b79dbe23e157a359fa6d544993603e63aaab5f9268,0.206329346,0.999809215
train,1344,ISIC_0000044.jpg,ISIC_0000044_segmentation.png,a424bf3f769956ff7a515bace68c33c69034e40db5f873e01032eace7d59fe49,0.192026774,0.999974061
train,1345,ISIC_0015958.jpg,ISIC_0015958_segmentation.png,fa660f776d1c7b4593e1573b91bc0a4feb5fa4a77a9ea4cb3f280930a162e50d,0.181864421,0.999789711
train,1346,ISIC_0000018.jpg,ISIC_0000018_segmentation.png,0554d656722bf6ef867d593b62780c58fb53e23d5fd767d76f3cddfa0952223e,0.071050008,0.999959745
train,1347,ISIC_0014624.jpg,ISIC_0014624_segmentation.png,683c7a1d4fe747f08c6c5f7ad787983061a16d3a029d8068573c142baf14043b,0.084162394,0.999968695
train,1348,ISIC_0014290.jpg,ISIC_0014290_segmentation.png,a2a765e02282b1c7d378753c32ee131a7ac4b886bb25995fb0851eb2643e6427,0.431365967,0.999416416
train,1349,ISIC_0014094.jpg,ISIC_0014094_segmentation.png,b47a629a31f9097efa00fb1c1ad788b75c15d3916abf7335ead9d92c3aa09025,0.087814331,0.999900962
train,1350,ISIC_0014803.jpg,ISIC_0014803_segmentation.png,9b5738bb2f1633a9e6fbce80bb121a9c5b7b671f4ab6e357a01f4bbb74cf0371,0.372339884,0.999925934
train,1351,ISIC_0009975.jpg,ISIC_0009975_segmentation.png,c423c4b87e2004f3c69b7620e74192ef42ed5d690c517be7d6a046255008c442,0.181798299,0.999948203
train,1352,ISIC_0000494.jpg,ISIC_0000494_segmentation.png,7c619fe484808c4a08b613ecf15def7fca0f3c02c37d321892d88f77f98a3093,0.438374837,0.999396588
train,1353,ISIC_0002780.jpg,ISIC_0002780_segmentation.png,5a249048037279bdc5b256ddfff1189a1e9932827fe7ed45633f8a610c2ef176,0.181035360,0.999845248
train,1354,ISIC_0000055.jpg,ISIC_0000055_segmentation.png,4f3b6a38f66541cfd47fa2c8147b2fca29a36c47097d2265065be6722f35b760,0.068201701,0.999970690
train,1355,ISIC_0009909.jpg,ISIC_0009909_segmentation.png,514921ddb12f8b62ac7e635499a848d82e53d13f495348a6734d71131b1061dc,0.222264608,0.999814352
train,1356,ISIC_0012654.jpg,ISIC_0012654_segmentation.png,9c0fde2a70607a160efcf7affc2cde03e6a7834cb995b7a471ac879892d98161,0.320307414,0.999865465
train,1357,ISIC_0000039.jpg,ISIC_0000039_segmentation.png,c6ac811f8c7dc205792715ea02deb76a4e4e04fa4ad8cc8cf0d0e72f60178bac,0.176239014,0.999971367
train,1358,ISIC_0015971.jpg,ISIC_0015971_segmentation.png,a7b66f7eb1ba8f607f9dbdf20ae5bf705a7389ed0208bed78f5c14f683fd654e,0.224304199,0.999676865
train,1359,ISIC_0013580.jpg,ISIC_0013580_segmentation.png,184535d87407f2d36f2a7b2d42bf343a41d8bee9abe875972469809e95211c44,0.204569499,0.999804314
train,1360,ISIC_0013676.jpg,ISIC_0013676_segmentation.png,1c29239e6dfb7766bb8cb909d3f277600af9b061a6c5e3b34ecccd8b97722946,0.465062459,0.999635251
train,1361,ISIC_0011130.jpg,ISIC_0011130_segmentation.png,83988200fd3aeb0c4bb14dba105120a2ac1bc8655353d81497b3023108e8754c,0.171946208,0.999857463
train,1362,ISIC_0000222.jpg,ISIC_0000222_segmentation.png,af56d758fded102ca343873937b8a1f9d08af781b939ab398ae8045cbcf025cc,0.132166545,0.999981913
train,1363,ISIC_0000495.jpg,ISIC_0000495_segmentation.png,146e91a51b86670daf34cc183d43b6ce62d1206aec98a524642562c2ac15dc65,0.207331340,0.999942948
train,1364,ISIC_0012837.jpg,ISIC_0012837_segmentation.png,83b84f33ae5fdc44eb6392418c7d9daa08c370b3eaa4f7e039c9b523d689fb9d,0.177485148,0.999930967
train,1365,ISIC_0000353.jpg,ISIC_0000353_segmentation.png,b935c6760d5b0bb03c3f03076dbf7b011202221cfe94089401d90fb62e087703,0.000020345,0.999999997
train,1366,ISIC_0014001.jpg,ISIC_0014001_segmentation.png,b78abaf473f3f3dd5f34fe9c6c9d94dfe5a9cbf858dce5e7063a72d7e7e69ea2,0.211756388,0.999718942
train,1367,ISIC_0014583.jpg,ISIC_0014583_segmentation.png,aa455c5c2db9754fd134c6c4dd6b51948aace24a58e8941d0a06dae992f85704,0.091725667,0.999970175
train,1368,ISIC_0014288.jpg,ISIC_0014288_segmentation.png,c51914976264ef7fe9703a2d38125347f8d5c0370b23a6925d170e23fe5a4cd8,0.159861247,0.999562491
train,1369,ISIC_0010339.jpg,ISIC_0010339_segmentation.png,c8c8c40c46caaade0b92f08e903d32b7bf307f04911959f92a8c501c529b0d43,0.195800781,0.999887034
train,1370,ISIC_0011228.jpg,ISIC_0011228_segmentation.png,2df1131e41693d6d964f6c8aa0e346acf939095f6017f8d9cc4abbb008fff09f,0.458740234,0.999517694
train,1371,ISIC_0016017.jpg,ISIC_0016017_segmentation.png,671641720c52fafa34a727b4c3c9bb10fd710820a1f07eb04bca5dca6dd481e2,0.484161377,0.999425847
train,1372,ISIC_0013164.jpg,ISIC_0013164_segmentation.png,9bcf84da8c22b04ef0dc55429fb09e195f3aaa547e9c446322e2b24ee138517a,0.211313883,0.999671720
train,1373,ISIC_0009188.jpg,ISIC_0009188_segmentation.png,5bf61df42169b30acfb56b8ce1746aa042d8f5449d70cdeeef1eebdfd5ee4a31,0.221644084,0.999905727
train,1374,ISIC_0013966.jpg,ISIC_0013966_segmentation.png,5b793c8647b86ac0a752db2b30e97076bebe7ff8bd443f2233bdff9f368ba3d9,0.221079508,0.999856529
train,1375,ISIC_0013807.jpg,ISIC_0013807_segmentation.png,b6caea723230f37d97ec5a913fd665d1511ce69a8291d5b5042b9877c609fadc,0.193847656,0.999838832
train,1376,ISIC_0015064.jpg,ISIC_0015064_segmentation.png,891736cd614ebafd5194f961aeaa707cc6d05bc1bea1d3f46d26c451a097bbc0,0.493174235,0.999879828
train,1377,ISIC_0012551.jpg,ISIC_0012551_segmentation.png,c0570f0b441e9df4270e8449bb8576ab9cf73eab721fafabbb274c80ef8e67c1,0.157470703,0.999807216
train,1378,ISIC_0015455.jpg,ISIC_0015455_segmentation.png,cfc835626b447042808d0764f78fd0c40e898aff62a733c1a696cd4637c5446e,0.511266073,0.999843275
train,1379,ISIC_0000352.jpg,ISIC_0000352_segmentation.png,f38ba506c260bc1f7ac27df2e1b0380025b1e806a7696b83d1d12434adab36ff,0.000000000,1.000000000
train,1380,ISIC_0011366.jpg,ISIC_0011366_segmentation.png,d3d4c5a7c45be828aa5c858edf72b6598f681bd384c24097986f1a42a99bc2be,0.243657430,0.999877684
train,1381,ISIC_0002976.jpg,ISIC_0002976_segmentation.png,c31f1cec3da4f9056103b6c7c9c9ebe9bdd81c223ca01969e89d6e4271792d8b,0.274597168,0.999904838
train,1382,ISIC_0000129.jpg,ISIC_0000129_segmentation.png,0db6897eb3521b6d2d2da5977928712dd496b5841e39a4a2025d1ba9d21265da,0.000000000,1.000000000
train,1383,ISIC_0000016.jpg,ISIC_0000016_segmentation.png,03a1f9ff2a8932fb4227e248070ca57b34ba28815b5837ecb3d858e33bed14d0,0.115687052,0.999980113
train,1384,ISIC_0012478.jpg,ISIC_0012478_segmentation.png,d98bbe97480e23e530a7e238dee845fbcd208b2f70363e385d310e49b6e06066,0.113118490,0.999885753
train,1385,ISIC_0015563.jpg,ISIC_0015563_segmentation.png,fa93159b4ce4136d60eff4c1b4f4bfa98c2523a43d339dda58a821503cda092c,0.677124023,0.999650230
train,1386,ISIC_0009941.jpg,ISIC_0009941_segmentation.png,79147cecc6c6a5f9356d23c4ede1122d900f2dab9ac6fb67cdd7d80c489d12cc,0.167388916,0.999889677
train,1387,ISIC_0012518.jpg,ISIC_0012518_segmentation.png,bff233eb5d0e40c36dccd90e3d7d963a9190bd2affab531d95446bede141046e,0.146545410,0.999665688
train,1388,ISIC_0014698.jpg,ISIC_0014698_segmentation.png,398cea4b2d5a52500e1c8efce2ab8762f35fa20fd5cd0af15c940a73b60b1dce,0.489913940,0.999824374
train,1389,ISIC_0003539.jpg,ISIC_0003539_segmentation.png,a66a0719523dd8da4d6ff025a86b3c546d3edd049dbca7b80afe2e53faafd4af,0.317647298,0.999822007
train,1390,ISIC_0013615.jpg,ISIC_0013615_segmentation.png,9bffc34a5835cabd97ee65f6ed5cdc1e1d596826db3fee03125d82ea1f7954c4,0.206720988,0.999874615
train,1391,ISIC_0014805.jpg,ISIC_0014805_segmentation.png,11d2d0888fa0bb9f9e04cc3137df54ff8a0b997ff91b38bf49c863e85adab7ea,0.432795207,0.999865329
train,1392,ISIC_0000085.jpg,ISIC_0000085_segmentation.png,5f296feb1dc5f47fc1b7086f87001b6b5f1722eca7b8ec6d4f69eff07808a98b,0.000000000,1.000000000
train,1393,ISIC_0009981.jpg,ISIC_0009981_segmentation.png,05f69ebedc7bada3d32a1412a0bf152293a114d426155fae22612dadaa9cb3f6,0.159001668,0.999845593
train,1394,ISIC_0010342.jpg,ISIC_0010342_segmentation.png,abcbff352ad25ee00571b84bf0c271f2de9b62f5d4d86e63ac80a351445d4eed,0.203308105,0.999944864
train,1395,ISIC_0001254.jpg,ISIC_0001254_segmentation.png,8dd26aa35e3c466a4bb09ce58ef49e6a0a82e51bf98eae2f79184f90c1a8115f,0.301935832,0.999912258
train,1396,ISIC_0001186.jpg,ISIC_0001186_segmentation.png,210eddd8b6336fb53d10503c8deb59dd957049242b1467cf12f07db36272dadf,0.173817952,0.999785514
train,1397,ISIC_0015955.jpg,ISIC_0015955_segmentation.png,0f7b3ce22110a57a4c87edb7ecfb10e30256fc1ae09bfa1b30222ef97174a02b,0.183242798,0.999743711
train,1398,ISIC_0012303.jpg,ISIC_0012303_segmentation.png,9c3987b47b55e19bbe1a2223ec53f3694e14ee4b5aaa51068b292bb0e48643d0,0.219355265,0.999638421
train,1399,ISIC_0010233.jpg,ISIC_0010233_segmentation.png,0b2c8fd0270a12d6d491ed2bb22976c4e89ea4a8f66fe468d3031b184c03907f,0.296162923,0.999922510
train,1400,ISIC_0016050.jpg,ISIC_0016050_segmentation.png,258784369b7fe583456283fdff5b395fa8cf628d77813b2dc625ef25ae7e0324,0.102106730,0.999896987
train,1401,ISIC_0000170.jpg,ISIC_0000170_segmentation.png,fc657d11a2687cbaa2c47442ffb2edd8368e0878db8a0f363477ade20ffd9e40,0.203272502,0.999980772
train,1402,ISIC_0000460.jpg,ISIC_0000460_segmentation.png,ae8f035e6bab167dc03812e294a71ee2301c4e7565a4c9e0bbafb2f9cb5bcbd7,0.284179688,0.999815540
train,1403,ISIC_0013925.jpg,ISIC_0013925_segmentation.png,b0ca85e577559b15165d50358f79cd71f8d3e4d06bbd915d35c0f71ae8e87491,0.440648397,0.999793049
train,1404,ISIC_0014527.jpg,ISIC_0014527_segmentation.png,5e284fa06e96f53cf159f0dddc868c437783bfae951f981341d769b8b5f63f43,0.154200236,0.999742843
train,1405,ISIC_0014794.jpg,ISIC_0014794_segmentation.png,e5ad9f98c12b9e9421351c6fb9628b3f07143febf3fc174404d2310ab1e2fa2f,0.332173665,0.999954634
train,1406,ISIC_0006193.jpg,ISIC_0006193_segmentation.png,73206a9fb32c79e4c21c42b5ea79a9c691eaaf28929ea3b67229b6fa895ea32a,0.322031657,0.999709287
train,1407,ISIC_0015046.jpg,ISIC_0015046_segmentation.png,86b1f1dd6aa3d7ef6418477d94c39d27aaad5a7b16b002c7fb35682f6f694be9,0.516164144,0.999863221
train,1408,ISIC_0008294.jpg,ISIC_0008294_segmentation.png,6c4c3539db97c427c593f475a355e00d8658cb48bf38577245f3a8cdcbc1b316,0.221878052,0.999897357
train,1409,ISIC_0014920.jpg,ISIC_0014920_segmentation.png,76a0fdd19de9d71eed649206b08dc1f8bf3d426ad5cda4e2f31a875d01c80216,0.455693563,0.999921107
train,1410,ISIC_0014658.jpg,ISIC_0014658_segmentation.png,89e599881bf6577a15f8fdc66be61c20d8af884b64883c022e6d3f50abac5bd0,0.865117391,0.999676961
train,1411,ISIC_0012878.jpg,ISIC_0012878_segmentation.png,0c7cb79190f1405a8a6c067467b066b99ca39df3a95e1dce3edd97a09e5d6043,0.175587972,0.999767722
train,1412,ISIC_0000420.jpg,ISIC_0000420_segmentation.png,da58760ab4cb957909babfb4924af810243c94be973c9060f237630a95ea1467,0.134307861,0.999957282
train,1413,ISIC_0014829.jpg,ISIC_0014829_segmentation.png,667198271f73da05ac0dd3f1da1ded10db7d39cc043c97d470a007fdba380145,0.493881226,0.999838586
train,1414,ISIC_0013192.jpg,ISIC_0013192_segmentation.png,d51a0d79bc1cadbdb9fb609dc161cc85b97bee4eb5a232b41dc7129aae52c65a,0.231079102,0.999777842
train,1415,ISIC_0013803.jpg,ISIC_0013803_segmentation.png,6d5231b38d6e520b796dc3070e4164d54a93a4a9350b9bc8ffd3b6fc8ec1711c,0.166742961,0.999728687
train,1416,ISIC_0000388.jpg,ISIC_0000388_segmentation.png,897cc6194d8ad8c486efcad764cdcc9d7d5c07d781235aa843cf8de93a2b8208,0.073410034,0.999920955
train,1417,ISIC_0013805.jpg,ISIC_0013805_segmentation.png,fe7ffb2b65bddaaf2fdbf0545c2a49fbdce395b2a04ad24ca397751324286230,0.206425985,0.999829187
train,1418,ISIC_0013559.jpg,ISIC_0013559_segmentation.png,a499eb99141fa619dbd4308a1e8af191a8804f6455f8215b0d2c5279ef73f577,0.227447510,0.999787530
train,1419,ISIC_0005000.jpg,ISIC_0005000_segmentation.png,f6b54fb1b90e9397d085ca828c657b06d165194f1870b0fbf03fa2cbeee92de8,0.227198283,0.999860733
train,1420,ISIC_0000506.jpg,ISIC_0000506_segmentation.png,4628504473fa09e4ebdd4caf70962eb5d0d0087216de27da8d2c87992ca6816b,0.259043376,0.999695685
train,1421,ISIC_0013359.jpg,ISIC_0013359_segmentation.png,22bceff1a99a7475583c1bc4097efb7aeb5d8fde9e867f7963aa1a01186f5705,0.205764771,0.999906507
train,1422,ISIC_0014901.jpg,ISIC_0014901_segmentation.png,1e568be13ed7cab967b856238a4b9d268b9441952f9d24f11059f628c670271d,0.404281616,0.999908850
train,1423,ISIC_0011149.jpg,ISIC_0011149_segmentation.png,5292d3a946d3e14ea72ff70987b7a294d279f3d1de4ef8a9ce3d56f84c1c4ab6,0.152318319,0.999950854
train,1424,ISIC_0012417.jpg,ISIC_0012417_segmentation.png,572056ea5d3e436ec2d272d0877ec1b15a981fde308e0dacdcc43346c67d1ebd,0.229955037,0.999742435
train,1425,ISIC_0011315.jpg,ISIC_0011315_segmentation.png,bc8995681f7be7e75b5f7a1b0c791653c30514be15e62553fd06492a9c0696a3,0.212163289,0.999793156
train,1426,ISIC_0013562.jpg,ISIC_0013562_segmentation.png,7afa9a66b853480ca9b8b29ed8b3593a5fcb3b0f2b890feabc907105f28096c7,0.235300700,0.999856205
train,1427,ISIC_0014195.jpg,ISIC_0014195_segmentation.png,649e69bf1e00253636d2de86892a5aba7c90a320a622ff96947e2b320140b3a8,0.136067708,0.999872948
train,1428,ISIC_0012212.jpg,ISIC_0012212_segmentation.png,88d4830a9d821b15c5cb1d184ca44478a4ea7fd77cc782cdd8e342e56a743fbf,0.142710368,0.999837276
train,1429,ISIC_0000477.jpg,ISIC_0000477_segmentation.png,e15b1ecebd59e283878a00fab4be41e7648ca345c16c6a3eaf8f2a88f0904523,0.179585775,0.999873882
train,1430,ISIC_0010056.jpg,ISIC_0010056_segmentation.png,9ca682fe36bb446db786f9e2673a4465d205c39a2d983e8dd666172db1360eeb,0.228825887,0.999904241
train,1431,ISIC_0000032.jpg,ISIC_0000032_segmentation.png,b16a461fdf329e903d8c7d58bc2ec450a6c7f80519af71c439da05065cc9ad0f,0.160588582,0.999935360
train,1432,ISIC_0000316.jpg,ISIC_0000316_segmentation.png,263789c1dd06e0c068438f6f943e4feeb5387327beace018b43d27393c44e52c,0.000005086,0.999999999
train,1433,ISIC_0013128.jpg,ISIC_0013128_segmentation.png,450dbf5ce6b299977632d236670b031cdea5a11ad1e8b13ce295a6422c9fc09a,0.201629639,0.999827623
train,1434,ISIC_0014739.jpg,ISIC_0014739_segmentation.png,0d8fe16ff3d64c8b7ec2c9b2817a9f374e2c378cc92561da7be6c9b99c3e3475,0.596079508,0.999820063
train,1435,ISIC_0014013.jpg,ISIC_0014013_segmentation.png,5572aa76d70fd10ec5c1df3a627710c24beaa46542f95e19e1a33d078553d65b,0.176589966,0.999900539
train,1436,ISIC_0009980.jpg,ISIC_0009980_segmentation.png,9e768d766093218ba0fea68ec2ea48265bff90575fafb1cb853613a61197d3ab,0.274185181,0.999939046
train,1437,ISIC_0014845.jpg,ISIC_0014845_segmentation.png,fbeb649ee7a96a410fb86a4c32a9df8fe2082a7c6f9ac211f18415fa8f8dbe1c,0.447036743,0.999874899
train,1438,ISIC_0013120.jpg,ISIC_0013120_segmentation.png,342835780f810bebfa56945c7a76930b6acdcd6170c9495f6eff25477e39a113,0.245915731,0.999777117
train,1439,ISIC_0000522.jpg,ISIC_0000522_segmentation.png,a8545a52fe21731cd39ea62408e670f4dc91af719a52a43bb8346e7fb0999797,0.239110311,0.999789380
train,1440,ISIC_0013567.jpg,ISIC_0013567_segmentation.png,c7007009848dd1e1685bccb4732ccb975507b960e79c191b8e42b73bb8beb7f2,0.244145711,0.999717723
train,1441,ISIC_0012653.jpg,ISIC_0012653_segmentation.png,a9f98eaac1d506bec64e1ecf39bc9ddb43e0c9f7c18b048ecd894cd39d49abaa,0.297698975,0.999895587
train,1442,ISIC_0014958.jpg,ISIC_0014958_segmentation.png,7542b08349d5c83520e299d756f971228fe49511c0f02f6f7ac467687f636342,0.699839274,0.999866523
train,1443,ISIC_0003559.jpg,ISIC_0003559_segmentation.png,fe61419e11c3216575a55308fd19570cd7222d3cb943b696767bcbe6c7e25f7b,0.124684652,0.999945168
train,1444,ISIC_0000366.jpg,ISIC_0000366_segmentation.png,f75c19897ce35bac123347a1307ea24664a03cd85370b7ccf3d5baea5a201374,0.000000000,1.000000000
train,1445,ISIC_0010330.jpg,ISIC_0010330_segmentation.png,5819dd4642ba67511d0d54a5c97c5a57286224beaafd1074c3e14136cf9dc8b3,0.270980835,0.999841401
train,1446,ISIC_0014814.jpg,ISIC_0014814_segmentation.png,4ad42c5641315eff6861bd5720b27d33ed6331e98ea14605e8f5f256d13c77ac,0.477961222,0.999846972
train,1447,ISIC_0014328.jpg,ISIC_0014328_segmentation.png,2eb99327866c78703ee588084e40c2bb37000e2635ce30f73f9c1b66eee3d514,0.122655233,0.999839966
train,1448,ISIC_0009927.jpg,ISIC_0009927_segmentation.png,cc91d49a9cd81fc3a92c3078300f4097fd7de3a3957bb8493996587c72b9fc0b,0.183771769,0.999865609
train,1449,ISIC_0015166.jpg,ISIC_0015166_segmentation.png,33d7b28cf69adf6760fd972a0478b5b5064b1ed2d838bda40ccde7a4305bd454,0.328577677,0.999958100
train,1450,ISIC_0010176.jpg,ISIC_0010176_segmentation.png,91c57b0adb5fe4652b2e5e6fd3bb3017bcc9482ae88e4b0e496ecef96bd424b7,0.369384766,0.999835773
train,1451,ISIC_0009078.jpg,ISIC_0009078_segmentation.png,e86b85e261dfb7b1f4db2b3257a5771c5bab054c2f031f3789132ac41c79f3d4,0.206207275,0.999935590
train,1452,ISIC_0012901.jpg,ISIC_0012901_segmentation.png,b31d0170c4230dabb9ad306284cd4598e52c2933d153b4edd207082b2e0dcf4b,0.116673787,0.999785174
train,1453,ISIC_0000253.jpg,ISIC_0000253_segmentation.png,eafa40736ae42cded0983b028b43d85c201ba2feccc9b10a580df245aa7c7f1f,0.113581340,0.999950311
train,1454,ISIC_0000089.jpg,ISIC_0000089_segmentation.png,930c7cd43604a720d505ab747fe9d9dfaed85c1b617e55a132fa808b963845bb,0.000000000,1.000000000
train,1455,ISIC_0013193.jpg,ISIC_0013193_segmentation.png,e35bba7a355d0144a8aaae514cc58de6f9ca22499c0a14354e014e94fd8c0b9f,0.221496582,0.999810627
train,1456,ISIC_0010213.jpg,ISIC_0010213_segmentation.png,8d76de587563c2bd4c812866a64c05857c9659ff4142c64242fbf428177f2f52,0.339441935,0.999837511
train,1457,ISIC_0012453.jpg,ISIC_0012453_segmentation.png,44edd99de5e13f6d4925d9043df45a3b3a93a748265492a126e713c0f01a8e19,0.231714884,0.999439924
train,1458,ISIC_0015207.jpg,ISIC_0015207_segmentation.png,a78ef5806c051fe99bdd014e6a0118b5347cc81256721d40f8f68f6bf9d03554,0.482788086,0.999905109
train,1459,ISIC_0013817.jpg,ISIC_0013817_segmentation.png,08d7418e0d919db7b08f389de48d72c547bc1167823e6fb495e770e30612fc34,0.189244588,0.999823804
train,1460,ISIC_0011159.jpg,ISIC_0011159_segmentation.png,2d067fc1b7ef0c814bf4c33f87cbee79dd9d0cfbb53d6d50a713d4cae7c100aa,0.224833171,0.999854009
train,1461,ISIC_0014430.jpg,ISIC_0014430_segmentation.png,bc8807cad04b7536539cb7cf4b3d7f30d73fe3934986ee616b9221c81200ee29,0.144200643,0.999871762
train,1462,ISIC_0012151.jpg,ISIC_0012151_segmentation.png,4e3c32e88b024f8dc16957e42b1f8cfdc615fa9ffc20024d4354ae9ce320cad6,0.234034220,0.999886656
train,1463,ISIC_0014365.jpg,ISIC_0014365_segmentation.png,f0e16a64be4ecd1b00157adeabf7a7859c4ec672895c3de44a6546d2c0c039b9,0.143458049,0.999886393
train,1464,ISIC_0014541.jpg,ISIC_0014541_segmentation.png,82453d76f82ca0ebb9e8b0bb37f85e0dda52afddd2815984b31bcacbe55ef2d1,0.155827840,0.999836072
train,1465,ISIC_0013480.jpg,ISIC_0013480_segmentation.png,7eb2f2e2c147d93708b694cc057b66625e11fa428eaeb2e9b030670fbc91c6c7,0.349034627,0.999293460
train,1466,ISIC_0000341.jpg,ISIC_0000341_segmentation.png,e93b9fe108775fc2ab8b53a1cb9ce99efb9d91ff2ceeccf46812dc339fd2d0a6,0.000000000,1.000000000
train,1467,ISIC_0011336.jpg,ISIC_0011336_segmentation.png,5a617271a1317ae5b66c65ca658b1af7dbbafa2014bcf21e0f67eabd884ae64f,0.083272298,0.999906603
train,1468,ISIC_0015440.jpg,ISIC_0015440_segmentation.png,f62bc8b4fb14affc27564d5f989f92414f88b3c23b9ee72b9f8d1f9e86e62357,0.510787964,0.999879161
train,1469,ISIC_0009976.jpg,ISIC_0009976_segmentation.png,5d25c51f27f10840454d9151643f6322e6d5c4e620be8c53f1d4a3c026e13f94,0.247797648,0.999838501
train,1470,ISIC_0014985.jpg,ISIC_0014985_segmentation.png,86653b8ed75c770e5eace994d61de60456148786614f5efc2399ec883132d144,0.445892334,0.999771861
train,1471,ISIC_0000281.jpg,ISIC_0000281_segmentation.png,9a0dac8e7a39befe84c22750f99ea67682f24314d8fabb9ab6580b0d0fd0ce11,0.131271362,0.999989141
train,1472,ISIC_0014911.jpg,ISIC_0014911_segmentation.png,a1f19744c4a2db39f50f8ed70b071f9bdbc768c2a936c2b927fabe514ad6cede,0.568822225,0.999901510
train,1473,ISIC_0015957.jpg,ISIC_0015957_segmentation.png,102d3ed7c44f646f65757ada5fe510b8ffde684c062614f21f630ab1a314850d,0.131678263,0.999841791
train,1474,ISIC_0015008.jpg,ISIC_0015008_segmentation.png,e2840fc8d7533473feb5f28c5bac6e11d04a8280b0b87ebf484c212847f00590,0.350901286,0.999942875
train,1475,ISIC_0014453.jpg,ISIC_0014453_segmentation.png,499cc2aa51cf45f0c119c2d70dd87d4d48b4d276cb06ac2d39a5dc38a54a80cf,0.093297323,0.999920587
train,1476,ISIC_0002673.jpg,ISIC_0002673_segmentation.png,b0c399f4005412a2d836a757e3efba72de97b95f88d5cf9c9484378f31dd8463,0.219894409,0.999805349
train,1477,ISIC_0015976.jpg,ISIC_0015976_segmentation.png,12abe136db6ff67cfa800be2d212168689777c72c29d9e3e88e5f852c27706d6,0.186319987,0.999701370
train,1478,ISIC_0011132.jpg,ISIC_0011132_segmentation.png,872b692721c88368ec5eca03186b5d409b5bade95dc75063dea81394118de3f1,0.165639242,0.999749402
train,1479,ISIC_0013052.jpg,ISIC_0013052_segmentation.png,e8bc5705bc25c31f766dd6b28a47e4e1f1e2c2956eda9760fc5220194d9e28da,0.141596476,0.999702978
train,1480,ISIC_0010231.jpg,ISIC_0010231_segmentation.png,2749e539adc352a37629389f052a140242c889eeafdba6b9c7d297969303fba6,0.213129679,0.999858824
train,1481,ISIC_0010180.jpg,ISIC_0010180_segmentation.png,ed1f7898f1dade019f6573909eab1336026e11f4e88924cbefd3fff9fd0e5926,0.223765055,0.999829329
train,1482,ISIC_0010382.jpg,ISIC_0010382_segmentation.png,121cf6310cdc6526d3bad9404de944c4a15697f2d4cc98536df86be7e352eac3,0.217005412,0.999851013
train,1483,ISIC_0000229.jpg,ISIC_0000229_segmentation.png,bf80ed9436cc4de146056b33fccf931451d6aaa0db423cd01907e854febc6ad5,0.268956502,0.999959580
train,1484,ISIC_0014851.jpg,ISIC_0014851_segmentation.png,39514410380bf8040119344acbc903239f6ab642a81978c24ee4cd34bafefecf,0.325307210,0.999942552
train,1485,ISIC_0000099.jpg,ISIC_0000099_segmentation.png,0047d16dbcea3c368b2555341ee778374b9718ca20f91d42918c2554086d9f99,0.000000000,1.000000000
train,1486,ISIC_0012487.jpg,ISIC_0012487_segmentation.png,6fcd2a24a1cae90f09ae40ce0464bc45ed6f60fe8523543c366ede43f70c272d,0.233729045,0.999796910
train,1487,ISIC_0014943.jpg,ISIC_0014943_segmentation.png,95c9d3b1529e479611279d23957555f896705fbb1f76471036e4777c56905768,0.458292643,0.999911498
train,1488,ISIC_0014663.jpg,ISIC_0014663_segmentation.png,919e114b7461c02f2b360627bc3e2996701f7a68b13e3d226c363c7c7f3f8d90,0.356791178,0.999936377
train,1489,ISIC_0000088.jpg,ISIC_0000088_segmentation.png,82f9dec83dee325e1ef58845a86b7193fc9653141c4d6c901ae0b478d86dc952,0.000000000,1.000000000
train,1490,ISIC_0014317.jpg,ISIC_0014317_segmentation.png,163c827c88323b4d64fe510a7e10c5ff169fe4cbe0717bdfaba7f95355834453,0.116465251,0.999860951
train,1491,ISIC_0014945.jpg,ISIC_0014945_segmentation.png,6e15dd92e6d0b88fb337260f7cc2995cf69d15c918fd3338e46e16f419e2d73d,0.680292765,0.999658112
train,1492,ISIC_0015945.jpg,ISIC_0015945_segmentation.png,9a25580e8c59b11bdbf0315b4fe3182b4248ea615dee7057cf9871e4f3d50c6a,0.259145101,0.999859082
train,1493,ISIC_0007241.jpg,ISIC_0007241_segmentation.png,4797725f530f8d5caaac7741351a712b6660452a7d5c1614613bcd542f4524ad,0.277023315,0.999566545
train,1494,ISIC_0013929.jpg,ISIC_0013929_segmentation.png,806ebe1ae70a18da907377bae002788c015a09d7c043527a1632d6657b3fab3e,0.226760864,0.999755197
train,1495,ISIC_0007475.jpg,ISIC_0007475_segmentation.png,873340e148a751c27728183be598777c7d9ce82d1da3468b894a9e221cef738c,0.257451375,0.999901746
train,1496,ISIC_0014778.jpg,ISIC_0014778_segmentation.png,08f3dd1896e30f5114698712315a9dc9de8b005e33e38d9c9376da350e784cab,0.597300212,0.999831884
train,1497,ISIC_0015216.jpg,ISIC_0015216_segmentation.png,e637ae2109268c7412896252a2938291eb7b8d5c24363e9dd72651e8de3858bf,0.403727214,0.999918018
train,1498,ISIC_0013819.jpg,ISIC_0013819_segmentation.png,ca710e5f21e0f0ca5b329e717ac19b39b4b754a94ba2308b00cc5466effc9219,0.265075684,0.999806416
train,1499,ISIC_0013844.jpg,ISIC_0013844_segmentation.png,748039e26d225e8504eec105d445f17e2d24743fb69912fab84885a9d5dabebe,0.193959554,0.999891163
train,1500,ISIC_0013400.jpg,ISIC_0013400_segmentation.png,96ddeb741c44a9a03e351ebe54052a31a5d080c7e65a0db0a3f47b84d679b711,0.211125692,0.999705066
train,1501,ISIC_0014171.jpg,ISIC_0014171_segmentation.png,44ea23706cdca6c278e15e0ba07776abcdc551f9d1ed6e3e67ca0d68fb06d341,0.113474528,0.999873571
train,1502,ISIC_0013747.jpg,ISIC_0013747_segmentation.png,06bfe4a6b7612cb1fbeb32880a26528c4280ca18d4700a45fe4ed2e664290547,0.246480306,0.999701052
train,1503,ISIC_0014772.jpg,ISIC_0014772_segmentation.png,785b5f596c9d5b4c26a770445cf63321e1903e50a189fbd9ea30ea0f66482512,0.528330485,0.999881662
train,1504,ISIC_0014872.jpg,ISIC_0014872_segmentation.png,a8541a74c40b43ee042ad3e0947e4308bde3880ab3c27f20f7b3669b0d1202bc,0.478103638,0.999715647
train,1505,ISIC_0012095.jpg,ISIC_0012095_segmentation.png,8a70442250f78d9b296afa67771334e3891d37c651a566bba86490908371a930,0.165425618,0.999641990
train,1506,ISIC_0011135.jpg,ISIC_0011135_segmentation.png,f97499dbaf81bbe5296b6fa58e200d72cc792d330d236690c5baf204672c261e,0.254516602,0.999933445
train,1507,ISIC_0016019.jpg,ISIC_0016019_segmentation.png,f80ed2e4cc14038879a6bf92e2540b5d2f4e4153f0d32b5600497bfcb2e89c35,0.228057861,0.999839475
train,1508,ISIC_0014974.jpg,ISIC_0014974_segmentation.png,ecca2b21215112fb9451da400d2cbc622fcb579015e091eca6bebedfe40cdd1b,0.581980387,0.999857510
train,1509,ISIC_0012777.jpg,ISIC_0012777_segmentation.png,861581a0e8180c3017d683b79edef6318b0e00c9fe12abbdb18b43d1e5e27cc5,0.195053101,0.999789805
train,1510,ISIC_0013782.jpg,ISIC_0013782_segmentation.png,b872a30c0efe0136c206efa0a21b20d8efdf15579ecbfb89fc982df2a88a4f4c,0.186594645,0.999606208
train,1511,ISIC_0011294.jpg,ISIC_0011294_segmentation.png,ee82fff8611ed3f46ed75de8990e93de3b8cb4025d6c8764a568e453943e6c1c,0.296803792,0.999897402
train,1512,ISIC_0000177.jpg,ISIC_0000177_segmentation.png,e548da441fffdc95222cbacb320ac483f1d276404a9d7bd5b861afad404b7987,0.209584554,0.999944255
train,1513,ISIC_0013001.jpg,ISIC_0013001_segmentation.png,173b55c545374e8c8942da6098728052805cb3b87995f0f4a17e2b40ab935aba,0.089635213,0.999892741
train,1514,ISIC_0011359.jpg,ISIC_0011359_segmentation.png,2f2d8a643f133724ad36d36efeffb521646e3314863469fbb58fa83619cecd00,0.199803670,0.999763407
train,1515,ISIC_0001163.jpg,ISIC_0001163_segmentation.png,acf2bf479cdd562ff0685f05385258bd94ee3449ec27a72da8dd37fa3b10f77d,0.226094564,0.999912898
train,1516,ISIC_0013082.jpg,ISIC_0013082_segmentation.png,95171c7c46527a3d08378b63cf940ad7fd216c9b4555cd1762b963017245abb9,0.102269491,0.999808296
train,1517,ISIC_0013981.jpg,ISIC_0013981_segmentation.png,c472a64862e437c52c8d1e6f27105262b9aa17d588296675f68b00780bd3a459,0.197311401,0.999814208
train,1518,ISIC_0013288.jpg,ISIC_0013288_segmentation.png,083a5bac459e2858f1e037a87d680d332de610f65f4639d9c1e9f48a8f237e7f,0.207936605,0.999872522
train,1519,ISIC_0016038.jpg,ISIC_0016038_segmentation.png,d9d75cdcecc5765e8bfa42c80a90227532919359031e7e4aae9016a5f9613a8f,0.172892253,0.999857893
train,1520,ISIC_0000496.jpg,ISIC_0000496_segmentation.png,6af8773fbb17380c5a15a178210611edb84a1aa6c95a74472ab2769cca88af90,0.201838175,0.999934177
train,1521,ISIC_0010010.jpg,ISIC_0010010_segmentation.png,07fe472404dfc9e7fe6254dd45b5e49c90b5ac011cb1f2ad22ccd1b75c8c91ca,0.177902222,0.999921362
train,1522,ISIC_0010023.jpg,ISIC_0010023_segmentation.png,c405047c082740470f694fb61b17376fb9b113836e0f22b72c418c5e553ebd3a,0.220423381,0.999919320
train,1523,ISIC_0012676.jpg,ISIC_0012676_segmentation.png,abeb2d87dbcd72584615bdb2569a47c5c1c891b02ce768d480c2363a17f5a30b,0.076772054,0.999929915
train,1524,ISIC_0010182.jpg,ISIC_0010182_segmentation.png,04d98ef7427f9517c35ce9346a0e5fddaa26d79927bcefa93be712bcd215cd2c,0.085978190,0.999893013
train,1525,ISIC_0014802.jpg,ISIC_0014802_segmentation.png,36aa435b708f698808335b4c07822f85b917a45ea5b8b293cc59ed0b43c5a689,0.437423706,0.999891021
train,1526,ISIC_0012930.jpg,ISIC_0012930_segmentation.png,5ef40baddf3bdab818f84bd22317a6464f123eef406f3c0d7d3264533e970240,0.160176595,0.999843337
train,1527,ISIC_0010317.jpg,ISIC_0010317_segmentation.png,67c6d2fdd1c8cd5ec3e8d8675d654d50c95c81eb5124d2bc9a36bdbdfe414d0b,0.230779012,0.999741385
train,1528,ISIC_0014951.jpg,ISIC_0014951_segmentation.png,7a0aa773578c8ca3ba223f26acb43cc5183f18c6c28e942713b129f96cff2404,0.493347168,0.999916985
train,1529,ISIC_0012318.jpg,ISIC_0012318_segmentation.png,2bdf66d41e5cbcfd3679bc16e5160c4f7b366e3e68a0fbbca76118a6c71cfdea,0.233993530,0.999788414
train,1530,ISIC_0000077.jpg,ISIC_0000077_segmentation.png,302c3181e02ebdd04163ab8a671a5095b55d80f723a7fd2930c4c8fdb592b11a,0.079096476,0.999980736
train,1531,ISIC_0012127.jpg,ISIC_0012127_segmentation.png,8f8324a452b031fb1d61d3a5ff4d12a2497c3be1967f955e62db9bfb8424dbab,0.300130208,0.999887275
train,1532,ISIC_0010566.jpg,ISIC_0010566_segmentation.png,04ab61b4b46d7fdd5783c915f16d520f514890a3c4b4b18ecc544b62cd89fdd4,0.158086141,0.999842750
train,1533,ISIC_0015206.jpg,ISIC_0015206_segmentation.png,461c47c8f2f97b05524999822fce63dec5680bdcd36b6600252b4fbca0a41382,0.401275635,0.999912492
train,1534,ISIC_0015331.jpg,ISIC_0015331_segmentation.png,aae79578088feecbab90cea342c74516f255ccdded0a1d37beecb96629bded44,0.597366333,0.999844740
train,1535,ISIC_0000469.jpg,ISIC_0000469_segmentation.png,bc6c3955288cb10ff43251f5f7d5db64a9ba7072e4cb7ffb1941f1a0f8bcab45,0.337320964,0.999771550
train,1536,ISIC_0010344.jpg,ISIC_0010344_segmentation.png,0435974155e51f2388363b53cd879b10a93cbd0566c6d48f80f23e64d1bb45aa,0.218399048,0.999871259
train,1537,ISIC_0013053.jpg,ISIC_0013053_segmentation.png,465feff21ab6fe205927728b3be2e54fbe1a8939d7faae68d4be7581a523678f,0.051060994,0.999919284
train,1538,ISIC_0010571.jpg,ISIC_0010571_segmentation.png,f22a1e6913244958d10337068d1c0e5e723a7ee79e900de8cc764df6bb408ec9,0.308049520,0.999919855
train,1539,ISIC_0015139.jpg,ISIC_0015139_segmentation.png,958238d7d3991b6eabab3a949a409be9f966e911e6f36965f8c7330e71a31b64,0.713465373,0.999777634
train,1540,ISIC_0009902.jpg,ISIC_0009902_segmentation.png,7d39ce3dc81c308a40b14870af281547c9ec07de078b96fa05a6ed680b20db2e,0.209701538,0.999823962
train,1541,ISIC_0000527.jpg,ISIC_0000527_segmentation.png,c4e8f376e2267fd146ca35f3894739e59bda6202da8c67d4ca43f1c09fa25433,0.298619588,0.999888980
train,1542,ISIC_0000187.jpg,ISIC_0000187_segmentation.png,885593fb2f89a4de98d485741e6ae4658533e013223676636a1d4157b0e51f5d,0.217859904,0.999958763
train,1543,ISIC_0010476.jpg,ISIC_0010476_segmentation.png,91f9dcaec6ec3fa4bfa2e6de07e2ddbc79b376d75e8f1c92c1ebaa2f1b9e8956,0.064463298,0.999888008
train,1544,ISIC_0014860.jpg,ISIC_0014860_segmentation.png,90ef7d4c9b81f9dcc6012b61bddeeba9fd6653bf3d911a9233f3a944fed72992,0.450902303,0.999918247
train,1545,ISIC_0015485.jpg,ISIC_0015485_segmentation.png,8963421c14f28d378a7e2e381a53d57fe925dc1e7172c3e64fa48a71b849d12b,0.612848918,0.999862898
train,1546,ISIC_0011117.jpg,ISIC_0011117_segmentation.png,fcc0d88498efc1a95d1b802926409173a214bcd1cce1fe60bc368710272c89ab,0.142018636,0.999793338
train,1547,ISIC_0009923.jpg,ISIC_0009923_segmentation.png,7e2a8d988cd82abc1ef5011af2c0ac7c199979da333105d6255d1014bb1a648a,0.159317017,0.999905485
train,1548,ISIC_0000374.jpg,ISIC_0000374_segmentation.png,c7a632d190fa68d7db1bad051d46ea601788a53cab8994976a370e8a94e45c76,0.000000000,1.000000000
train,1549,ISIC_0000188.jpg,ISIC_0000188_segmentation.png,67c8ff1cb5f5aa504af806286ab7415a28e1e139b1ac2b9fd1926bf14e1a138c,0.236984253,0.999961437
train,1550,ISIC_0000052.jpg,ISIC_0000052_segmentation.png,0a69822c0a3fda1de195a9f7a1a3619c121240c696703684e7f8a180ca0ea99b,0.123097738,0.999978896
train,1551,ISIC_0012261.jpg,ISIC_0012261_segmentation.png,64d0f34f18f1901d1048f8fba37893be0c7e72e349887889c3ce52fc8bfeb6aa,0.237655640,0.999620401
train,1552,ISIC_0012550.jpg,ISIC_0012550_segmentation.png,c42e468560639e70873b20eaed219b2f4bb825db42fcde22e7c32699110bf593,0.161107381,0.999771905
train,1553,ISIC_0014825.jpg,ISIC_0014825_segmentation.png,3bb00a686324c1972098b4358ba26209a922a702b7105937382579aac0453f25,0.503107707,0.999922261
train,1554,ISIC_0012665.jpg,ISIC_0012665_segmentation.png,6e65150fdc9da798c252035d925aedd8d9f8c6927d5f57a984fe6ce3b4bfdcd8,0.084757487,0.999901697
train,1555,ISIC_0014587.jpg,ISIC_0014587_segmentation.png,a3ec2807ce7cb11bb993fdfc078eb38ddc21930eb862ea16be004f46026083cb,0.191177368,0.999910865
train,1556,ISIC_0011220.jpg,ISIC_0011220_segmentation.png,373e624529da5b3e253413d6bb727edb0a72f0de7dd83d00389a4b130a901331,0.255620321,0.999419468
train,1557,ISIC_0014632.jpg,ISIC_0014632_segmentation.png,c6bbcf8bacf671d5d00c48a5c15c15d6ccaa67099bf67c1baf03d96ddb51aa34,0.212036133,0.999887839
train,1558,ISIC_0002206.jpg,ISIC_0002206_segmentation.png,e4f75a7b1bbb6b8c9693c5829f2642f96e421a11cb0e70300773143fc0c3e9ab,0.230189006,0.999680566
train,1559,ISIC_0016033.jpg,ISIC_0016033_segmentation.png,b86076ead5eb04ae269ea17e51eaa27787c079293d0397665bbe7c115d40ab00,0.162887573,0.999822010
train,1560,ISIC_0011109.jpg,ISIC_0011109_segmentation.png,a4bc95c0ee6ffc9582ba2e2ae711b98d37a8a46696c2e863b13506bd48a481c6,0.204737345,0.999739674
train,1561,ISIC_0011082.jpg,ISIC_0011082_segmentation.png,8614068c0d61c6b9b826a3eee17c4f33cdbfc36bc678935ecfcb99d33d4e2ec4,0.279576619,0.999851460
train,1562,ISIC_0013842.jpg,ISIC_0013842_segmentation.png,14f0c4ab1b872ec1a931ee4437aa62127159823d6caea90aea74858a8e6b756d,0.140375773,0.999827869
train,1563,ISIC_0015994.jpg,ISIC_0015994_segmentation.png,1b789789ac36b4e2afe20d629401aeb723b763a10ff445dddc19927ba09a5e25,0.077275594,0.999841938
train,1564,ISIC_0013032.jpg,ISIC_0013032_segmentation.png,6783cdc56d35b5a824ce7ab71dc7cf459ceab26565dd79713ed22ee0fbefef44,0.176020304,0.999812569
train,1565,ISIC_0013414.jpg,ISIC_0013414_segmentation.png,958b76bc82bd070a2867e57475a962cf21641b632f3ab15be46c60cd873f04ae,0.265853882,0.999772637
train,1566,ISIC_0010849.jpg,ISIC_0010849_segmentation.png,c5e6326b7e4b5f081515ad84396d16b7b3f3da11afaf80ac96c2d029fa64a8be,0.168914795,0.999830808
train,1567,ISIC_0012520.jpg,ISIC_0012520_segmentation.png,97d81907d12e5aad694d421a7f5a022a6777e1e1b5d45c3776b741d3ebd038d4,0.157424927,0.999827443
train,1568,ISIC_0010220.jpg,ISIC_0010220_segmentation.png,52879ba1f0ff70fd33103a9189961dc76ce1739ff63b8dbd6b940debb4369e3d,0.117116292,0.999945982
train,1569,ISIC_0010595.jpg,ISIC_0010595_segmentation.png,bc72f30638f93aef1621aa3856faaa13eac9122c6987a9e41ae299ed15773d01,0.392868042,0.999809384
train,1570,ISIC_0010349.jpg,ISIC_0010349_segmentation.png,2cc1a20575fae264598f501dc8edee9263545a450f467c8ade663d5875045b9a,0.368448893,0.999828965
train,1571,ISIC_0015312.jpg,ISIC_0015312_segmentation.png,1f330122840cd93c4a8fcde525960379a8d7ef5a82f9f8feb1cc158b90902f7f,0.558944702,0.999901566
train,1572,ISIC_0010444.jpg,ISIC_0010444_segmentation.png,10efa3cd5063435314d3b3486f39cfc0bf28b64cbed63587830bae120f2a2870,0.029190063,0.999846191
train,1573,ISIC_0013972.jpg,ISIC_0013972_segmentation.png,c64dc355609888e3bccc081af644d3d6ff00de1f8c68de82ea96274d36254cfc,0.231791178,0.999569132
train,1574,ISIC_0012450.jpg,ISIC_0012450_segmentation.png,e04261bb7b52d47e0da72b729a7681690099f44880b26953020c48f6bae3e2c5,0.253290812,0.999687153
train,1575,ISIC_0012210.jpg,ISIC_0012210_segmentation.png,d05ca8daf4e5e2ce47f2153504dc32712842eb52d1cdb5c41363ff28fec77329,0.179387410,0.999834817
train,1576,ISIC_0000484.jpg,ISIC_0000484_segmentation.png,2a938a88486dc9ca02c5047d671dac13fe78b7c16dbf702aaf9fe7891240f974,0.231633504,0.999869888
train,1577,ISIC_0011219.jpg,ISIC_0011219_segmentation.png,5b1f7501b0ed7e9d3c6a4f4a122597d419cd20aa84fbe790192c134fbf374dd7,0.230550130,0.999834594
train,1578,ISIC_0010320.jpg,ISIC_0010320_segmentation.png,50cb21d22c0d41825d62a36f8afccb49cd2f5a50bf8aa3145a56381780776f9b,0.229039510,0.999963200
train,1579,ISIC_0011088.jpg,ISIC_0011088_segmentation.png,6d8220d038451da97a974aeb5db543784921a7251322c5b21f4f8bce3717f5a9,0.246495565,0.999873912
train,1580,ISIC_0000081.jpg,ISIC_0000081_segmentation.png,c036ea2e59aa89f8927c82f59079fbafc103ea88daf5fb9cc33600161fbb150b,0.212153117,0.999745883
train,1581,ISIC_0013198.jpg,ISIC_0013198_segmentation.png,1cf5013227c377ff9f14bdde5e0d00b335a87e6be85b7b41901e7c1eebce5a49,0.219833374,0.999857285
train,1582,ISIC_0014347.jpg,ISIC_0014347_segmentation.png,ef5c8d3aa9536885a1acc945471c6bd64a70675b5f16265ea2ca98eb262a5f5a,0.124821981,0.999834705
train,1583,ISIC_0000234.jpg,ISIC_0000234_segmentation.png,e62b1c02a92bcf08e97ebc63a6c0f2b3799b54327bf6d49458095918cbf524ec,0.201288859,0.999957707
train,1584,ISIC_0000407.jpg,ISIC_0000407_segmentation.png,a271fd5c8925f1105b693de43fe60307702c0cbedda3e412e632cab5aab21a43,0.077641805,0.999922640
train,1585,ISIC_0010062.jpg,ISIC_0010062_segmentation.png,af7949a6608fe355e760ab362ddac2d1ad2942c2daed1cb6f131b567d3c2cd8d,0.174814860,0.999906741
train,1586,ISIC_0015189.jpg,ISIC_0015189_segmentation.png,05268c7f7358129ae4782a453bce00d1cfd9f5e560ddfb80e152ebd0d318f5bb,0.449935913,0.999835844
train,1587,ISIC_0010335.jpg,ISIC_0010335_segmentation.png,6d90cef3775a2eee0407506dc1a799fee462d21f8896204128e89ed888e8a8e2,0.295349121,0.999899914
train,1588,ISIC_0000349.jpg,ISIC_0000349_segmentation.png,34861c9f0bd0ba728e42c901c7b9ad234adc64eeec4338a178cdfaf7e1eb5f85,0.000000000,1.000000000
train,1589,ISIC_0010587.jpg,ISIC_0010587_segmentation.png,678c0115eaad8c1e7a53008c6ed009b6b740498ff75d767dea7d8ef4c63f1546,0.130320231,0.999950530
train,1590,ISIC_0010847.jpg,ISIC_0010847_segmentation.png,ab4b9d7dba73a5b476b14ccf2cc4ad85b0ec941323eea2a46b3df23e1e12e3d8,0.329778035,0.999871463
train,1591,ISIC_0008403.jpg,ISIC_0008403_segmentation.png,ab19321f95bed79f92bfcd47dc5a007c8bb2e9fdfa1cd80c498f8c4c9e921a97,0.251408895,0.999911285
train,1592,ISIC_0011353.jpg,ISIC_0011353_segmentation.png,109145328ee363e70c86f8df6cbf4ee20783f8e96499a9ebcdf4802f7cb3b1de,0.278310140,0.999685028
train,1593,ISIC_0014127.jpg,ISIC_0014127_segmentation.png,4346b63919d2255e367b9459d5d4bc965852f838541b4aa6da3c46f3e1b381ae,0.150741577,0.999827168
train,1594,ISIC_0000520.jpg,ISIC_0000520_segmentation.png,89f238af9a2db60a10ab47057f68b49ebfd51c8791c704c0588a70c639b376bb,0.157353719,0.999923300
train,1595,ISIC_0015211.jpg,ISIC_0015211_segmentation.png,e90423b54df2de76312557b7d134b806a5475c0cf90690487bf678e117641bd1,0.619415283,0.999858662
train,1596,ISIC_0010226.jpg,ISIC_0010226_segmentation.png,cc149e21763989c5401905da2f5c579759bf532d79bd1ac65bc13b69656a8ac7,0.172429403,0.999802459
train,1597,ISIC_0011298.jpg,ISIC_0011298_segmentation.png,45408d28a58f13dc0fc23636ddfeb753dd727d2fc79c33e7e44ebbd6e500df13,0.125376383,0.999948926
train,1598,ISIC_0014554.jpg,ISIC_0014554_segmentation.png,5912b5735f0d828d37c0a0455efb8562511fa7b5c2566a3f4f4476b76581fe32,0.147511800,0.999808408
train,1599,ISIC_0000418.jpg,ISIC_0000418_segmentation.png,b2501d3b797bb2470af5eb579750079ce3526d34ecd9b4694796d21b165970e7,0.104008993,0.999976776
train,1600,ISIC_0015510.jpg,ISIC_0015510_segmentation.png,c5462513f117c2f6dfed6bc4be58b214f5822d70dc07b3b08357039572bad5fe,0.459345500,0.999888673
train,1601,ISIC_0015160.jpg,ISIC_0015160_segmentation.png,e15a52dc87132bc94ca1eb9e0f3c3696d532a1a2e9a79531435827174d0a8b23,0.410196940,0.999905392
train,1602,ISIC_0010086.jpg,ISIC_0010086_segmentation.png,d14dbd7e92973b09c6ff3268443c3de2d06803210bb1580b9eb3b75a5585a090,0.188903809,0.999898668
train,1603,ISIC_0013201.jpg,ISIC_0013201_segmentation.png,82b8afbdb63c4a95ffe2fad33c7ffa4aa4ff018865a456d0332956ba3c82d03e,0.234614054,0.999864055
train,1604,ISIC_0014372.jpg,ISIC_0014372_segmentation.png,7925a677c0f9c6f50609957fcb87f1012ea2757b0f7e1223e32bf63f0301e7dd,0.087056478,0.999960230
train,1605,ISIC_0013685.jpg,ISIC_0013685_segmentation.png,db2590cbb96dbb76af4c711be16b836f3016087f7c1dc670bb8efbda304c97bf,0.247044881,0.999885492
train,1606,ISIC_0015293.jpg,ISIC_0015293_segmentation.png,29fe249efadec1d33cb6b282a635027991e684e862d851404df3c0e1d3ebbcf3,0.717239380,0.999431474
train,1607,ISIC_0009966.jpg,ISIC_0009966_segmentation.png,1e50483ec725a4b6be96d41b570211b688c021d00c7a8563fe17a1c8b5bac4ed,0.077306112,0.999956199
train,1608,ISIC_0000075.jpg,ISIC_0000075_segmentation.png,6b73ea5eef81a3958b58e1b38f429281b446617898e17210545811b6081d128b,0.228296916,0.999960505
train,1609,ISIC_0014783.jpg,ISIC_0014783_segmentation.png,74be1d0cf93df958baf52cfa63eb6ce7fafba147a16fcf6127b1b71dda1e0c6e,0.592941284,0.999875095
train,1610,ISIC_0011202.jpg,ISIC_0011202_segmentation.png,0c1f2d9a78d5b457794b0fc5e0d9eed0f56b5b6eb9377f62955528cb373308f9,0.133697510,0.999552764
train,1611,ISIC_0015241.jpg,ISIC_0015241_segmentation.png,befabef6b6196b12279fdaaa74f83f3d783c65a298f39f662746a8fcedad77ba,0.525899251,0.999871806
train,1612,ISIC_0000181.jpg,ISIC_0000181_segmentation.png,50ecdd92dd6dfb555eda1cb2ca014e2bb6c00181b33ee02cf1f9de13eba16f94,0.147618612,0.999969352
train,1613,ISIC_0014248.jpg,ISIC_0014248_segmentation.png,34ebe3035c7d0340a1cd5d5b86f564b33e245a63e5d42cd6e66f06e0005bd81e,0.146179199,0.999775197
train,1614,ISIC_0009758.jpg,ISIC_0009758_segmentation.png,a2668fb38c387e8df259fe74cb629cda1b24ad9e5b40538d5e338f2b903ea295,0.229370117,0.999929862
train,1615,ISIC_0013136.jpg,ISIC_0013136_segmentation.png,9e1ea823ee44379adce555a8e73ba2ca6ea12eefd666e2222182dabec6f5b51c,0.291320801,0.999770459
train,1616,ISIC_0014962.jpg,ISIC_0014962_segmentation.png,6964f2665f76d6243365a415c65683ce8ddcc1abc96e68982fbcbc25ad6b15da,0.599446615,0.999892231
train,1617,ISIC_0009990.jpg,ISIC_0009990_segmentation.png,af42d3bb35210b458549f9add71414fbb10f916481b460456c8979cb44faff35,0.236572266,0.999945485
train,1618,ISIC_0001292.jpg,ISIC_0001292_segmentation.png,6607305b55c7635b896a5ed2425e4be301735ef0b518a147a8548adcce8792b5,0.329610189,0.999692244
train,1619,ISIC_0010593.jpg,ISIC_0010593_segmentation.png,4aee6c34cdf7bb22785f4b2e0c7e60cdcbe617a14b72e0e3dadf804088020cf2,0.198135376,0.999798917
train,1620,ISIC_0014302.jpg,ISIC_0014302_segmentation.png,ee0f391186fddb6b9b49803763627ab748d97e198bc7ad8a9d4850fcda162437,0.137329102,0.999847255
train,1621,ISIC_0014745.jpg,ISIC_0014745_segmentation.png,e46ff8487b9958ee94b5859c5c3c48d9947d75f9b69d2d6517df040527f8d5f8,0.773844401,0.999774877
train,1622,ISIC_0000247.jpg,ISIC_0000247_segmentation.png,b89fda82785c9744842c958b64b077aec9fc1b67f52ffc6ba84c7ec61e6f36c0,0.086659749,0.999982707
train,1623,ISIC_0014032.jpg,ISIC_0014032_segmentation.png,42c3f1962176ccf5df715947a9f9e36e2ceedefc69a0c64843c58d262f37f939,0.238388062,0.999670356
train,1624,ISIC_0012233.jpg,ISIC_0012233_segmentation.png,9c555638f69c703d8a6064a4a16d6f4d71ac881d5cbb3c91707ff5ef779e5921,0.192321777,0.999740261
train,1625,ISIC_0013634.jpg,ISIC_0013634_segmentation.png,eabf6225626e28e867347c1fc7034be72dbea093bc253407a3057e73fa944942,0.236358643,0.999705631
train,1626,ISIC_0008236.jpg,ISIC_0008236_segmentation.png,58bd1825bed4d64bc89216c25d107cafc42582835be6b0734396c1c7ddbd27b4,0.146916707,0.999887421
train,1627,ISIC_0012987.jpg,ISIC_0012987_segmentation.png,a42880cf170a0dbba156246802536a5fc8a78e7ade7694f1fa643531e8e0fb24,0.166081746,0.999806146
train,1628,ISIC_0014723.jpg,ISIC_0014723_segmentation.png,f9939db8594064f4bea9da81cbff16a4c9fd058ac471b55d23b989b06a961f41,0.463460286,0.999903066
train,1629,ISIC_0013140.jpg,ISIC_0013140_segmentation.png,55204276e436aaf4765f6246cd7f8fbda7844d30a4f70429838835f117aa7f88,0.150731405,0.999835164
train,1630,ISIC_0010219.jpg,ISIC_0010219_segmentation.png,40e429729b38cd8059969809b4aaf05c3c411d160ef64e69595065c571ebc6ab,0.164627075,0.999549438
train,1631,ISIC_0000329.jpg,ISIC_0000329_segmentation.png,b42c4dfed0761fee578c5b448efbb2954047796af908d535bb8e6c3f695709ab,0.000000000,1.000000000
train,1632,ISIC_0000211.jpg,ISIC_0000211_segmentation.png,4503263b20a907dbb71ace5fa4d05c75f2a20148e9f0d0c09a599699e114ad7d,0.221216838,0.999946118
train,1633,ISIC_0012656.jpg,ISIC_0012656_segmentation.png,8d764b03affec532d24b555e4ef3358d7616b5a3e596d34ba51c38def521709c,0.314122518,0.999792934
train,1634,ISIC_0000101.jpg,ISIC_0000101_segmentation.png,55e6fbc8482f2a97bd7cd0a88c8f3cd87d94a34b8e0ad543fc645faf8a6f56eb,0.107879639,0.999984694
train,1635,ISIC_0016065.jpg,ISIC_0016065_segmentation.png,d10853bcb361d67b8a39fd2f89ac42286ba9c732b22c2eb1f3a566311b43843a,0.150802612,0.999835326
train,1636,ISIC_0014913.jpg,ISIC_0014913_segmentation.png,fe74278eb63ede21212c908f565a54691ff492135a1a512eebb49cfc805b5c3d,0.586944580,0.999881341
train,1637,ISIC_0016070.jpg,ISIC_0016070_segmentation.png,3ea18121d9d99a76b0beafbd7566859e7fadc229b3553e7c8c54f33ea3fa171d,0.183771769,0.999779803
train,1638,ISIC_0012448.jpg,ISIC_0012448_segmentation.png,0d3157a7fef94498704205d8926e88a5824c844ebf01e14d63562dd5a84f4e7f,0.244247437,0.999889374
train,1639,ISIC_0010585.jpg,ISIC_0010585_segmentation.png,f70f69f4170ae69e2e28ea3fb09606e503025739323a37c30ae6fba5cd44e76a,0.141708374,0.999942062
train,1640,ISIC_0015283.jpg,ISIC_0015283_segmentation.png,ee5715bb6cd8ddd8aabfc2d1239e48aa034447fecd5adb5107cf41ed69632087,0.533335368,0.999844499
train,1641,ISIC_0000255.jpg,ISIC_0000255_segmentation.png,6e24bb02dab081371d1d9338d8517195c68528fb1539f0b3e663fe280d0c81d0,0.095952352,0.999973178
train,1642,ISIC_0012447.jpg,ISIC_0012447_segmentation.png,7f7328f6029ccf5e4969e2510c67674b801d3b6eefbb6ac2b6a16beae14e4a96,0.259928385,0.999779308
train,1643,ISIC_0012309.jpg,ISIC_0012309_segmentation.png,239f9af31ab91d064950212797bc0c5b1b26425605f012cfebb54169b5c7d167,0.202356974,0.999747949
train,1644,ISIC_0001134.jpg,ISIC_0001134_segmentation.png,8d58bce5c18f6857d2190495766d9877ae2e69481ad69ab9e298c4588f1b42db,0.097651164,0.999796711
train,1645,ISIC_0013424.jpg,ISIC_0013424_segmentation.png,21f551e0762ebc76477036fce4c8774c2a6e2562bdb37065a3be060ea35eb9e5,0.213541667,0.999706217
train,1646,ISIC_0015568.jpg,ISIC_0015568_segmentation.png,acb463ab297b14fbaa28eac7b6c0e4a3b5b640b89335394d66de2156b51d59d1,0.491485596,0.999961908
train,1647,ISIC_0002353.jpg,ISIC_0002353_segmentation.png,c0dd4d4725c8a197aa7dd1c1acce45ee7beae2fbb414905171a2bec49fac4ad8,0.307037354,0.999896797
train,1648,ISIC_0000537.jpg,ISIC_0000537_segmentation.png,280c5701045feb242540c4d4264e59e4f391a1fb660a238b2f50dd826213c6e6,0.177708944,0.999928894
train,1649,ISIC_0009297.jpg,ISIC_0009297_segmentation.png,2799885f4f1ec5719f9ccafe6399baaceba32b24a6429ca4bc7474c3c6dbc61e,0.202087402,0.999833365
train,1650,ISIC_0000151.jpg,ISIC_0000151_segmentation.png,8064371609100db4bdc51d15f1d8d435788124c389f27c1dcfc1b516df7b3400,0.204569499,0.999903487
train,1651,ISIC_0000146.jpg,ISIC_0000146_segmentation.png,2d14fc124439a05e1407cab4cdd3a3c38f9a9166a3bff1e81465c1aeb38d8d81,0.192016602,0.999974104
train,1652,ISIC_0014821.jpg,ISIC_0014821_segmentation.png,c08dc98895761de852b7afb73baa44b63ad7094c2af7fb32b32b08a6c01f85ba,0.328470866,0.999884862
train,1653,ISIC_0012663.jpg,ISIC_0012663_segmentation.png,0ea44782b91f8c4039cfaed9525f381437c7f56c559d8430e3d701cbecca15e1,0.126322428,0.999876942
train,1654,ISIC_0010168.jpg,ISIC_0010168_segmentation.png,e1c2d55ea32ea65869aa6eeddc35319690d2542d3e2062b194b09a40d98673ee,0.109771729,0.999962301
train,1655,ISIC_0010044.jpg,ISIC_0010044_segmentation.png,cece7785bc8c02b93fc7a1992c6940b7296a781d89a556f321c78ef63f1f874f,0.204905192,0.999889956
train,1656,ISIC_0015360.jpg,ISIC_0015360_segmentation.png,bdbf22a6b9552cbaef518b33b0d1c4a6d5001858ab4b4b8f9c6a5084db676efe,0.723815918,0.999617623
train,1657,ISIC_0012273.jpg,ISIC_0012273_segmentation.png,c101c64e47c3b0cacfb58e75fe5e7b2936325eb1ce40e433b0c330e02b51b795,0.245661418,0.999879875
train,1658,ISIC_0012700.jpg,ISIC_0012700_segmentation.png,2b1a68eec0bd0ace541e43d8c038d194bf7050900a7da7d581df72a8fe3a38ad,0.192021688,0.999752083
train,1659,ISIC_0000167.jpg,ISIC_0000167_segmentation.png,4aaee49fcbb9806a9bdc20d4a4d49f15e623feb4e618796420103cb8c292dd75,0.391565959,0.999878623
train,1660,ISIC_0014174.jpg,ISIC_0014174_segmentation.png,ccf41cd4bdb2783984abbb78423b6e2451b72224de345cf10c8f1d3d4e2dcce1,0.152638753,0.999790629
train,1661,ISIC_0014792.jpg,ISIC_0014792_segmentation.png,ecf4478ece1f48e87cf33a88c53d842da5ac7f234a3fbaf75761c626bbb161ba,0.615636190,0.999615886
train,1662,ISIC_0014238.jpg,ISIC_0014238_segmentation.png,08a1f33bd1f3beb0ee12c84c203197fb1b70fe29c1997609b0e0de7e22c3b620,0.130701701,0.999799910
train,1663,ISIC_0016060.jpg,ISIC_0016060_segmentation.png,56006703ea6b44e42f628d3a72c83ace4d0d3622beba5373051f7ec673738200,0.158559163,0.999912775
train,1664,ISIC_0000179.jpg,ISIC_0000179_segmentation.png,22e2e3792a0bb7719e99ac026680de7a02c8b5fb2c0cf23bf591145c579d67e2,0.219629924,0.999955668
train,1665,ISIC_0012227.jpg,ISIC_0012227_segmentation.png,7671c1bc1f0b254ef357bec5e89e982c3e4d670cf501a7420cbe3ebb0582f543,0.167424520,0.999863896
train,1666,ISIC_0010241.jpg,ISIC_0010241_segmentation.png,941cdaf3748ea7776bf26f2685706559df21eebabf16532b064bdd34c634b2ca,0.152180990,0.999757151
train,1667,ISIC_0015153.jpg,ISIC_0015153_segmentation.png,ff35f2929a85278a83b6e3e838301f75154be2eb199bf98c6099bea71888af5f,0.472915649,0.999890621
train,1668,ISIC_0014812.jpg,ISIC_0014812_segmentation.png,4835d16d8fc4641aee4321a3e25da59196456d7a8407d18c29d8ca9b0d6cfd52,0.427922567,0.999853423
train,1669,ISIC_0000282.jpg,ISIC_0000282_segmentation.png,1e97abc3f6d1b3df07f11fb5e869f7243a6691cf4cb9fb22ed1198cc0d4b56eb,0.087300618,0.999990569
train,1670,ISIC_0000062.jpg,ISIC_0000062_segmentation.png,d121a3cc33f2bdf40e1d3b27b4b0d624a7743ca12a43df125f2a9e6a680666a7,0.119471232,0.999918126
train,1671,ISIC_0012155.jpg,ISIC_0012155_segmentation.png,289037038688ca080b29b64a170e534ee477498cc948c4ebc510d1d5aa9f24f0,0.212437948,0.999865496
train,1672,ISIC_0016040.jpg,ISIC_0016040_segmentation.png,812f6bc25e961853f757768ba3e0558c9a8b33dda95f3624ee4523395fe0d849,0.232940674,0.999847036
train,1673,ISIC_0013898.jpg,ISIC_0013898_segmentation.png,8bab119890e4d8c34574949612005e8f5426740dd7f4b2ab028f68c759beffed,0.247177124,0.999697487
train,1674,ISIC_0000157.jpg,ISIC_0000157_segmentation.png,a06e7353db36b363ea470c0ecd98e27696be5e81eb5e6505ca220d4c3aecfe7f,0.194814046,0.999951572
train,1675,ISIC_0012720.jpg,ISIC_0012720_segmentation.png,1124e41c1b2b63c4041b8fdc58195260688754ae5a38d934449d71bd119ea433,0.214747111,0.999890525
train,1676,ISIC_0016009.jpg,ISIC_0016009_segmentation.png,16350c478104a0c27206bf77dcac941f92d251f8f3f4fda6fb0bf80903cc2e4a,0.210520426,0.999807970
train,1677,ISIC_0005666.jpg,ISIC_0005666_segmentation.png,bc68c9c1394f21480895976dce1904e1eb0133f02d9c7da381220ecb75fdd86c,0.273783366,0.999923809
train,1678,ISIC_0014490.jpg,ISIC_0014490_segmentation.png,844a757801fb1b0e650be31682be803f89017c5b27eab9dca8dcd9f5e8a34d95,0.099512736,0.999871535
train,1679,ISIC_0000269.jpg,ISIC_0000269_segmentation.png,8d00fd07f48a198eb3790314d850d0d6dd06b3b2b761e0c48153a5ebaccdaacc,0.128575643,0.999978382
train,1680,ISIC_0015295.jpg,ISIC_0015295_segmentation.png,70d817ca3440462b22c00a64fbbdcea2f363173664c75aa13fc22ca507aecab8,0.792526245,0.999741743
train,1681,ISIC_0014773.jpg,ISIC_0014773_segmentation.png,6678b8372d887fa2b1d4e7a27acb388514278cfacb3197bbc233a4365f67e2d7,0.397557576,0.999893199
train,1682,ISIC_0000358.jpg,ISIC_0000358_segmentation.png,0767c433eac0c8104ba26eabc14cbaeb85eaace9dd796c1c4caa304b3e2cf4c8,0.000000000,1.000000000
train,1683,ISIC_0000109.jpg,ISIC_0000109_segmentation.png,b40349ffc30968a56a1a86b0faa26aed9247c2dd579a601453ade320022c7789,0.211486816,0.999948537
train,1684,ISIC_0010462.jpg,ISIC_0010462_segmentation.png,86f30af8b06a1d37ef5137fce5368e1d8f882c3ed0ba4f4c795ffe4a7ba672bf,0.235717773,0.999891161
train,1685,ISIC_0000046.jpg,ISIC_0000046_segmentation.png,4bf6fa8c7b20d2d5ed4c39dbdafe3c7ea06f20893c6298b1793c09edda217011,0.167078654,0.999947193
train,1686,ISIC_0011203.jpg,ISIC_0011203_segmentation.png,7899ec4b748845190d385168a161fff8bb301e1dc2bf75a9f49281a7ed24e074,0.256601969,0.999921265
train,1687,ISIC_0014633.jpg,ISIC_0014633_segmentation.png,1eb232a0290b3753d413d4b3e811c8eeaf18675f66c83ced5c0673acdb7b3951,0.081720988,0.999953290
train,1688,ISIC_0000456.jpg,ISIC_0000456_segmentation.png,32c8624ec14df82327c51b85c267b6cc3549ae6229dc523375506d7c6f2877e8,0.108093262,0.999864902
train,1689,ISIC_0000213.jpg,ISIC_0000213_segmentation.png,0dfc29b5564effbf0fcc0e0ef25fbbaeea7e7f83e5da87d86f307ce0fa673111,0.202646891,0.999965276
train,1690,ISIC_0010361.jpg,ISIC_0010361_segmentation.png,87ab2a8007825c488b891ab87262318a844233901d0dea02b55152cd09025689,0.333257039,0.999788266
train,1691,ISIC_0000161.jpg,ISIC_0000161_segmentation.png,20bb375565e7993dc89036bb1eaa67938f1eb47f5ba0126101654aa9fd45bb77,0.259363810,0.999972585
train,1692,ISIC_0001296.jpg,ISIC_0001296_segmentation.png,0d789af2f1f588e79df9de35ea576070bfb9c499ef455691bfc7a705af8ecc0a,0.267547607,0.999675529
train,1693,ISIC_0014930.jpg,ISIC_0014930_segmentation.png,fa39855dbe78771a846e3c8e251ffc1a8e9320e5517c6662983c2209e2f963c2,0.658218384,0.999857253
train,1694,ISIC_0009914.jpg,ISIC_0009914_segmentation.png,afc91beb112793a03febe42450f6f22301d689e8e03ba404cc40ab06c53a533d,0.131296794,0.999934690
train,1695,ISIC_0010104.jpg,ISIC_0010104_segmentation.png,af9b6ef0a8fb94b26cf5904751bd4f1d0039aae54010f663f4704fed3d23232b,0.235905965,0.999833199
train,1696,ISIC_0014992.jpg,ISIC_0014992_segmentation.png,d6e70bf7927e755fb880afee5e492d802f03666a03b819f19ec0dbf768f4150c,0.351109823,0.999950171
train,1697,ISIC_0013433.jpg,ISIC_0013433_segmentation.png,65d08e61369886f8a4ba9e03c341c940387e35d10aa0bec8dc33ed227a58e13f,0.185511271,0.999853859
train,1698,ISIC_0007693.jpg,ISIC_0007693_segmentation.png,e932788b22ad29fcbcf307a1581c7b1a9f6c13a401632ca290dd0856da058599,0.274556478,0.999165739
train,1699,ISIC_0015118.jpg,ISIC_0015118_segmentation.png,f1d62e6b752393e6d38dabd5dfc4834998f2b6836eaab06de24702f1e6c52c4b,0.381088257,0.999926699
train,1700,ISIC_0014724.jpg,ISIC_0014724_segmentation.png,c326d4eb863001574fabdf3e61df0b7ce7c80ae42a7aa4893b23be69a89e916b,0.375310262,0.999928688
train,1701,ISIC_0014890.jpg,ISIC_0014890_segmentation.png,c1b0122224c65e77727c11259e75fedd76efe38e216c1133bc0df06b5f3458c8,0.493214925,0.999903838
train,1702,ISIC_0002488.jpg,ISIC_0002488_segmentation.png,0d456152efca84ec88959a36686b2ca9674808446a68e11749adc983cb4e891c,0.314549764,0.999730946
train,1703,ISIC_0013155.jpg,ISIC_0013155_segmentation.png,f6499ddaccf8dd7446f0579e3b15be0c03c679eafad1c79fd8d9678f5d165490,0.163813273,0.999620777
train,1704,ISIC_0013465.jpg,ISIC_0013465_segmentation.png,814a539344dc0c1c1c4ecc9193ae199c8aa0142f576f59e07fab4f2518e2e3e2,0.221481323,0.999826920
train,1705,ISIC_0014922.jpg,ISIC_0014922_segmentation.png,c5a711e448eab9fd31cab0cee0aabcea5920bc4f756cd2d6413f708e41626003,0.615753174,0.999865772
train,1706,ISIC_0008807.jpg,ISIC_0008807_segmentation.png,e854a43376abd358638810b968207f3c968c19703b7d3dac45ace32921a041d1,0.169692993,0.999858763
train,1707,ISIC_0010074.jpg,ISIC_0010074_segmentation.png,9452efee8cc918baf572aa74c13613fbb4187ce23064b7a7edc8ce8207b378dc,0.221995036,0.999775066
train,1708,ISIC_0010063.jpg,ISIC_0010063_segmentation.png,8c93c6b23d9acf77d5c0d4fb64918b3c605a934cefdab922143fea0a4d0c0f64,0.260548910,0.999943682
train,1709,ISIC_0013689.jpg,ISIC_0013689_segmentation.png,cc15b055bca4aa08294dbbdc9e3b9bc73aaca95aef4649ea13a793a4136b8774,0.176228841,0.999857082
train,1710,ISIC_0013181.jpg,ISIC_0013181_segmentation.png,91e7c7b377f7c950b24c9711994a50088091738480e0cb944c93c20d9c1bce97,0.230016073,0.999895006
train,1711,ISIC_0012311.jpg,ISIC_0012311_segmentation.png,789d93af39bd6ca00267254fd004cf9b6676eb6e38f000af9271f091c4ac2980,0.138529460,0.999626390
train,1712,ISIC_0012711.jpg,ISIC_0012711_segmentation.png,20a298e6cb46619b2e4820e5df0899a873cef23c0e76665f9b58a70f845226b2,0.149261475,0.999617341
train,1713,ISIC_0000183.jpg,ISIC_0000183_segmentation.png,f5df6e98a42de1de94422dd57ee0dd341659fccd7a9d0b94351cab4eacbbacff,0.199946086,0.999933127
train,1714,ISIC_0013867.jpg,ISIC_0013867_segmentation.png,977176e5f5fd5371880937455f36c143341b526182f6a2118bfc83300291f77f,0.155685425,0.999857520
train,1715,ISIC_0009884.jpg,ISIC_0009884_segmentation.png,4df13824efec599869c82d050c0e12bb77c1374d99287897d78a27943fad9cf1,0.104436239,0.999880504
train,1716,ISIC_0009869.jpg,ISIC_0009869_segmentation.png,06a418062d1347c5843ffa7c46a01a2de37fb467d3f190a3707a2ac604c0b8d3,0.171356201,0.999781448
train,1717,ISIC_0014585.jpg,ISIC_0014585_segmentation.png,2be4cfe76256d1e68e7672ada91843beb384cc960c4a62cb3033c509300a606e,0.109705607,0.999950381
train,1718,ISIC_0013315.jpg,ISIC_0013315_segmentation.png,d8d5eaf9f5f03dffbc07562cbdfd108dfc85273ce740186b218b92a93a72beaa,0.289810181,0.999875469
train,1719,ISIC_0000145.jpg,ISIC_0000145_segmentation.png,d19c62a79b709945372ecb9aa8fcfc09bd777f5aeb3b8faa710af70e84b9cbc8,0.187622070,0.999978524
train,1720,ISIC_0013269.jpg,ISIC_0013269_segmentation.png,7cadf01865dacfcffa03d97e5abaca98c4d2e65af277aa4c51eda88a6dfebae5,0.214279175,0.999714008
train,1721,ISIC_0013719.jpg,ISIC_0013719_segmentation.png,a54f3c674939c412261233782d76dbc70f8f503440ca8f159acccd00d7a08d89,0.154515584,0.999750480
train,1722,ISIC_0016044.jpg,ISIC_0016044_segmentation.png,3ad776df4c3b3658855d15c82e1606374b8da25edfe5510ca0de336b2af8ec77,0.271830241,0.999462706
train,1723,ISIC_0000225.jpg,ISIC_0000225_segmentation.png,d191030311dc0237931b512e6c83bbc3ef5b9c313ad45ac3c23b87c28c8f537c,0.209014893,0.999950566
train,1724,ISIC_0012871.jpg,ISIC_0012871_segmentation.png,7eec987e901842844f8fb34eec4521f3a75246caa9e83d6124913ae743f5d548,0.093882243,0.999804159
train,1725,ISIC_0012662.jpg,ISIC_0012662_segmentation.png,96754b144da5d35f26aa9843aa977785bf8c1ef5b4779c5c193ee388235461d5,0.102035522,0.999881837
train,1726,ISIC_0011304.jpg,ISIC_0011304_segmentation.png,d8c66cbc0ee01f0a6fbb905c039c4b6d5b2f2cb0b1f41b2087ce3117aa1f635a,0.309417725,0.999782763
train,1727,ISIC_0014286.jpg,ISIC_0014286_segmentation.png,43bf6656b3833427333587d038c4a04dc8da9a40fe8f0e5fc01eb51d02efa5c8,0.165786743,0.999502936
train,1728,ISIC_0015953.jpg,ISIC_0015953_segmentation.png,500ca9d503949fae6f3557ed9d34742c42f9392117af759251ebbbb258b27d22,0.245981852,0.999849844
train,1729,ISIC_0015363.jpg,ISIC_0015363_segmentation.png,ab9aa6b8d066a3ed20d73feb4f490892f40f202dec37027f1a9bb7827a2f8baf,0.345057170,0.999941513
train,1730,ISIC_0015468.jpg,ISIC_0015468_segmentation.png,75eecd1c445a66f1d170dd6c9e3fd9246116d525ab7ce1ff8508f93112aab8d6,0.691762288,0.999530840
train,1731,ISIC_0010229.jpg,ISIC_0010229_segmentation.png,32cb7c428b4f4f0ec8160b192fe61db4aad07130142c746cbeede11d01ee8d0e,0.122024536,0.999942666
train,1732,ISIC_0012702.jpg,ISIC_0012702_segmentation.png,69daf73ca6c10328f8236851b7c34f364faaeed548baeafa53009e5c0bf7435f,0.223363241,0.999867057
train,1733,ISIC_0000197.jpg,ISIC_0000197_segmentation.png,7fc17db0d489b884bd822bb19ee6f1d245da1990532feccacd938684c750124b,0.192749023,0.999962891
train,1734,ISIC_0012523.jpg,ISIC_0012523_segmentation.png,59db423bbe86bcc4ec424a33314a7ad93a26206f94c46ca1f2391b6ace4326cb,0.117609660,0.999885196
train,1735,ISIC_0013190.jpg,ISIC_0013190_segmentation.png,81151da0d2554dc0f758e451ce46f8e667cc141b4bc050c414af55e214d30ba2,0.364283244,0.999520743
train,1736,ISIC_0014486.jpg,ISIC_0014486_segmentation.png,6e43215a76ef5677f3ee1df2b46eec35b9b89081181657452194b22b29571b91,0.149490356,0.999768065
train,1737,ISIC_0015034.jpg,ISIC_0015034_segmentation.png,b47da659e863d680251c520ea1e84c4c7710ec5c8534614dc5a355158f51a6e3,0.561192830,0.999900751
train,1738,ISIC_0002469.jpg,ISIC_0002469_segmentation.png,38e21528e860337b1d0d5353a8b0bf0fad91ea713fe4d18ad4902c977feb0536,0.253774007,0.999890221
train,1739,ISIC_0009533.jpg,ISIC_0009533_segmentation.png,d9f8a2b861e2d3f17c09efe324f36a813f44beacb200f60fa472661df6c05bfd,0.199284871,0.999836103
train,1740,ISIC_0012521.jpg,ISIC_0012521_segmentation.png,b5d82da25faff112ef4a44dda98f1a9edf0ffb7ab736270b26c3066e5b6df50d,0.138605754,0.999805897
train,1741,ISIC_0000006.jpg,ISIC_0000006_segmentation.png,244d5c18ca817678d1bdf3d4c6d1c467a8bd8c61234bed90a464bcd704322179,0.197789510,0.999910077
train,1742,ISIC_0014726.jpg,ISIC_0014726_segmentation.png,3b731105bbba39160f0cc721588efd8dc514f4b7d7e2821e5ed3e789054dd89d,0.368606567,0.999925126
train,1743,ISIC_0012475.jpg,ISIC_0012475_segmentation.png,58f377d2aa0d30b861bea750c8bdaade324d5b39772a191a3ea2700173c92007,0.142669678,0.999909834
train,1744,ISIC_0013027.jpg,ISIC_0013027_segmentation.png,23edbace50ea1bc85c968624a506cdab1257aa16e91fc55fb722b7e17d4276d2,0.154037476,0.999809666
train,1745,ISIC_0011098.jpg,ISIC_0011098_segmentation.png,3411d6c425a2137015e62342593cd34b18002d9404a3f366878c90c38957a849,0.335688273,0.999849463
train,1746,ISIC_0009898.jpg,ISIC_0009898_segmentation.png,8a5f9ffec277efa4992351e9bfb480ef4112585bf15792cb7a72f2e9aea8a6fc,0.165298462,0.999912405
train,1747,ISIC_0014850.jpg,ISIC_0014850_segmentation.png,7f2acf79ad47c63c1ad8d6155b47ac725d87f8ac14b777b5dac51be201de9afc,0.309539795,0.999940300
train,1748,ISIC_0013602.jpg,ISIC_0013602_segmentation.png,dd38d238e617f88ed87eaf1c372847735f5c2a0cba4804eee45cd42c1bf588a4,0.143117269,0.999804531
train,1749,ISIC_0015952.jpg,ISIC_0015952_segmentation.png,e275aeac3aa20125ce2dd5f4f0e1f6de26ddbdb7c1ac8843be62be02b5e7b535,0.196222941,0.999815150
train,1750,ISIC_0011317.jpg,ISIC_0011317_segmentation.png,c4c7ec42c59ceccfcc86dd5dba7c28b8634f48869a0e52660b63ebe23b0b1a62,0.235310872,0.999760222
train,1751,ISIC_0000122.jpg,ISIC_0000122_segmentation.png,baadc65bf41eebc9b6b7d93fc2442fc6171cc09db461cc6667cfcb271b5c8c7e,0.000000000,1.000000000
train,1752,ISIC_0013553.jpg,ISIC_0013553_segmentation.png,de6969e3aa87753d6de2aac42eb0fa99adc5fa6b2a551d4720f33f7e6c0c9135,0.230183919,0.999859292
train,1753,ISIC_0015990.jpg,ISIC_0015990_segmentation.png,896e438d81b4eaae073239709cb6a22fc959d8dabff7ed2a8d08ae5d0310c074,0.171808879,0.999786277
train,1754,ISIC_0011144.jpg,ISIC_0011144_segmentation.png,79ad8c13b16d8a794e60d59e781fbc92baf76cecbe10c630d5a6e6708b295e29,0.412602743,0.999739405
train,1755,ISIC_0000488.jpg,ISIC_0000488_segmentation.png,fff1a993e6643349224e14f2a4ab43e62180875cf59674bba45e67a46e5349de,0.284652710,0.999774326
train,1756,ISIC_0013177.jpg,ISIC_0013177_segmentation.png,1c771e91168f3d6ae19918994572f530b5f0452a921f2f4efe17caef4a389e23,0.232386271,0.999847362
train,1757,ISIC_0014169.jpg,ISIC_0014169_segmentation.png,e13d220fb90d5bf646033f6e4694730bbabbb5f7ee2a7625ccfbed316643e8ff,0.149703979,0.999699824
train,1758,ISIC_0014823.jpg,ISIC_0014823_segmentation.png,4778a5fa23ebf1ddc2a29e4f00d093b1c950c88537e9cb12b8d603abe00d64ba,0.391016642,0.999855820
train,1759,ISIC_0014545.jpg,ISIC_0014545_segmentation.png,e29a98b59de7715d8c7b70b25c068223864a1d5d5ef0f1e4828bcabfcdedf988,0.118555705,0.999884059
train,1760,ISIC_0010202.jpg,ISIC_0010202_segmentation.png,af9db8b25780f218cd30b2fef320e1c56be1de4ed5851dedc208be84ddcb9d54,0.145614624,0.999968640
train,1761,ISIC_0000364.jpg,ISIC_0000364_segmentation.png,8ff5be0c7fe2ff10f999b6919a38016de5c4f0254a978af0af8839078dd5563e,0.000000000,1.000000000
train,1762,ISIC_0000190.jpg,ISIC_0000190_segmentation.png,358c4d992b9a62f9701cf695156a84ba4a79cd4720944eb09ed310abbd0b6eea,0.241139730,0.999963321
train,1763,ISIC_0003346.jpg,ISIC_0003346_segmentation.png,2fffd51de10afa2821c9640db941a458c3b71e6bc0909b9e8c9fb7573bb24806,0.170496623,0.999939140
train,1764,ISIC_0015204.jpg,ISIC_0015204_segmentation.png,70e5e81d511bef7a02534635448b2019522741729e623238d1e6abecbb779896,0.381144206,0.999839915
train,1765,ISIC_0013248.jpg,ISIC_0013248_segmentation.png,114108c5a513e8efdf80a4151509f9f8face93d029c8163a2581063daee43e61,0.064244588,0.999890827
train,1766,ISIC_0000547.jpg,ISIC_0000547_segmentation.png,5cfd444f36931f29891cdd05962e96b96791456b6d8611cccffdb368ba1a0d24,0.153839111,0.999894537
train,1767,ISIC_0013213.jpg,ISIC_0013213_segmentation.png,743fef3974e05868c224f874389ff8b98c4cbf4f6aa3ac74732014c4151a867d,0.216440837,0.999745576
train,1768,ISIC_0012690.jpg,ISIC_0012690_segmentation.png,c6a9becd8fa9330424696e06a657c46bc14269e52b5890fec2d255e7f0018f43,0.187082926,0.999646664
train,1769,ISIC_0015526.jpg,ISIC_0015526_segmentation.png,c764b3610e6f6c0cb9303eca171accfb34f1a9420331f4d4b7ae93813cf86ad1,0.666386922,0.999804754
train,1770,ISIC_0008993.jpg,ISIC_0008993_segmentation.png,fd9fdfccda2a62f0391d547750f55f8918dd23968ca58a4f1d5a7f4b627e2b1b,0.298833211,0.999722462
train,1771,ISIC_0012699.jpg,ISIC_0012699_segmentation.png,7b1fbb5f98cc1af6572b8ed33fe77501e9d47da08f6435670035183fe1c5625e,0.204396566,0.999666964
train,1772,ISIC_0003805.jpg,ISIC_0003805_segmentation.png,2b881e622be45cdcf5b96ab9e287d764ad6cda4f3faa2681a7e4a83dc6c7f050,0.279159546,0.999778379
train,1773,ISIC_0014469.jpg,ISIC_0014469_segmentation.png,761abdba7068675f79ea58d7f6c10e4f678999e5288f02b62899b70809ef65d9,0.081024170,0.999942368
train,1774,ISIC_0014308.jpg,ISIC_0014308_segmentation.png,90306576e4b0de4a735dd2acf34c7103949071e4039f8a52374e8a8ac04dede1,0.094121297,0.999942923
train,1775,ISIC_0010191.jpg,ISIC_0010191_segmentation.png,0b6683cfb39d7ee235b0ec8479220b842132dd5039f469c877b0d5d9ec2f9111,0.206293742,0.999926484
train,1776,ISIC_0014129.jpg,ISIC_0014129_segmentation.png,7d0bf97f9ba704df30733b93632bf069860e2cfffc7e7660acb923bf57df99d7,0.145996094,0.999827082
train,1777,ISIC_0013886.jpg,ISIC_0013886_segmentation.png,a8929fbcbd5c152e051b7d4ef2207dfe6aacc4f2348e257704baca4d4229b036,0.231836955,0.999814297
train,1778,ISIC_0013403.jpg,ISIC_0013403_segmentation.png,bcfdaac91367bc3d861c3c1fa7b08fcfef4f8b065fc07c0ba73414291d3d5132,0.195129395,0.999816893
train,1779,ISIC_0000239.jpg,ISIC_0000239_segmentation.png,f523288ae66e8c0f2748a53642aa5602c56a4cfc410b2c4c14194d1c826510b7,0.079996745,0.999994967
train,1780,ISIC_0013204.jpg,ISIC_0013204_segmentation.png,28bde137680b926c48d2afc0ce91d6d2dde057a43647ba6314c0d24229127d75,0.190343221,0.999811753
train,1781,ISIC_0010380.jpg,ISIC_0010380_segmentation.png,2aa6088c7176a8f60e657806a34fe73863d335bc103fa6ca0c9ce1a8d92406d1,0.195658366,0.999707254
train,1782,ISIC_0009931.jpg,ISIC_0009931_segmentation.png,d5cdc3f4d22a72503f8f59f7a3d79fe502d9d013283cbf983aa5315a2fb577f7,0.211146037,0.999936231
train,1783,ISIC_0000031.jpg,ISIC_0000031_segmentation.png,fc8e9088995354340d34eca1a05b6a05e9c6a8ce1a166ebbbfe8ea21e686287c,0.146163940,0.999970154
train,1784,ISIC_0000321.jpg,ISIC_0000321_segmentation.png,0c57015743aafb0736c021b1c09ff7afe1022b328085383ed773c5c5f66ed9f2,0.000000000,1.000000000
train,1785,ISIC_0014862.jpg,ISIC_0014862_segmentation.png,2059dacb07f137cbab68b2966486ed6125daa02b14c10380a4b8bef3bef2cf18,0.525349935,0.999796028
train,1786,ISIC_0014903.jpg,ISIC_0014903_segmentation.png,2136fc2ec8d6e6d9409a7e88bcbf4685054d44950a0354069ff4dcb439684caf,0.349685669,0.999933651
train,1787,ISIC_0014708.jpg,ISIC_0014708_segmentation.png,f48a994f5f289f2d53949fcb84683be8e543e1de9659eeeebfd0ddc542d65881,0.590688070,0.999857244
train,1788,ISIC_0009970.jpg,ISIC_0009970_segmentation.png,dfdf639af6ab221d36231e1adfa2bcae3343a1a4fd24d99bb3c59e129bc84c75,0.232447306,0.999925617
train,1789,ISIC_0010046.jpg,ISIC_0010046_segmentation.png,e25bd4eddd0624d9a2f4962d14a0127bb9629c443f87be11a99e83cf44986b8a,0.212346395,0.999894699
train,1790,ISIC_0012706.jpg,ISIC_0012706_segmentation.png,454d0252c9953b00bebdacb37c305dcc5f4f6c34798687b9e14f2385d3fbf36a,0.297083537,0.999664710
train,1791,ISIC_0014808.jpg,ISIC_0014808_segmentation.png,afe587a036496afe7d94a216f57712f9608915aff02c83cb512690e8d55be6d6,0.457814535,0.999922259
train,1792,ISIC_0011367.jpg,ISIC_0011367_segmentation.png,e012ab234224b8223489861caa3eefee3ef8cabfa4beb75dba74718b0547d0d4,0.151138306,0.999684544
train,1793,ISIC_0010067.jpg,ISIC_0010067_segmentation.png,0dcb115eb3b90b76af89849ca301086171b1a27130c160279df48ed4e7b193d8,0.195343018,0.999873885
train,1794,ISIC_0013007.jpg,ISIC_0013007_segmentation.png,f2dbde6c6d6b1ffccb8446b77e3e48a8aa4596109f66248f44fdc1c518aef66d,0.218846639,0.999842103
train,1795,ISIC_0007796.jpg,ISIC_0007796_segmentation.png,8f5145c6b83ce8a0e9b74671cb3ed0b36c2189c64bded210d40de3f9c5dd4061,0.285044352,0.999545417
train,1796,ISIC_0010370.jpg,ISIC_0010370_segmentation.png,8837da3bf83b89ffe9b2dd1f28f244d38dc1171193c698b6b966a3d6e29f00ff,0.403915405,0.999648048
train,1797,ISIC_0013765.jpg,ISIC_0013765_segmentation.png,8827ec0cfc1dc595ba6ad375f73411443b103a6c2da183f54fa5faee44790c39,0.219350179,0.999853176
train,1798,ISIC_0014190.jpg,ISIC_0014190_segmentation.png,0496d289d80c2b2781ff4de5341739b24200ec20fbcc9622fc7a00ee419293ce,0.099863688,0.999938625
train,1799,ISIC_0015037.jpg,ISIC_0015037_segmentation.png,9147034e6e40284a8b6b95980a141ea718a6c1a72b77b255aa48f316d8a956e1,0.419748942,0.999941175
train,1800,ISIC_0000434.jpg,ISIC_0000434_segmentation.png,107a55863037ebc15f30f4b79e40264eddf5aced04ffdfc003d3d66c7b1ff8f1,0.109461466,0.999950250
train,1801,ISIC_0000510.jpg,ISIC_0000510_segmentation.png,c9a3f193dd8ec3e1835f01ccfb6b5ad8978d4f6565b85a38d7844985b9baec92,0.311676025,0.999896619
train,1802,ISIC_0015146.jpg,ISIC_0015146_segmentation.png,124b3962ac4ac9ad66d93eed99f73d30bb40cb8c6fab2e96892c366ddda6d64f,0.514714559,0.999924397
train,1803,ISIC_0012285.jpg,ISIC_0012285_segmentation.png,593d834a4ae170c18cf4d5b898c45eecd4c01b9788f195c0898dabdbd95c4a25,0.235015869,0.999961217
train,1804,ISIC_0015447.jpg,ISIC_0015447_segmentation.png,28c20ff99440e2db77db5c8c5103f36cc2bdf3a34fdb006571fa9f2e811e53d7,0.527501424,0.999906255
train,1805,ISIC_0015179.jpg,ISIC_0015179_segmentation.png,ff87beb0be0374c6ca50594e5aa9ec7b5a0aaffa91a6a22d291f45b768c52791,0.556437174,0.999829765
train,1806,ISIC_0000071.jpg,ISIC_0000071_segmentation.png,f532f8fd2ffac31461fb6bfd53d6a440c47f71829e7d6f6fdd08348243a434d6,0.066691081,0.999992686
train,1807,ISIC_0001427.jpg,ISIC_0001427_segmentation.png,e6440c6200cbabef331594e920980e83295a60040fbbbd4821d7a5ad5df74334,0.217956543,0.999916070
train,1808,ISIC_0000554.jpg,ISIC_0000554_segmentation.png,cd74b701478a32456ddf90c160a69ba70257193778f8bb63904b5b18bdf30d11,0.186884562,0.999907646
train,1809,ISIC_0000392.jpg,ISIC_0000392_segmentation.png,14c90238f95af3a4b4f282c7c61c76054131e065f7545595cb845b8bae5c951b,0.071772257,0.999854406
train,1810,ISIC_0001374.jpg,ISIC_0001374_segmentation.png,b3da9786530b9b4db8da487b056a0d799c026996be8aecd048b35c2c515c728e,0.305165609,0.999834299
train,1811,ISIC_0001133.jpg,ISIC_0001133_segmentation.png,c0c74cc6ef08de78e2526448f4dbb24bdb01a75dc02d7e11ab61538d42d7d3f8,0.126215617,0.999982464
train,1812,ISIC_0015002.jpg,ISIC_0015002_segmentation.png,4cd34a88b380e18356779f360a228c9921f1747e5bbba78a78381fc23ec13d1b,0.401133219,0.999925078
train,1813,ISIC_0001191.jpg,ISIC_0001191_segmentation.png,18cc9cec32e0119e93c111f83cb0f2bee97e16e2ee39427bfcfa4e250dbdab85,0.231847127,0.999841059
train,1814,ISIC_0015593.jpg,ISIC_0015593_segmentation.png,c6c351dd1560cc15edd68b900bf319a53a0d34ae5ad844298bdff2a43e51ab06,0.612869263,0.999791673
validation,0,ISIC_0014586.jpg,ISIC_0014586_segmentation.png,8898e7373263f08ec20a29bcd7490191dfcd4d06e84169638d6c1b6555d17e6f,0.161829631,0.999962952
validation,1,ISIC_0014525.jpg,ISIC_0014525_segmentation.png,9e7066367cc243a0b6e8d16deca56d7b93dff5c12e612b681513f67ffbdbcdfb,0.150324504,0.999811197
validation,2,ISIC_0012338.jpg,ISIC_0012338_segmentation.png,6b2b4b1bab68bbb1958a1db80c8ed2f436da46c3f81effa39435c967222ae942,0.212036133,0.999323539
validation,3,ISIC_0013065.jpg,ISIC_0013065_segmentation.png,80aa15d78d47e026c80118d7a90d0e5aab49ec02cc345d2a68879a0e24198c66,0.148610433,0.999776649
validation,4,ISIC_0013917.jpg,ISIC_0013917_segmentation.png,302de6652eccf836458d11b2a7f404ce098c11910cb3c09f51861dfe07b08f15,0.548268636,0.998908299
validation,5,ISIC_0011164.jpg,ISIC_0011164_segmentation.png,a600c156cc61270d6b19a08662a8cfc85f51ee93fde2f0835957c5c96522e025,0.241419474,0.999766608
validation,6,ISIC_0012332.jpg,ISIC_0012332_segmentation.png,9e0d40b0586ccbb6116faf4dd17fd5b75521ac75fb93dc5d65ad6ff5cbed68a1,0.126673381,0.999876839
validation,7,ISIC_0015043.jpg,ISIC_0015043_segmentation.png,a66ac66b282c3a7795304cb7119718643d67382d42d0850b3772ee52591a26e9,0.556513468,0.999817688
validation,8,ISIC_0000523.jpg,ISIC_0000523_segmentation.png,a7a35af3173c1a56f3873be596ad5ef4e5193d05cb459b3897a6188ec51bb460,0.251978556,0.999785672
validation,9,ISIC_0010435.jpg,ISIC_0010435_segmentation.png,ea8ecdf28599c7a1441e8a9c522d2f42969b4e26c3f8c54e4f1ac756f1b24056,0.319025675,0.999772892
validation,10,ISIC_0000201.jpg,ISIC_0000201_segmentation.png,9a414c1d7f2edecefbe678711b773ea22766aea0f1dce551e1f4bdbcc0f85f23,0.212687174,0.999960163
validation,11,ISIC_0015250.jpg,ISIC_0015250_segmentation.png,3f13c519d84efc27a361738d8921119323a4e210b15aa426dafc3402329a26ee,0.499588013,0.999821510
validation,12,ISIC_0002374.jpg,ISIC_0002374_segmentation.png,3096ae8d09a1981cd8231f0e9f2d7addd9a3f9337aacaa257e86ceace078f8ae,0.238057454,0.999919684
validation,13,ISIC_0015975.jpg,ISIC_0015975_segmentation.png,133b90c6c99e82707c0cca37c9e6cb04dc3a02638e1b5fe1fa6ad8d683482961,0.220932007,0.999791655
validation,14,ISIC_0015163.jpg,ISIC_0015163_segmentation.png,42a4e5bc648210583a1cac459d774451be39b64b5a3533b62554d169b6d2da74,0.392267863,0.999880792
validation,15,ISIC_0000029.jpg,ISIC_0000029_segmentation.png,f0254f9ddc757c32f6b7f908ebd94b5c85599726945c2b21ef8d0497fb8fa07a,0.164677938,0.999984234
validation,16,ISIC_0016022.jpg,ISIC_0016022_segmentation.png,049c05dc4c4c45f2e30bca47370de5d44c073fc2e50a8152fa738d3542dbffda,0.203160604,0.999794984
validation,17,ISIC_0010357.jpg,ISIC_0010357_segmentation.png,b0cb5da6873311002d3fd0b785fa7d561ec3ba8519da2abe9717a5fc05271cd6,0.205830892,0.999673184
validation,18,ISIC_0012670.jpg,ISIC_0012670_segmentation.png,48e671a0fbf4222d6ee69fd4dc6b51f09fcd71e4df733931e8acc9630bdd9cce,0.101715088,0.999976090
validation,19,ISIC_0011121.jpg,ISIC_0011121_segmentation.png,d4399d5e0182298689f56f8f92bb89d75c93436ec11ec4d604814fcef00ca3cc,0.237803141,0.999942467
validation,20,ISIC_0012259.jpg,ISIC_0012259_segmentation.png,1ff8cb68824ae454c85e674310a266da62b5eea1f882990319b1d2bab33a1363,0.196767171,0.999719227
validation,21,ISIC_0000541.jpg,ISIC_0000541_segmentation.png,0e5fe10c36f33dde2725bec23f80412af9ef5705fe5e9fedaf6829e726ffd482,0.165512085,0.999947471
validation,22,ISIC_0014324.jpg,ISIC_0014324_segmentation.png,117636ef83ca493ced53a50e8bcd64d30fa347197c2cdbcef20d0f9be68cc22f,0.105855306,0.999928212
validation,23,ISIC_0011208.jpg,ISIC_0011208_segmentation.png,d6c5f8f8589df0aa8657283146f2f5f4e9172d1726e2c509e850157065925457,0.125223796,0.999859196
validation,24,ISIC_0009160.jpg,ISIC_0009160_segmentation.png,aad77c398e39c4ca5817b3ebb0e172ed7b0211744fd9cad53c2669e643e9724f,0.272979736,0.999703899
validation,25,ISIC_0010341.jpg,ISIC_0010341_segmentation.png,e4d47303bd02f24e1d4c64ccb0ec5b63dcf015ddd8957df014260e26bf926de3,0.334294637,0.999840229
validation,26,ISIC_0012369.jpg,ISIC_0012369_segmentation.png,f7a86b34c882f200cddd9cb881aa7dd4c0951d399c2f563cd04a6ed659d89bdf,0.184015910,0.999767538
validation,27,ISIC_0000327.jpg,ISIC_0000327_segmentation.png,da68ca6d654085000a3ee703305b530897089ae0e23afccfd30ee8f6f32c8c96,0.000010173,0.999999998
validation,28,ISIC_0004715.jpg,ISIC_0004715_segmentation.png,e527d0a1084e0bf70da73327e1e501acddd9c402358d4fcfb98c0d24fd407aaf,0.323715210,0.999663092
validation,29,ISIC_0015390.jpg,ISIC_0015390_segmentation.png,ca6dd6e689f8606b3f9732502228239fb257f10009606ad68d721cb9d7c66905,0.761306763,0.999497099
validation,30,ISIC_0011171.jpg,ISIC_0011171_segmentation.png,9878a0d575cfdd2b1f4e198885e4c0e42bd8ac1a812ce4dcf351bec478a372de,0.105616252,0.999948437
validation,31,ISIC_0010493.jpg,ISIC_0010493_segmentation.png,bcad7359a574e335033b764e8c5da6bf9818b7ecc771397f093b8824e226b0cd,0.241709391,0.999950344
validation,32,ISIC_0005639.jpg,ISIC_0005639_segmentation.png,0ebcc3bc8d62fa0b20497ad3d86b3acfe00cf3c487d1e9b136720b57ff34424b,0.275675456,0.999846295
validation,33,ISIC_0014869.jpg,ISIC_0014869_segmentation.png,25bb739a6264b72040b7c69f3cebb10d3deea00755f9e7d00411e5332c29613b,0.433364868,0.999883016
validation,34,ISIC_0013104.jpg,ISIC_0013104_segmentation.png,a71784099850e216b5f455365aba43cfab4385b0ca7839fcdd2d0c275a839efa,0.230499268,0.999897264
validation,35,ISIC_0014666.jpg,ISIC_0014666_segmentation.png,6c1eb7a9f049ea31d33f78365c2d417faa246220e3b919f662cac6f23252449d,0.403772990,0.999898964
validation,36,ISIC_0008528.jpg,ISIC_0008528_segmentation.png,7cff9a84f6a594b1eb867286f2ef0cee23824a8327735eb56eccb97dd362ee9a,0.185460409,0.999863694
validation,37,ISIC_0009877.jpg,ISIC_0009877_segmentation.png,994c01f88bce93e49b8e6bcce2b75265e2642a8f8208bb02f1d370d8d7562867,0.219319661,0.999899832
validation,38,ISIC_0010022.jpg,ISIC_0010022_segmentation.png,e2ad92766b83f015f56398bfe5b7a193ef4711f8a25ece11d04b1b6174043efc,0.164693197,0.999942560
validation,39,ISIC_0013984.jpg,ISIC_0013984_segmentation.png,9e9fe9b94e9d4e47ac445c6e85591dc3c1dcf5153ea5d616b30655a48471ae6a,0.234303792,0.999915209
validation,40,ISIC_0010479.jpg,ISIC_0010479_segmentation.png,44dd22e8afa5ba04c3498ff846ddf2ab713cae0c9669e94fefe6bfb80a6c818d,0.137120565,0.999822800
validation,41,ISIC_0012179.jpg,ISIC_0012179_segmentation.png,631b9db8dae3035a439ebf0ecbc4e682b9a6bd0a227d74f5ee833d8e17e13a2b,0.261159261,0.999933589
validation,42,ISIC_0014942.jpg,ISIC_0014942_segmentation.png,6f5164775a5dc208b83054fddfac86bcf10e3a3e242bde398ec330561135e135,0.490371704,0.999742975
validation,43,ISIC_0011156.jpg,ISIC_0011156_segmentation.png,d788b93bd6204b2708b49b744b5334d29c6ab3a1c64d40e4560a478d71f9f5a0,0.212763468,0.999935200
validation,44,ISIC_0015149.jpg,ISIC_0015149_segmentation.png,349eda0a6ba94559aa3f25e2d8b26b01e03ee594e6042de2c0df32f882f7b417,0.365915934,0.999938772
validation,45,ISIC_0015203.jpg,ISIC_0015203_segmentation.png,1f640a05aa3e6379d27cd78c504ad78d5650c7d7630c80535bd7e1b93d4c2ff7,0.407989502,0.999925369
validation,46,ISIC_0006800.jpg,ISIC_0006800_segmentation.png,e5f148324d8eaae8ea3201c22ec7d51fcdcba4fe9637124f9afe5b45cad542ac,0.312601725,0.999756971
validation,47,ISIC_0000492.jpg,ISIC_0000492_segmentation.png,9127e1c7aec097d03a1e84319446c92b84d7b8d386f6c5444d451674545c17a7,0.221181234,0.999306479
validation,48,ISIC_0013796.jpg,ISIC_0013796_segmentation.png,e9d4f8e1c144143f506db76de63d42d650db9d98cef3fb40524351e51721ae38,0.203435262,0.999767525
validation,49,ISIC_0006671.jpg,ISIC_0006671_segmentation.png,9534705e815788da3f0512cf7d46e85116e1072175d1517812480515fd531bce,0.347630819,0.999810999
validation,50,ISIC_0014117.jpg,ISIC_0014117_segmentation.png,1d6aadaf30bc3ddf33e6fb2532d7e363b764033eff178499caefbd7054bb0a3c,0.100265503,0.999932613
validation,51,ISIC_0011081.jpg,ISIC_0011081_segmentation.png,db8aa7e359c8b396c9520e0c9cec93f11bf2a69598e3dc99c4c6f1ef5a0b37d4,0.330708822,0.999423917
validation,52,ISIC_0000128.jpg,ISIC_0000128_segmentation.png,e74abc6d1589018324a3ccce795f2f02aea6a2a2071e214568a09c2a4996108e,0.205337524,0.999934813
validation,53,ISIC_0012660.jpg,ISIC_0012660_segmentation.png,19c977dfb1c4bef85a9c8cc54a1de6bccf0f0c1d1f04ec0e10175ba9805d70eb,0.322219849,0.999712208
validation,54,ISIC_0013621.jpg,ISIC_0013621_segmentation.png,9d48551a40f1375f205741dad8e287ef2dcd04cd51e17718659c8ba9d004aecc,0.213785807,0.999822068
validation,55,ISIC_0014394.jpg,ISIC_0014394_segmentation.png,39b5c6ddcd0e985d83869d05096c4ea8ee81a1e42986bd799fdc96a25290bbdf,0.171010335,0.999845693
validation,56,ISIC_0013789.jpg,ISIC_0013789_segmentation.png,076019618f2b1d5a211ae8855a56562888b49bef47f2aba5f905f25e7b656913,0.189325968,0.999874288
validation,57,ISIC_0013595.jpg,ISIC_0013595_segmentation.png,4728e0564cdc3b910205ca7933db4fadc6e352ab5b9d95bd5443be5be9a2308c,0.084655762,0.999943825
validation,58,ISIC_0015962.jpg,ISIC_0015962_segmentation.png,de9c8ce0bd23af7b64f25a6d2b3e1f20a639793db05aaa8194624b92a52a452e,0.147552490,0.999708737
validation,59,ISIC_0013600.jpg,ISIC_0013600_segmentation.png,bf4e4d7887b6f71a194a22c6bb3237228f318d2781adf955e169c4158532ec7a,0.137751261,0.999803068
validation,60,ISIC_0014144.jpg,ISIC_0014144_segmentation.png,e2086c50f5d766bb8fb51d3ad1c324c1bfd2006890eb73778ec3058201ed0a87,0.111012777,0.999910510
validation,61,ISIC_0015974.jpg,ISIC_0015974_segmentation.png,1e734fa2c11c41ff0b76f06744e1951ac6c9f25046a92ef7478db429706ad56c,0.206405640,0.999861398
validation,62,ISIC_0000521.jpg,ISIC_0000521_segmentation.png,8dc165f4adca9c2a3d03507b0abfece7c853bb9daaf0a2b2422cf3dfc3ec70c5,0.111750285,0.999973597
validation,63,ISIC_0015260.jpg,ISIC_0015260_segmentation.png,7fd5f9be1cecf75b912f18609a769e90fc6239cc597d178194e2ccdc906d7b3d,0.615152995,0.999874811
validation,64,ISIC_0015150.jpg,ISIC_0015150_segmentation.png,06ed2b60949752d4f5e2c6b0c67cfbdf9d3e3cdd3df4df932be65f1a31af30cf,0.440322876,0.999897603
validation,65,ISIC_0001262.jpg,ISIC_0001262_segmentation.png,f36729fa4ed80d7a3114c1265f51883c63880a71c71fedd8636ae0ab3aed473a,0.323867798,0.999742488
validation,66,ISIC_0014454.jpg,ISIC_0014454_segmentation.png,36bf92012ebede6d681e0d8ab6d54871142f9edb1ed3b463e2fde9cca9a7d7f0,0.108622233,0.999933276
validation,67,ISIC_0009583.jpg,ISIC_0009583_segmentation.png,3344aa33194317d7f59bf50e29f90b2370b1ffc29993da4594d1f3ea60a2b010,0.188964844,0.999942327
validation,68,ISIC_0014162.jpg,ISIC_0014162_segmentation.png,d53d8853a41e00dba3295e6d3cd6362a31adbe29e74bbe33c4eb6b5fa5ad1482,0.137873332,0.999629982
validation,69,ISIC_0016000.jpg,ISIC_0016000_segmentation.png,fe30198d9fdd1df1860c9f84e698141d0391f7e2764b6deb31e86854dc1e8d19,0.261708577,0.999866308
validation,70,ISIC_0010017.jpg,ISIC_0010017_segmentation.png,91f18eec694cd703ae1eff21b54f4a237c75927812e8f50869692fb2fd4da3bb,0.286900838,0.999918644
validation,71,ISIC_0000288.jpg,ISIC_0000288_segmentation.png,cae87a2361b9475447069950a047934eec907f6fa40be3fffac8d23fa2f7f15a,0.225911458,0.999968090
validation,72,ISIC_0012415.jpg,ISIC_0012415_segmentation.png,e1bb86942b538011c8ddcceb7e2f25ae532e11287816fbba502bc732c6d7119a,0.233601888,0.999877358
validation,73,ISIC_0012941.jpg,ISIC_0012941_segmentation.png,bfecf26e30b7d6c25ac4f8a2473c3f7080d989f9022bfd191cf4565a46c72f7d,0.174682617,0.999812195
validation,74,ISIC_0014925.jpg,ISIC_0014925_segmentation.png,16b1c016bf8dba58f0845115ef3fcbde5dcc7b28beebd31a2218b014ef72e90b,0.616363525,0.999812379
validation,75,ISIC_0000315.jpg,ISIC_0000315_segmentation.png,d326a7f8fd9fa7bfba71c58df0f936ede4f26b663d6f99cf2b11ba71969ac8b8,0.000000000,1.000000000
validation,76,ISIC_0013287.jpg,ISIC_0013287_segmentation.png,4099f57d0fef4907f0cdcc0604125bbf219e401c07aa3b650b8ad18504b240c9,0.184611003,0.999759624
validation,77,ISIC_0012705.jpg,ISIC_0012705_segmentation.png,2a55959fad5ad92ec34cc2baab961d9da377b2bd637ba0e0e46aab9e63ec41c8,0.242645264,0.999880202
validation,78,ISIC_0010558.jpg,ISIC_0010558_segmentation.png,0dc1803947f5f21fb8c7fc08f09a28a1e42ec5a4df0ce7934a2e77820eea70f9,0.153834025,0.999927668
validation,79,ISIC_0013227.jpg,ISIC_0013227_segmentation.png,406061091097fa679452f14256c4796bf3fd22f0f0283d1ba6c9dc61f6fd6162,0.202855428,0.999889600
validation,80,ISIC_0015132.jpg,ISIC_0015132_segmentation.png,416fe87e044fdc42037e2bc66643bacbdaa12ed0b700f4513c0242ce2a764199,0.593770345,0.999889460
validation,81,ISIC_0014908.jpg,ISIC_0014908_segmentation.png,b466d1836df54f3a9b6a1774c7e15872fd12f26124dfb8e7eb1acb042cfe04b8,0.712600708,0.999730075
validation,82,ISIC_0011095.jpg,ISIC_0011095_segmentation.png,79189f550df87059cafda0e9b97db4a7f0ed5fc34d4950b77feb8cc6f63c1283,0.263295492,0.999857794
validation,83,ISIC_0000132.jpg,ISIC_0000132_segmentation.png,7196998ab77087de335f1e0f39b746255eb61b12e59f3cc51ce1d2898058d938,0.000000000,1.000000000
validation,84,ISIC_0000171.jpg,ISIC_0000171_segmentation.png,6f7b573465ea5bc225ee210e05010e7464bb2d96451a820c0c3df24a7182fa0e,0.205627441,0.999965773
validation,85,ISIC_0000115.jpg,ISIC_0000115_segmentation.png,e2cb3ee418320a37f1cb8dd713f1e77462ead1976b56b0f3dd84ad1d4e1a23cd,0.265029907,0.999939760
validation,86,ISIC_0009899.jpg,ISIC_0009899_segmentation.png,955562d5be7c005c7b274abc73edc86131def72fc78db7a27b87de8d5407107a,0.165451050,0.999783207
validation,87,ISIC_0012658.jpg,ISIC_0012658_segmentation.png,994b04e37f7425a0b7a3f3e4083e0aba872b6962f164e36c6db78b188a6fab98,0.298685710,0.999715445
validation,88,ISIC_0000063.jpg,ISIC_0000063_segmentation.png,e9f321dd961c56b684a356055e6c0b394eec5ffe2c19ad1bd3dbc857f7f0e305,0.118128459,0.999981209
validation,89,ISIC_0014360.jpg,ISIC_0014360_segmentation.png,b7d756a3f567423063a4f857a019c30115f07e8f63615a6e7ab65581042318ef,0.102406820,0.999927763
validation,90,ISIC_0012877.jpg,ISIC_0012877_segmentation.png,3932badb287e76333e27672f71c6c10844f4a8b2031773fb473c5148abdd8c68,0.146458944,0.999728013
validation,91,ISIC_0005187.jpg,ISIC_0005187_segmentation.png,ab9a276c3130791c710fafab1b85d9f60d8c4e1638fe2274555ac61971b945bb,0.293584188,0.999437249
validation,92,ISIC_0010174.jpg,ISIC_0010174_segmentation.png,c1398e290c66fd7f2946319c349e18460c6050f7effa86132872827ca09e3e28,0.237436930,0.999817608
validation,93,ISIC_0014572.jpg,ISIC_0014572_segmentation.png,cedc365eefcec6873839229e1ce33017c8cc666c33a2a01e5e5bb26bb4b33e0e,0.130147298,0.999965694
validation,94,ISIC_0000014.jpg,ISIC_0000014_segmentation.png,c3f0e571b5867253bb5cce55296d7c72167872821382f2df2cb33f58ad078e30,0.129135132,0.999906121
validation,95,ISIC_0009915.jpg,ISIC_0009915_segmentation.png,a66e39717096313a3f616f01d6900c69876a739b21abd95200bab29aa3cf0eec,0.222798665,0.999898618
validation,96,ISIC_0000245.jpg,ISIC_0000245_segmentation.png,2e6131d5b58e7029bce3de9f037e341a1767677ea38c61364561b0dbff379df5,0.102752686,0.999910288
validation,97,ISIC_0010192.jpg,ISIC_0010192_segmentation.png,6f51e7e78315bd9f895cedaf677c50d103ebab83fa849f718eb505f280e2819b,0.176152547,0.999927014
validation,98,ISIC_0000017.jpg,ISIC_0000017_segmentation.png,168c2d4bb8d2a7e6a86fd27994bc1708023013d5b3c9c6895193ed7603397245,0.136144002,0.999933135
validation,99,ISIC_0013961.jpg,ISIC_0013961_segmentation.png,9f34ffc44bcb33714f5d38a1f90a1cd04ed8ce5716b9a35bcdc77cd57697cce7,0.229380290,0.999926646
validation,100,ISIC_0015136.jpg,ISIC_0015136_segmentation.png,07a2f267d1f861c32ca114e0c1d68a1e33da02d6631ffd3887573f98e24393e4,0.625528971,0.999891178
validation,101,ISIC_0015991.jpg,ISIC_0015991_segmentation.png,0c829d369cd0eea143e483b971d411ec674cdc5e6f64400b7c5c402f2659cc4c,0.175003052,0.999700513
validation,102,ISIC_0014730.jpg,ISIC_0014730_segmentation.png,f21e82aa291081631a53eb5239f39f7c7080e0ff52b2da022f31196dc3b3e9c5,0.483418783,0.999833444
validation,103,ISIC_0009896.jpg,ISIC_0009896_segmentation.png,d49da1cc7462694f4eecb2ccdf62016f7f70ee772b32c94f9d8050c47d2273b5,0.191411336,0.999924053
validation,104,ISIC_0000483.jpg,ISIC_0000483_segmentation.png,77d981313da853055a351a2711a61f653bf621852991b09dde71237d4da3728a,0.206090291,0.999935400
validation,105,ISIC_0015284.jpg,ISIC_0015284_segmentation.png,9261c5954d72fce39c9fd44ec3bf3688a25a5b44624950e875a8d6a10b6de4b0,0.529668172,0.999863899
validation,106,ISIC_0012378.jpg,ISIC_0012378_segmentation.png,89ab2b245180804fe6ee0c41c3ed443d292cb82a52eb7fea55019f1e367c8be3,0.126887004,0.999699413
validation,107,ISIC_0013109.jpg,ISIC_0013109_segmentation.png,24222d6753e40e05037dcd072338fdf375ad1c764a2f0dde9cf19e5875dfb5bb,0.244979858,0.999751692
validation,108,ISIC_0000287.jpg,ISIC_0000287_segmentation.png,72d04eff3b8aed70a3f21c19d78d04f839b1ec148780479e0a154ab15ac9f476,0.091283162,0.999991987
validation,109,ISIC_0011127.jpg,ISIC_0011127_segmentation.png,c813c8418027596935896ace24cb4f841f54b4870d1b5b0b0014ac59e13a46a9,0.181182861,0.999854566
validation,110,ISIC_0014787.jpg,ISIC_0014787_segmentation.png,a8717a8235a793b3dc954cd6dc130e7bad2bee673d8d076db305d96ffdb1c115,0.622116089,0.999859685
validation,111,ISIC_0013577.jpg,ISIC_0013577_segmentation.png,25149deae80b29d5664eb7a73aab3f88dda5003e3a0e61c2ac0beec9973e03d9,0.209915161,0.999734304
validation,112,ISIC_0013626.jpg,ISIC_0013626_segmentation.png,7ef3f5434d73af6e0bb29c9f5897de07848781e0825a4271fc58f094ea2ef1cd,0.168574015,0.999898197
validation,113,ISIC_0015998.jpg,ISIC_0015998_segmentation.png,d25b27b7d542e78075f3f28d79f11f3d402897f02fee8e388e492c0e5bdc9ef3,0.111445109,0.999870720
validation,114,ISIC_0013094.jpg,ISIC_0013094_segmentation.png,18bc68644e08d86cc7369218da32414a478e3e414085164632c27f3864ecb689,0.260340373,0.999819305
validation,115,ISIC_0014558.jpg,ISIC_0014558_segmentation.png,f0f8d99e00f9e5433d5dcf8a15c5386655cd379a1d27f9d0daad48ee60a2c4c5,0.148371379,0.999855275
validation,116,ISIC_0000377.jpg,ISIC_0000377_segmentation.png,f90f748f744d7c80cd57065fb1b1a88d86410a086a5546e4a6dac9f36f93e475,0.082728068,0.999968918
validation,117,ISIC_0015311.jpg,ISIC_0015311_segmentation.png,0001dd3f6885d480a5323bb3a814c5e4ae3306fb7ef462f7d7fcfa333e40dea2,0.706420898,0.999722254
validation,118,ISIC_0006711.jpg,ISIC_0006711_segmentation.png,2feba34882cbee8a5f0749e7e8a5dab4f455def9e88dec0ad520e32fc550af67,0.195907593,0.999932173
validation,119,ISIC_0015939.jpg,ISIC_0015939_segmentation.png,d495d1162ef7e8f8220063e97930e6b8f6f4c04f4dc0289746df36738e1dc864,0.071019491,0.999934683
validation,120,ISIC_0013529.jpg,ISIC_0013529_segmentation.png,ef91fefc35eecd56285baf64b00c86a2d40581727f50cfc4bc689f6bc720afa8,0.199671427,0.999788204
validation,121,ISIC_0000249.jpg,ISIC_0000249_segmentation.png,4dce187c84f5bbeb2b775197026c0ac594d3d55f3a05efcbd2f3ea04b1752cda,0.108846029,0.999989682
validation,122,ISIC_0012506.jpg,ISIC_0012506_segmentation.png,0b62edc7c4051bb055c06cafb6d06e4adb347a2a3cfb159071bc55316091e1bf,0.153681437,0.999659251
validation,123,ISIC_0011372.jpg,ISIC_0011372_segmentation.png,6a81a61c9a12d4f19bf6ff3c817403bf350fe7a96db3f6c444c156603f45d644,0.295435588,0.999811320
validation,124,ISIC_0015401.jpg,ISIC_0015401_segmentation.png,2efc71b6162a7edad59bfc2542c5a941d416003fe16f73ad38ade01521a4f981,0.584818522,0.999737970
validation,125,ISIC_0010466.jpg,ISIC_0010466_segmentation.png,252089e6576221fc8664bb7e8c5da63c973231f6d09fe8c080b45ce5f96ce9ba,0.173583984,0.999799690
validation,126,ISIC_0016006.jpg,ISIC_0016006_segmentation.png,9238d070bb1e87309b703b9a1626b2f8b0899b4dd3d598dda44a9f6392a17fd1,0.294789632,0.999673792
validation,127,ISIC_0014027.jpg,ISIC_0014027_segmentation.png,5719ec910b68f8fc3ffc56fb93d55e21fee34517c03e8f5bb6859bbc07689289,0.255869548,0.999725682
validation,128,ISIC_0011110.jpg,ISIC_0011110_segmentation.png,e6d1728d7f42ef40edb0fecd411577ac3c628b68640d93ab47a77bd4d4c6d00d,0.089696248,0.999956875
validation,129,ISIC_0000057.jpg,ISIC_0000057_segmentation.png,1147f81bc93444d5f84c2fea80ca693e958ae5f22c989e49524d37c3d7aa6173,0.094350179,0.999963512
validation,130,ISIC_0011224.jpg,ISIC_0011224_segmentation.png,11e534fccd8c554f59ce61947cbdcc3c682e649e63c4994343e5de0217943347,0.189798991,0.999856016
validation,131,ISIC_0004985.jpg,ISIC_0004985_segmentation.png,13c8904f642fc882faba60dc1abc57420e476ab9ad071eb69da19e195891686c,0.245788574,0.999930863
validation,132,ISIC_0013311.jpg,ISIC_0013311_segmentation.png,b498cd95856cb8e992ee78bf39b416c466ce22070a943f0a17338b0b9b37aa27,0.451049805,0.999580958
validation,133,ISIC_0012246.jpg,ISIC_0012246_segmentation.png,d2fb97fd0aac51e27b1c4c9df96011678125ebe152263abdcb94dd8dfdd15f25,0.185058594,0.999888165
validation,134,ISIC_0013163.jpg,ISIC_0013163_segmentation.png,2726c798e1fbc566bf06c58406de992ec4c708a877471b2390d905f93926aed6,0.472371419,0.999484351
validation,135,ISIC_0015035.jpg,ISIC_0015035_segmentation.png,50092deab9face7027bf44905e16c4ddc526d0a0d8115b18e4c06231bb300bd0,0.632797241,0.999622467
validation,136,ISIC_0016046.jpg,ISIC_0016046_segmentation.png,9e3eb3c27bd56d8d597c629002f79e111012858f39446b8448fe4ca65be2d6ea,0.081873576,0.999933173
validation,137,ISIC_0013417.jpg,ISIC_0013417_segmentation.png,8d64437a6670982941fe6e591957787a2663f20b9cd94204093d4a7297659276,0.242279053,0.999455200
validation,138,ISIC_0000313.jpg,ISIC_0000313_segmentation.png,08cd259b33f7794555e4a5a5d8274ec896cb7f4a1293bcebe832820e34ee925f,0.000020345,0.999999997
validation,139,ISIC_0012659.jpg,ISIC_0012659_segmentation.png,bd34915a1aa2bc033ce131c9372381848fc68ea9176f80f23a19c6e884e6580c,0.339803060,0.999458692
validation,140,ISIC_0013493.jpg,ISIC_0013493_segmentation.png,c845c4087253f26790a5a8ead4d81b86340e30548d7000086f7ee2a6ad832eda,0.193608602,0.999803210
validation,141,ISIC_0013233.jpg,ISIC_0013233_segmentation.png,cd6efbf23c031d595743552001b7270bb621838259d73fb7cc4d42cf2794fd36,0.209406535,0.999692638
validation,142,ISIC_0015212.jpg,ISIC_0015212_segmentation.png,e87c0674137d82b03b0d9730def37976d37b4c81faa23865213a3b6ddc230e93,0.335957845,0.999924068
validation,143,ISIC_0000233.jpg,ISIC_0000233_segmentation.png,25b31a13a6346c9474316db238eb455e21fb54b493033d5cbb59e502e47bb38f,0.275817871,0.999955717
validation,144,ISIC_0016008.jpg,ISIC_0016008_segmentation.png,73f08d82c5e68af6f17ec2692906728e1eecf01ec9cddee0408c1562a9590b0d,0.167348226,0.999837188
validation,145,ISIC_0014857.jpg,ISIC_0014857_segmentation.png,cda7aac0db106746bb82526fd7016aa8c25d8f674a794c924b3452c146d7e6a3,0.545756022,0.999763963
validation,146,ISIC_0013637.jpg,ISIC_0013637_segmentation.png,8ee945b2839c64fd1828d46e322b3392c71e47d8c552d1556af77fb0a709d266,0.207372030,0.999697162
validation,147,ISIC_0013012.jpg,ISIC_0013012_segmentation.png,a179c32491dc2189088bdffd4243883d8daf5abe62463bf9d17c253196d8af68,0.188608805,0.999628904
validation,148,ISIC_0000533.jpg,ISIC_0000533_segmentation.png,abbe58a719d4a068bebb29ef7c6979f7ba48db97a5153704a7539fa8811440fc,0.277043660,0.999922042
validation,149,ISIC_0014716.jpg,ISIC_0014716_segmentation.png,974e77cbbdd247636642ae2cc76313165cae6acb142466571750333d1b7b1714,0.382598877,0.999937489
validation,150,ISIC_0014164.jpg,ISIC_0014164_segmentation.png,22ffc9628bf2b33fb2a579d5fa9bed3414f1dc17f57146026264a7e2d4266ec2,0.094960531,0.999931217
validation,151,ISIC_0010573.jpg,ISIC_0010573_segmentation.png,bbff420c886d46521acb35ea6c86bca6fcfa9ac4c3a95707d89ee946aa6c4a3b,0.168111165,0.999880780
validation,152,ISIC_0013487.jpg,ISIC_0013487_segmentation.png,eb9a0d2cdee829b7a925ecee21a500d89f73b66500bf459ade0bc34ac44e079f,0.309443156,0.999686116
validation,153,ISIC_0014217.jpg,ISIC_0014217_segmentation.png,bbaac063737164fb02792c1c20cc0a53b32b8b878e3c8421fbc4a678008ffc01,0.120005290,0.999928383
validation,154,ISIC_0001118.jpg,ISIC_0001118_segmentation.png,31f6bce9dc5b26177904eb1ecde870bc7eb8e4a05cd2f422030142c5d299c07c,0.115829468,0.999961423
validation,155,ISIC_0002829.jpg,ISIC_0002829_segmentation.png,39ad4283811085c8e89c5d8da398e16bbf7f640eacfbdd974cdc7d4af902dafc,0.284276326,0.999890568
validation,156,ISIC_0009906.jpg,ISIC_0009906_segmentation.png,a912562a20b59f2d7222c5b55dec3591b797fc98f84365000143b9b798a332aa,0.132802327,0.999870242
validation,157,ISIC_0011105.jpg,ISIC_0011105_segmentation.png,408cdc03b2e886206f0c7efca90df38060598f2d15031bd70a9ee68a8a121433,0.162556966,0.999949883
validation,158,ISIC_0015007.jpg,ISIC_0015007_segmentation.png,506ebe992c46a5f10c1ecd3e53a95fe88fc9a1322583230002274d8cf9c8e3cf,0.413574219,0.999920298
validation,159,ISIC_0015079.jpg,ISIC_0015079_segmentation.png,d96c4bc06fb3415e0ff545a40fe352a96b080ce36870772760639e732b2e2f93,0.519220988,0.999901423
validation,160,ISIC_0000300.jpg,ISIC_0000300_segmentation.png,566b2a5f9aaeb0969204d92fd57fd176656baf3db4a83c94761c4c91835d1226,0.000025431,0.999999997
validation,161,ISIC_0008785.jpg,ISIC_0008785_segmentation.png,9dc9bcc520e63c571735b65b28a71a25e44aba2dd5f73a30b9de3191ae47eb83,0.203582764,0.999782339
validation,162,ISIC_0015237.jpg,ISIC_0015237_segmentation.png,6e11a73010cb9ad7b1bb290236c55fbe13da38479b5745cdf302eb9c772ec2c5,0.630869548,0.999776207
validation,163,ISIC_0010204.jpg,ISIC_0010204_segmentation.png,064cc050a16263382b08bf5686c7d617e082a4add88e67e6b8d9f2f92d8531c0,0.259908040,0.999920485
validation,164,ISIC_0001242.jpg,ISIC_0001242_segmentation.png,ab8d6a30cd15a0b2a4e9cb528745a4b60681b9c0c44c40f2000aeff1828332de,0.085001628,0.999890764
validation,165,ISIC_0000451.jpg,ISIC_0000451_segmentation.png,47f3deafbc4a533fe4f9b02db14ae607a114234b106c352ea1c206be3a010ff0,0.115091960,0.999948701
validation,166,ISIC_0009879.jpg,ISIC_0009879_segmentation.png,e35d11cfba9a189134a0ecee543d63c60b7c6e496d026f005f74608fbde3c7a2,0.174743652,0.999587656
validation,167,ISIC_0015309.jpg,ISIC_0015309_segmentation.png,680fd03d5f9e0aa697b119d2bb855dc8c315242bbb25982e3a7f5258a352a1ec,0.443206787,0.999860356
validation,168,ISIC_0000112.jpg,ISIC_0000112_segmentation.png,6e01733be13395f9bb63fc698d4b48789253a3f5cd5c3846d8e1170e4c0edd81,0.000000000,1.000000000
validation,169,ISIC_0000185.jpg,ISIC_0000185_segmentation.png,e7a9a3dee7ae14983ea2ac867a0c4de41e7405609de290b32558dbf7466b587e,0.123982747,0.999957508
validation,170,ISIC_0011085.jpg,ISIC_0011085_segmentation.png,2162afbd69a5b64a3952e529dd4bb3e75dec20d1a295b846227b7626e27e7c83,0.269261678,0.999862256
validation,171,ISIC_0015251.jpg,ISIC_0015251_segmentation.png,9cd1baf9073c3ce14cde06c00fc05dc48e660cd51e119f6c6765d28a013aa3f3,0.570515951,0.999875296
validation,172,ISIC_0015404.jpg,ISIC_0015404_segmentation.png,8fde7f3b5171cda745946d129256f5e195c3db5c6d103cfdd995147b138e4bed,0.524551392,0.999758732
validation,173,ISIC_0013794.jpg,ISIC_0013794_segmentation.png,9cc316c9d2e15676c5bb2d7afdb7fbb17210b955dd2c1138fd17656c8099fbed,0.136027018,0.999779444
validation,174,ISIC_0010581.jpg,ISIC_0010581_segmentation.png,b5571aadcf012f4f9d002604fd2939d9dce546fbcc10ecd9602806af19aae15b,0.289886475,0.999861165
validation,175,ISIC_0010374.jpg,ISIC_0010374_segmentation.png,e2b51f82d6d5e2af8fb91eb7d2d26770bac5f2bbf9d66add306b3efe880dd710,0.200602214,0.999951851
validation,176,ISIC_0009298.jpg,ISIC_0009298_segmentation.png,a3a19189548f1ccc543d43a4a62874507a51095ce9feb576ac087833753c8cee,0.228449504,0.999892280
validation,177,ISIC_0012473.jpg,ISIC_0012473_segmentation.png,38cb961435691796339c11666c17e1a701fe19aa917c4391326887ea0fc80755,0.131169637,0.999778040
validation,178,ISIC_0016062.jpg,ISIC_0016062_segmentation.png,feaeb8142275cef71c7f10ac8b4ca2a6b2539cc2aba5157748f451a7c1fbd8ff,0.145629883,0.999696339
validation,179,ISIC_0010492.jpg,ISIC_0010492_segmentation.png,d8abeb491ba05306cf271487a327dde93a01822d9745082ef64baf702f79f829,0.286946615,0.999895105
validation,180,ISIC_0014661.jpg,ISIC_0014661_segmentation.png,72b0d34d1766fb72914207e598e8a7e509e3af0d827bc5a6e6b097766f42ab6b,0.366841634,0.999933611
validation,181,ISIC_0000182.jpg,ISIC_0000182_segmentation.png,9d5873c2b2935515cf1d3aca0608b39f5c6001a85a1fa8e470e78cfce934c1db,0.206405640,0.999961329
validation,182,ISIC_0014559.jpg,ISIC_0014559_segmentation.png,2e4269f56445f49d20e4fc92e8c3268518b1044244f952399f8ea8be9dd1674b,0.163655599,0.999872293
validation,183,ISIC_0015987.jpg,ISIC_0015987_segmentation.png,b44c044eec668a5b20c7ade650da1a27c0ada8cb812fe2e208bbbf46969fe3ad,0.399424235,0.998810383
validation,184,ISIC_0012182.jpg,ISIC_0012182_segmentation.png,532dd680b49be782672dd98b8e706578c441edd4de1a5f575518cb695f588128,0.226999919,0.999699847
validation,185,ISIC_0000363.jpg,ISIC_0000363_segmentation.png,0491e0307f3da40a3ff481aa623ad59d2045098743148a138c10918f9649331f,0.000091553,0.999999988
validation,186,ISIC_0000140.jpg,ISIC_0000140_segmentation.png,c134aeedbf62736c1a7a59cc63ff832c2b324fa3f4ec81fd7f0d68b20b49d611,0.182133993,0.999980946
validation,187,ISIC_0001286.jpg,ISIC_0001286_segmentation.png,91e5b54b134a4d79b402e8ffb23a7b79ac918d4333e8ed2530c78225856c0aaa,0.272176107,0.999908844
validation,188,ISIC_0010321.jpg,ISIC_0010321_segmentation.png,993f302b09b403f5a2df4738e385473db56be2bf0db237354101deddf4c0bc3c,0.157923381,0.999791825
validation,189,ISIC_0015026.jpg,ISIC_0015026_segmentation.png,0a72209a89d8bc6422799367c26796db7ac4514fc1cf846bb539854029c1cfc9,0.485061646,0.999837377
validation,190,ISIC_0013220.jpg,ISIC_0013220_segmentation.png,f570eeb3e2561535dd0a12ccb62e1bcd5a18a8e552a95dcc537ee714536d7e83,0.180745443,0.999661833
validation,191,ISIC_0010058.jpg,ISIC_0010058_segmentation.png,2395faf2188d80daec5f699ba3f356d078be670be1abb0995cb445600c3bf8a7,0.105784098,0.999907583
validation,192,ISIC_0014599.jpg,ISIC_0014599_segmentation.png,ba5c3bb13b7abbf18ddeffc6c9242d1f1e5095e00547ab90c104b6f8e1a52a86,0.217763265,0.999948410
validation,193,ISIC_0016016.jpg,ISIC_0016016_segmentation.png,4c89396228876b40a8576f8a31f3727db9d355611722eb2eacf80ae3c24d9d24,0.114705404,0.999936915
validation,194,ISIC_0015108.jpg,ISIC_0015108_segmentation.png,74e3e3c225d5d1055d8f03312a756a8e5ec6055e219b09b3ba4d2e90d3f9825d,0.401362101,0.999927222
validation,195,ISIC_0013592.jpg,ISIC_0013592_segmentation.png,2c276db7b36f5b835c01f4be6e4b540b3b0db2fa9b060238ae3cfa0e1c04f39f,0.188191732,0.999829986
validation,196,ISIC_0000053.jpg,ISIC_0000053_segmentation.png,7d993b0bcc27581c3794223ce3bd5ef7c9832d0646fe937ca33668f411ac632d,0.101725260,0.999971264
validation,197,ISIC_0011385.jpg,ISIC_0011385_segmentation.png,2210e1a57210e81671773ca97d526a72fbca7dfd17f6dece49e2edfc4dbaf389,0.310012817,0.999787676
validation,198,ISIC_0012432.jpg,ISIC_0012432_segmentation.png,be54dd788a73da59ed0a75bd173dd3d4413823dcac6d0122a89db7d19f8abdbf,0.316136678,0.999793147
validation,199,ISIC_0000103.jpg,ISIC_0000103_segmentation.png,b970b5496c99d3e449f94ec4ef17d9545cd5940fa6d25e4c19c5a9d9de30be11,0.000000000,1.000000000
validation,200,ISIC_0009883.jpg,ISIC_0009883_segmentation.png,51e29a8162cdc59fa65faaee0f775b2024024a926efc16e12d61f0fd872a4f64,0.118957520,0.999942646
validation,201,ISIC_0000024.jpg,ISIC_0000024_segmentation.png,2ba9643461b62793d499aabe6b0d0473be749c55de472c2340312acbb0ff657d,0.074447632,0.999901925
validation,202,ISIC_0009344.jpg,ISIC_0009344_segmentation.png,6180cf89923d8bee298863bf6749084058a63c15d20a786a9ee65601bad0eaf0,0.165954590,0.999954077
validation,203,ISIC_0013397.jpg,ISIC_0013397_segmentation.png,83f818bbf249b29f0ed9de2a80354d74835ab831c1fdf74be1ce00e62c0804a7,0.232574463,0.999665829
validation,204,ISIC_0013430.jpg,ISIC_0013430_segmentation.png,22aafc987a11a125fa739a7a8106d5b6170c9cecd53ce8387b4fd72acd940068,0.194371541,0.999838111
validation,205,ISIC_0014947.jpg,ISIC_0014947_segmentation.png,e3c8e7ea1a46e5849084e9c0d3f0b6f448df59d012b7bc1ac8fb79d5bbbe6f4d,0.563268026,0.999884746
validation,206,ISIC_0014529.jpg,ISIC_0014529_segmentation.png,90f4b247e811b152f753a1dcc2da19912faa6dd18c7848702ec31e185b755f51,0.170934041,0.999397109
validation,207,ISIC_0012897.jpg,ISIC_0012897_segmentation.png,9a6d16faba751963ee33561765cf105e026006411313cb0d81dcc2dc2e3506e5,0.219518026,0.999821823
validation,208,ISIC_0013670.jpg,ISIC_0013670_segmentation.png,f27491156328033a91c766bd1991f9cd02f9ce40a9281bbeceb6a2dc3af6213e,0.199762980,0.999839483
validation,209,ISIC_0013516.jpg,ISIC_0013516_segmentation.png,351fc27e459c538c1e0501cbbd13e71b6ecbf5ade611b8022c1a5df91d031853,0.224309285,0.999836054
validation,210,ISIC_0014156.jpg,ISIC_0014156_segmentation.png,7b26da7f2a0e1ac0632605ce7b5ee5f867fb7dc3bd2a8738e4debc3af83b2e24,0.102640788,0.999944685
validation,211,ISIC_0014273.jpg,ISIC_0014273_segmentation.png,a626069d0a6fc7469313bfc2ef709e3f4ab75e8ff452f31a866af327b86330a9,0.112772624,0.999862132
validation,212,ISIC_0009925.jpg,ISIC_0009925_segmentation.png,f70a02df3851c9ed8fd84ddfb208ec25a706a84d904ff9032786434a9fa0cef6,0.168579102,0.999878662
validation,213,ISIC_0014099.jpg,ISIC_0014099_segmentation.png,98afb4abcca58d86ae8f2bb4913298ba873d3b3ee02f859e572472c369f59f7f,0.152837118,0.999812467
validation,214,ISIC_0010081.jpg,ISIC_0010081_segmentation.png,71f55f4c671ced426fb0ea34a4bd5178c35773857113728f2ab56951d39b9890,0.223164876,0.999844435
validation,215,ISIC_0013636.jpg,ISIC_0013636_segmentation.png,98e3ca7dca8bc52858e8d73b2f9ba227137fd988ad0cec83c66bc5e586973302,0.230539958,0.999811424
validation,216,ISIC_0013398.jpg,ISIC_0013398_segmentation.png,792cb25d71415570d03be7073f48e63acf764256e3c1321589ceb89ae87261f2,0.250656128,0.999584567
validation,217,ISIC_0000387.jpg,ISIC_0000387_segmentation.png,20a70988d977357903bbb471294bdfa1e13d49d393395f17c54badf2fd572473,0.090952555,0.999910932
validation,218,ISIC_0000307.jpg,ISIC_0000307_segmentation.png,6542fa502bd2fff6801d9c889f968ebd238be351254b692c2aaf95c51c2808fa,0.000000000,1.000000000
validation,219,ISIC_0012435.jpg,ISIC_0012435_segmentation.png,8f6237a43deaeb72c7795c392f68c67410550a98db2846aec814ca53a8bf2da9,0.199147542,0.999692289
validation,220,ISIC_0015185.jpg,ISIC_0015185_segmentation.png,64675492c57d7e0d4dcbfa423c20da3dcbe94163f69df74e18ac9c6661aeb9cb,0.399525960,0.999901366
validation,221,ISIC_0013874.jpg,ISIC_0013874_segmentation.png,d2e01fecd34c4a9389c02cea72c5b9cc718c412d3b72789c8f29def4a130c141,0.209340413,0.999883483
validation,222,ISIC_0000199.jpg,ISIC_0000199_segmentation.png,28a80141e92d74dcc61775b7f98c81b2565bceaa5dbae31f9a98e798bb7d2806,0.250203451,0.999967497
validation,223,ISIC_0016012.jpg,ISIC_0016012_segmentation.png,e47a4945558387842c36b5747f51cdfff7e463eafc130b0b144aeca9518a3530,0.229995728,0.999889303
validation,224,ISIC_0013962.jpg,ISIC_0013962_segmentation.png,78bb7276737b23802e1069b720a7232a669d999a4e527cac222828172624c0ab,0.184127808,0.999919969
validation,225,ISIC_0010037.jpg,ISIC_0010037_segmentation.png,2a21d1175ad85e93c3c1dc6a4da018ecac078b12ead90cc1db255a388a6e025f,0.201502482,0.999898055
validation,226,ISIC_0013733.jpg,ISIC_0013733_segmentation.png,c1f5da6ef12454025fc8e42a3096097f43ff29651921f9bbb3fd68bd9ab74623,0.201894124,0.999767611
validation,227,ISIC_0014769.jpg,ISIC_0014769_segmentation.png,290e715fe30fad0a21410b5d99cab1ec3a59aa02db0805beb52c222cc52265ca,0.505009969,0.999859832
validation,228,ISIC_0010858.jpg,ISIC_0010858_segmentation.png,2219ffc6ff06201165e1886df0e6faa8965925dd6c739de60ece98ccd5135b36,0.188206991,0.999807265
validation,229,ISIC_0012888.jpg,ISIC_0012888_segmentation.png,acc5091bf5eda9ca28da237163fe705ea95cba322025ca4a94fe83a889286e03,0.211339315,0.999836928
validation,230,ISIC_0009252.jpg,ISIC_0009252_segmentation.png,d50d1124c6a1cc882ba79493853ba840e4926c0d8018360a2ae726da613b8c4f,0.227294922,0.999899792
validation,231,ISIC_0000439.jpg,ISIC_0000439_segmentation.png,317cf06415751a6ec8e14b194afb3dfaf67c09d3e5ee8f541adb63a97f5f4d41,0.120986938,0.999940680
validation,232,ISIC_0000022.jpg,ISIC_0000022_segmentation.png,45d394e0c2e776a06e158cf3db74d91a667efeaf6274a7c89f1b5bceced251bf,0.148208618,0.999927132
validation,233,ISIC_0013075.jpg,ISIC_0013075_segmentation.png,8219707753a7c0c4098e9a6177f2d0767ecc2dc9b9d51fca17e3ea6182a55d11,0.096720378,0.999909446
validation,234,ISIC_0000359.jpg,ISIC_0000359_segmentation.png,33f9a77b95308e8d90e797b2ddd78a1d7767d02e72b175ab253bd5cc0d4d6c5e,0.000000000,1.000000000
validation,235,ISIC_0015995.jpg,ISIC_0015995_segmentation.png,a3005669df208db687e8ee5bfddbe9a4d2ebc3531c5fa83eeee7688b19855b17,0.224761963,0.999859744
validation,236,ISIC_0013134.jpg,ISIC_0013134_segmentation.png,ab38ecc1e874507f9cf3a3ba730c16a3add8eee36d6d38e8726064a64e811cfa,0.177103678,0.999830909
validation,237,ISIC_0000250.jpg,ISIC_0000250_segmentation.png,807c52f962e801b9c5ba9502b5ace34d8e552597a932364f3be40c7df8d1e815,0.170262655,0.999978061
validation,238,ISIC_0014221.jpg,ISIC_0014221_segmentation.png,c97cc201d20675b75a8c59c1baf3984143bcf3f477566bec2da404ec4e5cf8c9,0.149581909,0.999884637
validation,239,ISIC_0014473.jpg,ISIC_0014473_segmentation.png,9b36e81d7d00289b55cebe7643327189a66fc609047edf5b4c98e041ba3174b4,0.101064046,0.999930768
validation,240,ISIC_0011083.jpg,ISIC_0011083_segmentation.png,85edddd6b1abb7412975c900ce5c6e2aec20466d72a27ebff6bbd382a1622080,0.156010946,0.999876642
validation,241,ISIC_0015161.jpg,ISIC_0015161_segmentation.png,02ed670a0fbd6aba88fa3bdcda25613647d56acc18d107daa2272e8ac6e14291,0.398228963,0.999906342
validation,242,ISIC_0015224.jpg,ISIC_0015224_segmentation.png,349b408b09d9731ffe498fa95aed3b805fda87985af3f17488970b77f251011d,0.428939819,0.999866098
validation,243,ISIC_0000162.jpg,ISIC_0000162_segmentation.png,6b0c3c7b1d2e9a08f021898a9263e294e0e486f1192d0ce2a55d5ad1219898ca,0.169347127,0.999952459
validation,244,ISIC_0014933.jpg,ISIC_0014933_segmentation.png,57fc16f2f69c14a6bd4fb8aa68af9d391e0af9fef1d7d16a1bf08fe514f5563e,0.983907064,0.999529197
validation,245,ISIC_0014103.jpg,ISIC_0014103_segmentation.png,7fd1196786ac8838f7b932cca0033a6d0f5c0e3680993c37393a12861b5b0ab4,0.125391642,0.999849096
validation,246,ISIC_0000072.jpg,ISIC_0000072_segmentation.png,b0a0556138578dbc87d376267ee4c345a9e2126473c4766c6c79e1bdfe780af5,0.108744303,0.999979143
validation,247,ISIC_0010439.jpg,ISIC_0010439_segmentation.png,29ac1a06141a3da0d84ec60c2311a2f494f2dedb2b2844e91f4e6415dad0b223,0.132639567,0.999801045
validation,248,ISIC_0015102.jpg,ISIC_0015102_segmentation.png,b057722e053212d9b6512a24ad0158d539798e10897a5de9409bc7b6bccbad53,0.550425212,0.999849899
validation,249,ISIC_0009950.jpg,ISIC_0009950_segmentation.png,b7a04f5ce58e26873ea019e373e86f6e16571dc51a6737b041d1c15b66d40a9c,0.243957520,0.999853552
validation,250,ISIC_0000155.jpg,ISIC_0000155_segmentation.png,657f4471c46026a26b601edd7668fbf016cd9519d9be0046897779b638713caa,0.000000000,1.000000000
validation,251,ISIC_0007141.jpg,ISIC_0007141_segmentation.png,29733df5ce8cf9c36219320a2bcb24f1ead9c2db6893ec5ed98f461e73d3313e,0.278925578,0.999818412
validation,252,ISIC_0000020.jpg,ISIC_0000020_segmentation.png,23a5b8bf0e164a6c1e361f43feee41b293406413e8506f567f6ec55a16504eb5,0.174077352,0.999936452
validation,253,ISIC_0014181.jpg,ISIC_0014181_segmentation.png,87299955d1dfd8a3dd02abc8385bffe71cec9e77742969cf76443215ae52947f,0.107447306,0.999910785
validation,254,ISIC_0015416.jpg,ISIC_0015416_segmentation.png,bb0592ba3f970fd910b6ddbcd7a2c600bed9e819b1ae06d3b8c46deeb3ef71b7,0.691106160,0.999785090
validation,255,ISIC_0015243.jpg,ISIC_0015243_segmentation.png,ca5f9d0241bd121c895961a1100f958cddbfcd59726fb8bbf3c5fcee6ef22041,0.554336548,0.999819487
validation,256,ISIC_0015190.jpg,ISIC_0015190_segmentation.png,ba2750664f521bddbfcd017044866f7013a1caadd1a4248d9aebe905e25cf985,0.332687378,0.999938965
validation,257,ISIC_0012680.jpg,ISIC_0012680_segmentation.png,09961513f2ee3bfe9d75b8095d037163f9380e227d226ccd951ac87ca74bbeab,0.113657633,0.999889137
validation,258,ISIC_0000223.jpg,ISIC_0000223_segmentation.png,f8964d1948394b8c418a6a418568469ffaf72c5c4df0d0c412906ef302b143c7,0.210352580,0.999962393
test,0,ISIC_0006982.jpg,ISIC_0006982_segmentation.png,3a0a44451c21449e61d34401d79b86f149c20e1a1724ca2afc7b4c7c8b026ea5,0.292811076,0.999740595
test,1,ISIC_0016054.jpg,ISIC_0016054_segmentation.png,127948f17722617e46e3203852c524229d7840ada96965ab371678edda7a14d4,0.128565470,0.999825824
test,2,ISIC_0012710.jpg,ISIC_0012710_segmentation.png,0aba0461be7df598a9f7b510cf77208a2a8a649b3e4a21f5783901fe5467c38f,0.154449463,0.999780112
test,3,ISIC_0015566.jpg,ISIC_0015566_segmentation.png,9c14cb49e304a46bf27b6c6dcaccbd82050e6c456a07295de1fc219833d798d8,0.358128866,0.999973695
test,4,ISIC_0003056.jpg,ISIC_0003056_segmentation.png,b4f7f16412e97a60fb1dbb77e13801ab9c2991bd2f6039cfc79b3966f636e612,0.295557658,0.999904508
test,5,ISIC_0012803.jpg,ISIC_0012803_segmentation.png,d3b17a335596a510cde344e63143c6513f2502a59001da45f3e2d2e6fffd7298,0.194717407,0.999802049
test,6,ISIC_0016057.jpg,ISIC_0016057_segmentation.png,b9d6e57ea0c3ad3bfd834a05c4114547ccf6ed85a6dcbe07528a88aff32c9129,0.156331380,0.999817512
test,7,ISIC_0014703.jpg,ISIC_0014703_segmentation.png,6d6c454bc40b8be572b8d827dde2348efe7d68ea1bbdbefbf3d18dc86af64885,0.404276530,0.999888321
test,8,ISIC_0014904.jpg,ISIC_0014904_segmentation.png,749b1998f3343810827ecb2e196526011536b7dab275d79b571d24a019a851bd,0.380076090,0.999933227
test,9,ISIC_0012887.jpg,ISIC_0012887_segmentation.png,be00802c006d43949fb58b99559981626da85d80d750d6ff1f48c37d1ad097a2,0.159088135,0.999688753
test,10,ISIC_0000026.jpg,ISIC_0000026_segmentation.png,b34ad15c228f1554bd6d6bf695a4c7fb5c7025c57f89083075801808066232c2,0.061757406,0.999947381
test,11,ISIC_0009969.jpg,ISIC_0009969_segmentation.png,310d95a7c31b5c87738a747d7a4a5686da2ea5daca9fa34dacde16e3f5a2f299,0.216985067,0.999937364
test,12,ISIC_0013457.jpg,ISIC_0013457_segmentation.png,f3826e426e5b7867d9edd5459b976dd475b17baa3aa0f6aff24158d83edc0838,0.186548869,0.999919795
test,13,ISIC_0009880.jpg,ISIC_0009880_segmentation.png,7986cb7ae4abbac245c57bea3f686cdcbd110372b11b94c15b6a269836411534,0.157460531,0.999937032
test,14,ISIC_0000423.jpg,ISIC_0000423_segmentation.png,062df6198fdf81c634a928964a2b14fbe83ee14627b2da2f8efba6ee845643b6,0.127298991,0.999978154
test,15,ISIC_0010861.jpg,ISIC_0010861_segmentation.png,8df956b43180a436c331829b26a61cbeccaf245836ecbc284cdf2c8794e2dc1f,0.304997762,0.999849467
test,16,ISIC_0014927.jpg,ISIC_0014927_segmentation.png,853484b988135277c4dc776396459b87967f8ab649aabf4c02317a30724cc2e6,0.662816366,0.999894671
test,17,ISIC_0014957.jpg,ISIC_0014957_segmentation.png,e46344e9d6d52cec208093a12ccff43aa89792a25c583f8d43baa648bb4b3c97,0.581517537,0.999881855
test,18,ISIC_0009993.jpg,ISIC_0009993_segmentation.png,34fafe01ab1f35b2b86b2b28d158790ea7e05ee5788c6af0842e48aac1fbde27,0.150950114,0.999948495
test,19,ISIC_0012683.jpg,ISIC_0012683_segmentation.png,4041cee611e7be3ee79c97587dff23cc0719efc3e4b0fb97ca5e29421b2f96ec,0.214853923,0.999631985
test,20,ISIC_0013651.jpg,ISIC_0013651_segmentation.png,25f436940aaa884c5ffa1c22186d9b5ac80d97a037648e7a5f59ad5e4d4c8e5c,0.216400146,0.999900851
test,21,ISIC_0009987.jpg,ISIC_0009987_segmentation.png,880d064768ee39828634457df9ccfd753bbef4d0f89e442b674767cf0464e829,0.248418172,0.999901431
test,22,ISIC_0013385.jpg,ISIC_0013385_segmentation.png,61fb16339865f83784c7199a0c589607122a4ecf4009f187809dd4fa63c98fc3,0.270375570,0.999683697
test,23,ISIC_0000065.jpg,ISIC_0000065_segmentation.png,92c94ad85e756f62601c98a81090a869c4a90906e6712a8be22b277167cd7046,0.061304728,0.999985356
test,24,ISIC_0013579.jpg,ISIC_0013579_segmentation.png,ffb40d59dbd661a69692433114d8f72c7fa1a2ee88d1024839f2e5d136799962,0.208552043,0.999724838
test,25,ISIC_0014926.jpg,ISIC_0014926_segmentation.png,75128e04f43f8a954365f7a2b8ce8db6688e0d1ce9d161ccf2e17ae019573e34,0.551300049,0.999906166
test,26,ISIC_0014475.jpg,ISIC_0014475_segmentation.png,a41c59fdee7fc395acc53686bb650c60b36b263bd752a2e2340e89c707c321a2,0.151387533,0.999758063
test,27,ISIC_0014973.jpg,ISIC_0014973_segmentation.png,fde4533d384955928fdf7f7d388d162ef059a4abd1c72846885fcb8faf235479,0.588007609,0.999889856
test,28,ISIC_0015127.jpg,ISIC_0015127_segmentation.png,cddd3dc3723c9c19b8243ee8ab711f2b1895c0f85abc2e2ab09b3ba2ab94d7d3,0.592056274,0.999860732
test,29,ISIC_0013291.jpg,ISIC_0013291_segmentation.png,3ce604a7e8635a7174cd734bd8143cb0446edfad8bf91f72ad6e4550b0f32c30,0.186375936,0.999789629
test,30,ISIC_0012988.jpg,ISIC_0012988_segmentation.png,90774b9720aa7e4bdf0bd51d6da8e0d0b0a461bdbeb22764e376971924f9d5d6,0.164642334,0.999741596
test,31,ISIC_0010090.jpg,ISIC_0010090_segmentation.png,9da288c7286dc432272967e33aa22db4211196e13ce63c802f2a86d79262eaa7,0.210199992,0.999779001
test,32,ISIC_0014596.jpg,ISIC_0014596_segmentation.png,2acb6330e58d1665df6ba774cdb0a904b4f2c7a768afaef50005d5198275a56f,0.111572266,0.999937608
test,33,ISIC_0015956.jpg,ISIC_0015956_segmentation.png,a182c85444b62ce75a5b2dc8d9f7f36c86166265dc05199d3f53fd96d5507dd6,0.166132609,0.999873758
test,34,ISIC_0009920.jpg,ISIC_0009920_segmentation.png,3e8d37d2a6a01515445dfe6103dcd0606aae94fb2bb45e683b85a384349882c6,0.238978068,0.999709449
test,35,ISIC_0000235.jpg,ISIC_0000235_segmentation.png,be71d9f8ecc8714ec71bd115aab2aeba39e5a94fe1b54c20a3fc7d56fb48e1c9,0.200907389,0.999951771
test,36,ISIC_0014763.jpg,ISIC_0014763_segmentation.png,ad34da1278b38bf45f9b94ae065e106e1e5d6bed75f4042dcd599142593f2c02,0.387568156,0.999940814
test,37,ISIC_0012143.jpg,ISIC_0012143_segmentation.png,9192739657349adbd28e6310253f6566eadab5a321068ceae4b865a35e51ea64,0.249542236,0.999687182
test,38,ISIC_0012704.jpg,ISIC_0012704_segmentation.png,05bdf915963748a16f78dfd08d493d61010c982d14398752fee4fad3f1f0d5ee,0.179585775,0.999559941
test,39,ISIC_0014987.jpg,ISIC_0014987_segmentation.png,bdd96849eeb488e9589d601181b0e598c944096840c174ef90829ba97424dc89,0.389999390,0.999900819
test,40,ISIC_0014331.jpg,ISIC_0014331_segmentation.png,473cf893ecf731544f24ae8fbad9b7a7f0f37a030ef2bf81402c2210e2c3771c,0.134613037,0.999895708
test,41,ISIC_0010456.jpg,ISIC_0010456_segmentation.png,9e88fa69072b12fa9185b020f95c6558b75c9b66ba7f1dd0dd0d96b02a97d8d1,0.272293091,0.999732942
test,42,ISIC_0000216.jpg,ISIC_0000216_segmentation.png,3b09a7d5d3a38986fc86cead7bfd49505bc793630b8ad2fcb35657cf29a2e390,0.210291545,0.999962836
test,43,ISIC_0012092.jpg,ISIC_0012092_segmentation.png,58f8467b4ab994966caadb85bb5aba307f1606c7a87a53587328ae83057452c3,0.160471598,0.999868806
test,44,ISIC_0014975.jpg,ISIC_0014975_segmentation.png,a974951245893f7bbe3a51c94cdc418f6430ea05e7c4885acb7425f2e22e2141,0.504791260,0.999910170
test,45,ISIC_0000355.jpg,ISIC_0000355_segmentation.png,ce07f81450f7bf5528157763d2d765f7dfb6c3f8b9fd9522767fa91f77bc8673,0.000000000,1.000000000
test,46,ISIC_0000176.jpg,ISIC_0000176_segmentation.png,9b13ff1ebf4da6fb7d4e7e80e0553c7e79eb8e548de6943cf53dcac7e57b9dbd,0.181538900,0.999896507
test,47,ISIC_0012976.jpg,ISIC_0012976_segmentation.png,5eee234a8d5b8c86e4f06659cafd2dc8b2c8f9ddd4e2b34d68bd78ec96be8227,0.081141154,0.999730244
test,48,ISIC_0013808.jpg,ISIC_0013808_segmentation.png,61ae67aac9b2d08b507f2ab47b9e89dc5d51303ef4f280bcceb72f5088055616,0.199447632,0.999759976
test,49,ISIC_0014478.jpg,ISIC_0014478_segmentation.png,78ccc78079c365c1640a14fb812fe18b2306a7f4301989d269ef8fd15c3c6ec6,0.124486287,0.999936521
test,50,ISIC_0015078.jpg,ISIC_0015078_segmentation.png,5d8ccfc9e1d8766809f48eaa9ba0c19fb9d7b92761f99bf4ab51f469f021d612,0.696065267,0.999629886
test,51,ISIC_0013055.jpg,ISIC_0013055_segmentation.png,fa193e04fd7c3ea56a9dd5baa532d293a98a1f506e7aabd3ba8cc131519b7d42,0.129999797,0.999750915
test,52,ISIC_0000277.jpg,ISIC_0000277_segmentation.png,2f7f3fcb3df53772c93b723f6287574e1cd68247956fd4de52b605e4797925e7,0.116078695,0.999988808
test,53,ISIC_0015057.jpg,ISIC_0015057_segmentation.png,9f00cad65afba955d6723015946cf66dce158a1db7aae9d3723019e92e6c58b5,0.564142863,0.999863789
test,54,ISIC_0010332.jpg,ISIC_0010332_segmentation.png,d5a2c80820fe2bc6d1018773190315aab4cd5b01854f5dd3ace26587fc0b1bce,0.206654867,0.999906109
test,55,ISIC_0013767.jpg,ISIC_0013767_segmentation.png,84baf2ff5fb5a5783c9a90b0b7f908a378f6ab1b7cf6cdfa3da9f80b28aa6f21,0.148513794,0.999870555
test,56,ISIC_0012675.jpg,ISIC_0012675_segmentation.png,625cf07797cda0c4737efd72a8dd0942edc8072f603affc7c09f01a6ccd7c19a,0.154123942,0.999815738
test,57,ISIC_0000186.jpg,ISIC_0000186_segmentation.png,9a95c71a55d55e94ba681cb59e1975eaa2dc4967a180b02e44d7da066e426f38,0.169845581,0.999918648
test,58,ISIC_0012873.jpg,ISIC_0012873_segmentation.png,80475798247d0af69e727b08c308e22b5176cb2cfceb24150e5cf8d3adb1d7fa,0.125874837,0.999785145
test,59,ISIC_0012223.jpg,ISIC_0012223_segmentation.png,c43373911d28699e547dd4a61999a54fcca486d9234e4fe0e4835c63f14c9b4b,0.188807170,0.999837636
test,60,ISIC_0000111.jpg,ISIC_0000111_segmentation.png,f5b2d90e9ee94c1fa08764feff1dad4cc47a1d00cefcbac180aa4e7aa50dfe04,0.172876994,0.999984598
test,61,ISIC_0013691.jpg,ISIC_0013691_segmentation.png,245ea7517c238db2ad07fbc7bad4bba80fa23ef17ccf9abc188ed47f21e6a5a1,0.256027222,0.999687644
test,62,ISIC_0000342.jpg,ISIC_0000342_segmentation.png,12e0fbbf2c3aa976fbe1982edce4f325e5e0719ae37a89d1bd6ff81160282e29,0.000000000,1.000000000
test,63,ISIC_0013896.jpg,ISIC_0013896_segmentation.png,f4e86f08415522d52670d26e45eea235a79c633727d17ff5b22e88e636554d13,0.232671102,0.999737836
test,64,ISIC_0013000.jpg,ISIC_0013000_segmentation.png,628e4c680c0a41679eb4de885baed85cd118aff5495f741508f827a64b64892d,0.119105021,0.999797969
test,65,ISIC_0000219.jpg,ISIC_0000219_segmentation.png,aafd0e72777f7daa35a25a10262446f7d38afcccb3f38a4b0321e90419e2637b,0.204722087,0.999952190
test,66,ISIC_0000360.jpg,ISIC_0000360_segmentation.png,1541e870f919cf79a3382cbdcb1fa8dc3ddf651e69172de8393e6d70746fcdf8,0.003479004,0.999999602
test,67,ISIC_0014325.jpg,ISIC_0014325_segmentation.png,1e3eff5fb636180813d4e8fd810bf91fb8765bf9b1adbde0a161e0216333c721,0.123438517,0.999934772
test,68,ISIC_0014149.jpg,ISIC_0014149_segmentation.png,28c12b9d56597d160054247a4d68de4aa9852280db973600465e84cf968d563d,0.101323446,0.999936562
test,69,ISIC_0011211.jpg,ISIC_0011211_segmentation.png,b27ce6febed3563ea5287eca3e59c483128205e25fc11709fca24dd62b33f2b2,0.115341187,0.999967687
test,70,ISIC_0013459.jpg,ISIC_0013459_segmentation.png,c17dc7a82618693152a9d2da7a7eacdadc80df831506ef5a353bf6cb6ceadf5c,0.179311117,0.999903538
test,71,ISIC_0000357.jpg,ISIC_0000357_segmentation.png,31f09fef75d0772809f022cecd5128bb8be21c069119d16837bd92204d92fdfb,0.000030518,0.999999995
test,72,ISIC_0014936.jpg,ISIC_0014936_segmentation.png,67bfacffa61507cf88e27be597c6c2a0c6d0f97e6147535d49586cf8c6d43ccb,0.858464559,0.999599826
test,73,ISIC_0014722.jpg,ISIC_0014722_segmentation.png,65897028d3f1fab8885eced311a44faa269ec453543243388077790fcc0d4817,0.505065918,0.999850397
test,74,ISIC_0013597.jpg,ISIC_0013597_segmentation.png,04aca6812f1533706132d5894997d0625e698f9c16c25c76f1f4b060f9004bca,0.203053792,0.999791750
test,75,ISIC_0000427.jpg,ISIC_0000427_segmentation.png,7fb5dc5554cf2b83e2c2f2ad3002cec67f6ac15dfff8f9b5a5e4969944a9e586,0.127548218,0.999974619
test,76,ISIC_0014702.jpg,ISIC_0014702_segmentation.png,4d26aac30d836db7d0ddb879cb328a27d6f4cc7234344ef5279f8f667308ff9a,0.444422404,0.999905720
test,77,ISIC_0000473.jpg,ISIC_0000473_segmentation.png,f378104aa21cf3201a16030d474275c516e199246c121f9449def911796dea37,0.189529419,0.999774757
test,78,ISIC_0014746.jpg,ISIC_0014746_segmentation.png,9739f4bb5241201f8cfe5e0979a6e0d1e9d07b5cfc549374f09874addecb8f46,0.351562500,0.999959320
test,79,ISIC_0012835.jpg,ISIC_0012835_segmentation.png,4b5ea86456d7b8a427cb8f8330c55400d24153ca2360dbe435518b409cc23e91,0.179799398,0.999758896
test,80,ISIC_0000365.jpg,ISIC_0000365_segmentation.png,f80b832ba861209c11d21fc1697f47ab8b8be155629b4f525a8ea90862b035df,0.000000000,1.000000000
test,81,ISIC_0010236.jpg,ISIC_0010236_segmentation.png,61fe951f5e75c1fee3fbcd37e905d9ed8f3a57eb1f58b3fae9a774796397aef8,0.232706706,0.999905105
test,82,ISIC_0012496.jpg,ISIC_0012496_segmentation.png,e1df400106af87e9c1398a5be994d25401c4849c29cc0e438a1586f8748fa1a8,0.142313639,0.999818947
test,83,ISIC_0014687.jpg,ISIC_0014687_segmentation.png,a52a1e3a0e90e7a1183b33127df556e4824199d08fdb99be1d8dad336e4adb47,0.619120280,0.999845161
test,84,ISIC_0014826.jpg,ISIC_0014826_segmentation.png,dd8b9519c0d6d6aacb98de401d233560bed86e9e6ddd3eaaafa26bfee35d5097,0.436716715,0.999905646
test,85,ISIC_0014609.jpg,ISIC_0014609_segmentation.png,b64ba337ca15134b1ed1b7046742fe1d8c840b64a2efbf6d5cfd748f76e9eecf,0.090876261,0.999974842
test,86,ISIC_0013738.jpg,ISIC_0013738_segmentation.png,ee18e4578b845c9f61030ef8027a7e46268348272cbf91188eb6409edb975617,0.243754069,0.999619161
test,87,ISIC_0000093.jpg,ISIC_0000093_segmentation.png,563983008feb85ab0a6ccc5489f49eb1144c500bf08d9bf22c0234985165be3a,0.208623250,0.999915943
test,88,ISIC_0012232.jpg,ISIC_0012232_segmentation.png,8a48a7fd1fce54fa5ea8541261bf246a1e05fbe34de2ff430caf999769dc1a56,0.178334554,0.999801098
test,89,ISIC_0010605.jpg,ISIC_0010605_segmentation.png,43ceceab7ee3c4e198be7f8fcb7f5d94968104697290d639579f70d5e6c75b46,0.172373454,0.999831237
test,90,ISIC_0016013.jpg,ISIC_0016013_segmentation.png,405890aa990ead2a0fce69ec48021cebd965f55d073a182125479203d4ec7981,0.228317261,0.999885487
test,91,ISIC_0014500.jpg,ISIC_0014500_segmentation.png,402497da510acbb0ab0ddd9075d76e29e54f32958bfc3beec519d88679163adc,0.098546346,0.999907798
test,92,ISIC_0015946.jpg,ISIC_0015946_segmentation.png,07447e2183fd1217a4e0852987e0b38bc1bff15acf3cf7e5b2fcccc6299e43bd,0.255706787,0.999860578
test,93,ISIC_0013512.jpg,ISIC_0013512_segmentation.png,5139ee0ad90fd30586690f09fd90d3006cf7c2fd5ffa91fef1cc8502dc01eec1,0.210362752,0.999811642
test,94,ISIC_0010602.jpg,ISIC_0010602_segmentation.png,a7b716904696103dfd42ef4037966318c85f2a908ca585a7fff0498e803ddf95,0.161641439,0.999899317
test,95,ISIC_0000485.jpg,ISIC_0000485_segmentation.png,c56f119b1777a2692476e9188dc05e30f80c48a81b01138c2d1a2323f1b516a8,0.245814006,0.999910338
test,96,ISIC_0000007.jpg,ISIC_0000007_segmentation.png,113fa8478d1480eb28533334022da81397cbe9615011d7e1def9b462cecc68c6,0.164321899,0.999947682
test,97,ISIC_0009951.jpg,ISIC_0009951_segmentation.png,f0bd858c6e6ad7f332bfab5d5791a1ad8ab6abc0d6222e89ea63cdc8e7ba764a,0.114105225,0.999735594
test,98,ISIC_0013652.jpg,ISIC_0013652_segmentation.png,6b33bf1963b9437fb4d8ee4391aa734d043360316a524893d3f5d778ecfb30ba,0.216156006,0.999533228
test,99,ISIC_0000433.jpg,ISIC_0000433_segmentation.png,34cd0443ab37caab99a2b3cb91b013184410a570743be54969a566b43ffe220a,0.129384359,0.999966317
test,100,ISIC_0015983.jpg,ISIC_0015983_segmentation.png,0f7383463cca8b61da7e0f56f336ee60994213c2cc5562aebd2a664d890b67f3,0.140991211,0.999834121
test,101,ISIC_0010207.jpg,ISIC_0010207_segmentation.png,962b8b5655024445f4f809bfcbdc70d381a40b51eae6d1a848a2a8653518c944,0.267303467,0.999872538
test,102,ISIC_0010552.jpg,ISIC_0010552_segmentation.png,d0de6c65f751a3573d4f2b7968f117567b9b2edd3eb10ece29f6041078d8b081,0.128738403,0.999941631
test,103,ISIC_0015627.jpg,ISIC_0015627_segmentation.png,5109bf8922fbeb0f89f55aea9f3bae8776cfff3a9c78e822892e02d6aa4de0ad,0.570617676,0.999870661
test,104,ISIC_0013399.jpg,ISIC_0013399_segmentation.png,b271bcdf039ceda80543489cebae9a375f6b33240aef8f982e6a8b663b8eea7d,0.274632772,0.999743684
test,105,ISIC_0012351.jpg,ISIC_0012351_segmentation.png,34e8341984ef3c1850b16006f7b525d41c0267689d2c7f530e61caf7755d87b4,0.297663371,0.999842585
test,106,ISIC_0013526.jpg,ISIC_0013526_segmentation.png,11bfde56b64416050107badc185ca16281aad13793bd956e572bcef750915bac,0.154724121,0.999753350
test,107,ISIC_0012879.jpg,ISIC_0012879_segmentation.png,c7dfeb9d147f91dffe16793a4e5bd863b25e2992cb5e0be78302a1aabeb148ab,0.197642008,0.999732361
test,108,ISIC_0012999.jpg,ISIC_0012999_segmentation.png,348fd663536e397a4f9ba8a697d99d3d84be19a08111f576ed4a30c461a75f9f,0.183339437,0.999905911
test,109,ISIC_0016063.jpg,ISIC_0016063_segmentation.png,abfa486ef950f2e75f45e7e84368a704d7d9164eabad9d1395479fb4769dee44,0.151173910,0.999502157
test,110,ISIC_0000409.jpg,ISIC_0000409_segmentation.png,85ccc5ae1520e045469725c5c25139d397bcd6c5e8f5749606e8a92825d477a2,0.099609375,0.999889933
test,111,ISIC_0013114.jpg,ISIC_0013114_segmentation.png,c5f90b764d03d3d38aacbdebe4125b610394db2a8fb8596a135baeca8959c881,0.177480062,0.999901255
test,112,ISIC_0000419.jpg,ISIC_0000419_segmentation.png,7c2a9e1355d28e2831e23f079f1176bd6f9abf2f036a9664d47a7ddb56f1c3a0,0.113957723,0.999972969
test,113,ISIC_0010015.jpg,ISIC_0010015_segmentation.png,277a5f4ee5068ecce7b0cd4e71b0dfbf9e903808727baf8a26083cf9f9de8c9c,0.207845052,0.999881868
test,114,ISIC_0011177.jpg,ISIC_0011177_segmentation.png,3b998d70782c4f33a43d075d5902df49449da565577451dcd4d30a28e4848a06,0.233474731,0.999896081
test,115,ISIC_0010021.jpg,ISIC_0010021_segmentation.png,bd91dcd643a5bbb3d4b157b4061f983c5acfda76b8ee358f760fd51c80c89f29,0.159790039,0.999969734
test,116,ISIC_0012201.jpg,ISIC_0012201_segmentation.png,a1a3fa54cdb18c3f6ff62e8a54b6e5dc387f9d580b830e9fd033ffb2ddd3b450,0.199111938,0.999853431
test,117,ISIC_0016023.jpg,ISIC_0016023_segmentation.png,fdb5d6be07eb81fc390cd5531d928fd7f30c1eba372235697f14b7be9d6e00c3,0.200398763,0.999766779
test,118,ISIC_0012313.jpg,ISIC_0012313_segmentation.png,9eaf96bf5c39f8685ef4aa331f81620c1e6447880e4d219a801c654288198146,0.196472168,0.999834312
test,119,ISIC_0015140.jpg,ISIC_0015140_segmentation.png,81574409a9bdea46721af5dfd492aa3e0cfdfff1b3d03bcb6b473cea86ea9568,0.410934448,0.999903039
test,120,ISIC_0011120.jpg,ISIC_0011120_segmentation.png,935aaf66fb0a6222abebe8fbf1c62bbe429984fe352b157a75884fb9a2fc2792,0.249618530,0.999947214
test,121,ISIC_0013090.jpg,ISIC_0013090_segmentation.png,2d650e340027a6f5f1925b77b7db8b9c7dcf1a12941daae224fa9e8dcc7de045,0.146825155,0.999464624
test,122,ISIC_0014357.jpg,ISIC_0014357_segmentation.png,a196c24c2fe857a3f81cf37e5bad00ac97c97aff57f5f61e95dae6573d8be4a0,0.124338786,0.999809153
test,123,ISIC_0013672.jpg,ISIC_0013672_segmentation.png,4fd644a143b316a308a83634347bf44e7c7b00718ea876601791a725b10c5375,0.212102254,0.999787693
test,124,ISIC_0012323.jpg,ISIC_0012323_segmentation.png,e4fee9d5e8291a7341157b72da4a20660a912ec540eaf9ac63ef98404fb8420b,0.229197184,0.999867922
test,125,ISIC_0013494.jpg,ISIC_0013494_segmentation.png,c8cbd8c1750237fbb01966ce2fe536af08cdbf3e595f1913e800926d55c1261f,0.189676921,0.999815446
test,126,ISIC_0000298.jpg,ISIC_0000298_segmentation.png,ffa49e10fb3c5d47fce1a19a544838955b736939e33190bc7b5a32d0776215f2,0.000000000,1.000000000
test,127,ISIC_0011227.jpg,ISIC_0011227_segmentation.png,6f1c087fde98c0f811568dfc4a5915f884de7bdb3fcef2255dffeaa81a0cfca8,0.088826497,0.999904316
test,128,ISIC_0011129.jpg,ISIC_0011129_segmentation.png,26365b02468655a0abbb20f35a5f4b7966f6016b3821142a74d91739a38dd279,0.258529663,0.999798775
test,129,ISIC_0008524.jpg,ISIC_0008524_segmentation.png,cf331c7c54f7b97a9a7debcd18ed4a06f900b9cfcc9b02995596e8cb1089a187,0.205790202,0.999936341
test,130,ISIC_0014183.jpg,ISIC_0014183_segmentation.png,beb69fbe562894a0a1e51d0a984ebdeb2f399eb83206e77d69864d2974c5aab1,0.138387044,0.999757158
test,131,ISIC_0014682.jpg,ISIC_0014682_segmentation.png,81f40b4cc289c485151bac8d487d791e1fbacfe6cbcaf3d5974a7ead6fa47270,0.378051758,0.999930552
test,132,ISIC_0000000.jpg,ISIC_0000000_segmentation.png,04c17137c822db35f0e278eef29aec4d189468f1ba6b0db85df1cd4265fcc49e,0.153605143,0.999980929
test,133,ISIC_0011356.jpg,ISIC_0011356_segmentation.png,a43dcbd332396bab4cc72ade5481bb97c10318536941873470ff6a0b6c90a578,0.241566976,0.999835973
test,134,ISIC_0009979.jpg,ISIC_0009979_segmentation.png,1e1d0ebec96f9b45302a187bf0121b1f3a86a1db4cbbcfe76703631f5e3bdd4e,0.266606649,0.999801257
test,135,ISIC_0010249.jpg,ISIC_0010249_segmentation.png,cb95cb5d4b5a6ccca3b5713ab88cc2e2a7f3445d73f7b5379228f6d81cab9922,0.131749471,0.999916694
test,136,ISIC_0010029.jpg,ISIC_0010029_segmentation.png,3e1538f9b809fd67035f25cd062e32e06e8d249e8dc664bb4a0302e1cc6eb34c,0.208089193,0.999840079
test,137,ISIC_0014518.jpg,ISIC_0014518_segmentation.png,f2770859ee932370ff7772ec238324af89a5e04d9ba40a21d6fdfba8b30d49f0,0.185043335,0.999921357
test,138,ISIC_0014438.jpg,ISIC_0014438_segmentation.png,31cf56b1bbf53a0d1567fdae3e98d3b02833ac84b6e443cb94e7de7151dff894,0.101913452,0.999905753
test,139,ISIC_0016014.jpg,ISIC_0016014_segmentation.png,32e573056b71a4daa82c24c3efa9dc93b3b947971c1cc80b4efefe56ddea25c0,0.224812826,0.999528744
test,140,ISIC_0013222.jpg,ISIC_0013222_segmentation.png,23001a030d3678866bda2b596cf1c4bfa87a7ccd53fc6c7c8c22f2cd8f9e14ac,0.180196126,0.999887440
test,141,ISIC_0010070.jpg,ISIC_0010070_segmentation.png,1ab87954195f002a13502a8298b0ae48637ca567dd4d7c9207cc1d0ca1448c92,0.184931437,0.999954067
test,142,ISIC_0011305.jpg,ISIC_0011305_segmentation.png,2d81a08ff1e3852b193a2902904ed17ac167d3912dd25877ed79a5a5ddee64ee,0.226257324,0.999933965
test,143,ISIC_0015279.jpg,ISIC_0015279_segmentation.png,58d7b137d85a8e26b041531bc1d56c3523f542d4d175b658040d8a47def79505,0.562672933,0.999900055
test,144,ISIC_0013758.jpg,ISIC_0013758_segmentation.png,dc431b3cb3bbc61e482235868a9cd157dad934073074db29ea57a26c3c09693f,0.253941854,0.999900642
test,145,ISIC_0013578.jpg,ISIC_0013578_segmentation.png,97cee2b3a9e57c838da9fdf00be51e11a410090a1dccade4de9297fd981e4e10,0.227300008,0.999623805
test,146,ISIC_0013428.jpg,ISIC_0013428_segmentation.png,7ae3640b1689a2d1ca7f32c0439e3af9ed90d002f1e1c87fc2b65f7bb3e1df02,0.226954142,0.999794511
test,147,ISIC_0016036.jpg,ISIC_0016036_segmentation.png,7a7adbae73958db5fcce8bee9dcb4c12303d0cd293bdcbb9c102af35fe5c8792,0.253758748,0.999668408
test,148,ISIC_0012109.jpg,ISIC_0012109_segmentation.png,b5395f9238469c2b4c156f2e0fb6929eaf64cbff7300a3531248633c1cbc03cb,0.185063680,0.999786582
test,149,ISIC_0010851.jpg,ISIC_0010851_segmentation.png,af5fd79c43ce5cf79dbc6c8d4bb708e9d2e739fac9fa42bdec95e102d4bde9bf,0.198206584,0.999893978
test,150,ISIC_0014361.jpg,ISIC_0014361_segmentation.png,d4ea7d587040d94324b7a58e49a0ca2fd30384b072847f565f68c33075e170fc,0.142079671,0.999916110
test,151,ISIC_0012674.jpg,ISIC_0012674_segmentation.png,ae814b57ecc308ad11aded6dab44722eae0aa02846b13999ac09facc600d1bd4,0.079966227,0.999883577
test,152,ISIC_0015264.jpg,ISIC_0015264_segmentation.png,deeab41f6d21be48a5338b8cf075777a53b84c58801e64ea46199835cb23c88d,0.739669800,0.999480466
test,153,ISIC_0012281.jpg,ISIC_0012281_segmentation.png,30c8e99400d87ed9adde8117fde32c27a911c0fd7c8bcad8db15ce5eae115873,0.249328613,0.999158466
test,154,ISIC_0000009.jpg,ISIC_0000009_segmentation.png,659a46874138121b83336dbd18387d2378c3363d693f4d10b83c88bdd3c0fd5a,0.090621948,0.999961458
test,155,ISIC_0009035.jpg,ISIC_0009035_segmentation.png,07234847886134c4e3acb4bc2ca48a2144aa0fbae0716ab619ae888df20554ff,0.212158203,0.999875551
test,156,ISIC_0000283.jpg,ISIC_0000283_segmentation.png,07c495ad3ab0f5eefb36e9fdf18a290a2b661d17a1911574ef5e64d5c9d30281,0.108093262,0.999990791
test,157,ISIC_0015115.jpg,ISIC_0015115_segmentation.png,c3f42d3737bbf4f4842c0b397e6fc8bf91097e025c69c3aa0b27804d7e206d9d,0.579411825,0.999870653
test,158,ISIC_0011170.jpg,ISIC_0011170_segmentation.png,bec18255f7b65dfd784b5a3f5a7f162b331f145e56d03625826ac06fc9662434,0.229197184,0.999890099
test,159,ISIC_0015476.jpg,ISIC_0015476_segmentation.png,9a0df26ceb8f771663234139215fcf20b73ada41ac67c1a256b2e6960fd1b7d8,0.751780192,0.999777310
test,160,ISIC_0014853.jpg,ISIC_0014853_segmentation.png,21bd307ffc88d916e9c3c56dd8c3b44ec31b39d65c4fcb3d8007ea4c6c4d0ab7,0.708689372,0.999660269
test,161,ISIC_0015011.jpg,ISIC_0015011_segmentation.png,4a617ead6dceee481473b215db5cb2568519ee303636ce7a75069fdcd7b30bbb,0.378311157,0.999928200
test,162,ISIC_0001852.jpg,ISIC_0001852_segmentation.png,7e2c04d29e95735f3fe5ff0c185efab79c1ae334e20e2c916b69f7521f645589,0.328038534,0.999832355
test,163,ISIC_0012147.jpg,ISIC_0012147_segmentation.png,b414cfcde8d231b9c3b77c7788e3f2929edebb032ec134151efe48f2c86cb4f8,0.274419149,0.999906724
test,164,ISIC_0014457.jpg,ISIC_0014457_segmentation.png,b043315d52acacb6079a01bceee1c334a024965f85f81236a9bf7ef86755677e,0.147791545,0.999761199
test,165,ISIC_0013840.jpg,ISIC_0013840_segmentation.png,3c01eb44ad4f3fac6cdb798ab3a68a354a1c0ea3a69b7258aa081111406575c6,0.245569865,0.999821692
test,166,ISIC_0013335.jpg,ISIC_0013335_segmentation.png,7c2d7f4934f6f42d001545103d84e560abfb61ea79611e76ac84dddad73d106c,0.197250366,0.999867379
test,167,ISIC_0009974.jpg,ISIC_0009974_segmentation.png,abdc0835603703a7ef805da22c7d0f238b6a921f7b2a17ccd8a9b9c17bd4d74b,0.288742065,0.999909425
test,168,ISIC_0016030.jpg,ISIC_0016030_segmentation.png,2ce77b50020a17fdc99b362b63d3029b499d331348ea2f5af18e551dde70f403,0.235656738,0.999446046
test,169,ISIC_0000372.jpg,ISIC_0000372_segmentation.png,330a592b184daa740088039984f532452ff89673e53bda7cb8df8648be4d1482,0.000000000,1.000000000
test,170,ISIC_0010477.jpg,ISIC_0010477_segmentation.png,65447ae9d289a071b2ff74c8fd5330f2ae4b7f9b86be361f9517760063f3698f,0.175679525,0.999912940
test,171,ISIC_0012282.jpg,ISIC_0012282_segmentation.png,e55227ae3bb3eac0bb8fc104ef4692841824b9c1ee31419b8641258e2a4294b6,0.206471761,0.999646938
test,172,ISIC_0015051.jpg,ISIC_0015051_segmentation.png,99bbfbe76c42f811583a5609229c0a91fbd49219d29f091bdf7eada1b71e3351,0.472401937,0.999895360
test,173,ISIC_0000215.jpg,ISIC_0000215_segmentation.png,0d9d8a1156f92aacaec7bfb498b7afd1b19d6665a739691c82e126abe1a9934b,0.287165324,0.999946605
test,174,ISIC_0010092.jpg,ISIC_0010092_segmentation.png,2e53ab915d68a60a90f7ea9eb579fa74bc76aef3d45798ec820ed9fc46483d8b,0.214009603,0.999876960
test,175,ISIC_0011131.jpg,ISIC_0011131_segmentation.png,66004d3845b55b70899ee573bc349569b6b9eed566d3e5ed90249555a0a70dc9,0.210494995,0.999865139
test,176,ISIC_0000338.jpg,ISIC_0000338_segmentation.png,ab3d75def0a03a2ab3b84c35353334d9f86ff849ce8e1a53e538037511da7973,0.000000000,1.000000000
test,177,ISIC_0014062.jpg,ISIC_0014062_segmentation.png,5452e41ab631657f553c88e841a843f5f29f3865a9b1a9cd8674646ed5ea0f9b,0.106938680,0.999886625
test,178,ISIC_0009932.jpg,ISIC_0009932_segmentation.png,938891e0db45c2534446b44956596d6020123facbcc75e1fcb593fb5d4d062ac,0.172627767,0.999934223
test,179,ISIC_0000228.jpg,ISIC_0000228_segmentation.png,a8d26be64978348cfe046ac010b5f7b3b1560d83e8477de5f2fbcfc8837b8c90,0.236623128,0.999962024
test,180,ISIC_0015023.jpg,ISIC_0015023_segmentation.png,68b64803f023cfeca62228a68099f6b4e653c2dc97170c52095463d294021848,0.372273763,0.999939220
test,181,ISIC_0000013.jpg,ISIC_0000013_segmentation.png,a0b702c5d38595e4e11b74cfd93592a4b124630c436e3c48d92e13c19994639e,0.106231689,0.999986904
test,182,ISIC_0014788.jpg,ISIC_0014788_segmentation.png,768fd62b92582498312b5636c99ea6a75373fc366e162fed665b65159c786e3f,0.406173706,0.999918280
test,183,ISIC_0000279.jpg,ISIC_0000279_segmentation.png,bb48032c255504cd41107904b03973b89b341045f1808d38f4b76ac9e6681a01,0.182266235,0.999978056
test,184,ISIC_0014839.jpg,ISIC_0014839_segmentation.png,b7e240bbfbbbf49322a6ab35f07a5939810122f36bdce90ef6451fb0340dd04c,0.315277100,0.999937637
test,185,ISIC_0012342.jpg,ISIC_0012342_segmentation.png,a5d86f9f964aa8d7ec75960ab516a0c2cf3bbde9700cb02f57621ca90c02e150,0.206481934,0.999855419
test,186,ISIC_0000271.jpg,ISIC_0000271_segmentation.png,95a16918465c949c2545f3c1862e45bf9c4cc874edc70b4bab488e53a7f611be,0.109161377,0.999980268
test,187,ISIC_0009918.jpg,ISIC_0009918_segmentation.png,d41fc8f0f79fb840dace0e12393c0077400e120cd333e7389079317fe7f097e1,0.218276978,0.999921156
test,188,ISIC_0013863.jpg,ISIC_0013863_segmentation.png,e109d7881d0dfa575bd079b851b367dfe21d084a7ba5004e55bdca272d9e0546,0.246551514,0.999856714
test,189,ISIC_0010599.jpg,ISIC_0010599_segmentation.png,176101ee1a62a39b4532f2e982f7074adcdd63d50ee8b296ea64cf4d17747dfd,0.083063761,0.999939916
test,190,ISIC_0010346.jpg,ISIC_0010346_segmentation.png,75737e7d7b50b890251dd2db3d193f93e114e94606ee59602cc5b795c5d1b77d,0.140141805,0.999904869
test,191,ISIC_0013793.jpg,ISIC_0013793_segmentation.png,aede484e9b3e2841ad482c004157ac5495086ee402d098c3c159923fd26f9650,0.314422607,0.999704776
test,192,ISIC_0010061.jpg,ISIC_0010061_segmentation.png,4e2a7bff178044a9928d48a73e357c373e9835114d9de37f4cc5b82ea87fd743,0.190856934,0.999847231
test,193,ISIC_0012865.jpg,ISIC_0012865_segmentation.png,659a9c938e3cd718b67e0b984f608bb2a226d1c245c636eccaa779f68003df2a,0.113774618,0.999843073
test,194,ISIC_0015641.jpg,ISIC_0015641_segmentation.png,549b420b7a6d6d9e0d7d202032065ab5d2aad0bacc18b57b8145fbfdd2cc3961,0.506052653,0.999920506
test,195,ISIC_0013271.jpg,ISIC_0013271_segmentation.png,8a654038b7bb69cd69d46045c2db7bb4eb86dd618be9520d3f5d1ee3ee445d39,0.187215169,0.999883468
test,196,ISIC_0007788.jpg,ISIC_0007788_segmentation.png,810cf9c9b099156aa44fb06b849575ac34502a74d56633330b89ac6cdc882331,0.082656860,0.999915949
test,197,ISIC_0010173.jpg,ISIC_0010173_segmentation.png,9a553743d5ab15d6b14b05e3c8e73bbce9119b438f7dd94b7cf6ddbe62826d34,0.112411499,0.999755549
test,198,ISIC_0012697.jpg,ISIC_0012697_segmentation.png,6e7bd7d2609ff2b785844e2d380634ef2c4d84a3f4a2596c5022b31c677877a9,0.183807373,0.999713846
test,199,ISIC_0012735.jpg,ISIC_0012735_segmentation.png,e68fef3a88249f580550af83a0fc1e370af13e9e029111c6075ecd76795fff27,0.147374471,0.999765701
test,200,ISIC_0000320.jpg,ISIC_0000320_segmentation.png,0e8171f6f43c2436b8aea26cad66ad4839ae203164e9f643e4e4409a39e9871e,0.000000000,1.000000000
test,201,ISIC_0000381.jpg,ISIC_0000381_segmentation.png,b0dc4fc75f94a7b0b38b68bd8690a7d3d60fa72e34426c53c7e32b6f70c8426c,0.124155680,0.999936196
test,202,ISIC_0013411.jpg,ISIC_0013411_segmentation.png,a516b76dfd1292fe467aa752f670eec523aa308e3313a295e60c2726a50e10aa,0.120595296,0.999937231
test,203,ISIC_0012299.jpg,ISIC_0012299_segmentation.png,27c8840157f8fd2e6fc785d74c0898a8c26ca596cc9f8994e4e402609d0abea4,0.172505697,0.999877245
test,204,ISIC_0016003.jpg,ISIC_0016003_segmentation.png,8fb1e8dbeb84f6984b04ca52dbeb567becc0d9432015dfb95c561f396dc7cd4d,0.248331706,0.999878733
test,205,ISIC_0015167.jpg,ISIC_0015167_segmentation.png,799b3d5612a03f47ee747f92a4e4a24901f7fec26d31665507332bb75479028f,0.578053792,0.999858419
test,206,ISIC_0012089.jpg,ISIC_0012089_segmentation.png,ed75a9153e84d66427e344771037b10b1394a9ab5fa18694e7784596735b6f4b,0.166564941,0.999878783
test,207,ISIC_0000135.jpg,ISIC_0000135_segmentation.png,f36e9cc636892a43062f6b3e2e6b32a151639188a6cd51d811f5860c6f0d9f84,0.031372070,0.999991809
test,208,ISIC_0013712.jpg,ISIC_0013712_segmentation.png,8a7558b2ea65bc41cc23c7fb52c5161313e00a5be4025005cc0f3ef5915e025c,0.228876750,0.999543139
test,209,ISIC_0010574.jpg,ISIC_0010574_segmentation.png,76ca36d1be7c9eb23e3ccb28475043901e083e6f8dcc2aaa84d10742fb51d1a9,0.271591187,0.999844289
test,210,ISIC_0010057.jpg,ISIC_0010057_segmentation.png,0e79ec2dc56165dffbdab2750dd104d1c2a9f53b4e1a149de60e03e5a49def58,0.156692505,0.999871360
test,211,ISIC_0013831.jpg,ISIC_0013831_segmentation.png,0e93c9ad2695d803c16332c8dd6fdf0a1a29f8b33b892ea951c91377153754f2,0.160090129,0.999867707
test,212,ISIC_0016034.jpg,ISIC_0016034_segmentation.png,5cdce708f71b36bb46473ac0b26c811a31549ac3deb990600687b015e9118e5f,0.234720866,0.999484837
test,213,ISIC_0013696.jpg,ISIC_0013696_segmentation.png,d2d25d23401abda92533c0626fec35504b24a6f840793601c6cf4a5095e5023d,0.242716471,0.999857689
test,214,ISIC_0014178.jpg,ISIC_0014178_segmentation.png,6b4bbc2959f0776c24e8a0121c53f71b00852fe8ab2a4a067b3fb339eb0e3bb6,0.129872640,0.999865879
test,215,ISIC_0012548.jpg,ISIC_0012548_segmentation.png,b6e251dacb7a4d68a1f30453dbe98538b83da7bf86b799462bf8b364ffe42365,0.163009644,0.999933057
test,216,ISIC_0013333.jpg,ISIC_0013333_segmentation.png,7506d5f5261e28948d59d3680f1281564c6f79678344438a49fb40e2bd0eee58,0.216359456,0.999877647
test,217,ISIC_0011207.jpg,ISIC_0011207_segmentation.png,7bcc095614c3c7bde10b70e9727c5f3f81f55703e0930bee43758fd82c992c3d,0.163167318,0.999933175
test,218,ISIC_0011155.jpg,ISIC_0011155_segmentation.png,1dfe40bfe88fc87e0ca590bbcb288cbe67d7dc750915d781da79344af73a8765,0.277623494,0.999791670
test,219,ISIC_0010337.jpg,ISIC_0010337_segmentation.png,0b8cd27793f775e1a22e66616fd9b1a6500ff5d070cf570fb2f06a15b9681eab,0.301483154,0.999858711
test,220,ISIC_0013039.jpg,ISIC_0013039_segmentation.png,1537bec74379360dd6db679aa1a8f1ccb2d68e90552ba495c0058859e495d047,0.091334025,0.999877365
test,221,ISIC_0010064.jpg,ISIC_0010064_segmentation.png,f69284137a24448c4c51aad6a3e5409e72f1b727411802cba60fb0acc2a6a7f4,0.184804281,0.999760042
test,222,ISIC_0006114.jpg,ISIC_0006114_segmentation.png,552c1bd7e7498461ebfe70752934e02b71125632e33df2a05ff87657a1740312,0.218724569,0.999923394
test,223,ISIC_0013581.jpg,ISIC_0013581_segmentation.png,e7550b55c0d1981726e8de00fd24f4ab5b9d2b98ee5b12a4179a658921c3edc7,0.211985270,0.999689503
test,224,ISIC_0015403.jpg,ISIC_0015403_segmentation.png,ac4b8746c4757f7789781ca739a65c8a6f7fb08f5d65b744dcafdfa1e2d6447b,0.436884562,0.999905229
test,225,ISIC_0014952.jpg,ISIC_0014952_segmentation.png,55d86a82134f3609d94ac5a38348f714b04956e85e0513570af1cf299efb4f0c,0.816350301,0.999801833
test,226,ISIC_0010234.jpg,ISIC_0010234_segmentation.png,bcbc014af772b13d5419f831364eb9da00ea908fbf960ddfa2544f2a4a57e0ee,0.104375203,0.999911170
test,227,ISIC_0010857.jpg,ISIC_0010857_segmentation.png,c9dd220b2bf1c8a32cd27073852af82479bc3b9455370e2cedab7fabc32edc78,0.147567749,0.999874584
test,228,ISIC_0012965.jpg,ISIC_0012965_segmentation.png,9ba50e62236ced4b4f5085a6a864f6129b2aaab7c740a3b742bd95dde799f790,0.117050171,0.999588904
test,229,ISIC_0010334.jpg,ISIC_0010334_segmentation.png,769e8719747d91186be8666f1eb8ee6fb52a2b175509998ef31d261e20a63aa3,0.201965332,0.999952123
test,230,ISIC_0000021.jpg,ISIC_0000021_segmentation.png,979edbe193dd19fb0a76d948b927d89a1561b6c614fca6e57132145e0dfa6f85,0.158401489,0.999914771
test,231,ISIC_0014546.jpg,ISIC_0014546_segmentation.png,928b33721514e49974d3170278c8e3ea22ec2af5f3a9b6d207d686fc73739c41,0.107655843,0.999886293
test,232,ISIC_0016055.jpg,ISIC_0016055_segmentation.png,1b70f611549d6407ca607da7bde07b4dec97d7fc70664d3f5dace94de28a740c,0.177861532,0.999937941
test,233,ISIC_0000499.jpg,ISIC_0000499_segmentation.png,6e3bd225d919def35b4f5a7305933d15894a3ca9212b3afbc6ed0bb8ca19858f,0.319498698,0.999742022
test,234,ISIC_0013035.jpg,ISIC_0013035_segmentation.png,abd7746fcd4a89f5b6f42931f8603dd955cb74ccb86df826624c8a2782b9c72c,0.272160848,0.999753240
test,235,ISIC_0015157.jpg,ISIC_0015157_segmentation.png,e35f61095b2f887278d64a3c1ab71575055d4554c8ddbe5d3ced0bd59693b790,0.461125692,0.999895746
test,236,ISIC_0005787.jpg,ISIC_0005787_segmentation.png,0c4b6eb7531b3cf9bf3d8488df97e7bd0814ee830e5c820f59e337c3e18e4c60,0.332392375,0.999896684
test,237,ISIC_0014640.jpg,ISIC_0014640_segmentation.png,c8e8ea2b08dbc36876b274a2ce2a83cc7ab88c56fc4c1fe17484eeee0c06030e,0.100453695,0.999947481
test,238,ISIC_0003005.jpg,ISIC_0003005_segmentation.png,360cdbcac526ed338afaf8ce4f440a5233fca76abb133b3eb78153b7156d1e00,0.243667603,0.999953550
test,239,ISIC_0012221.jpg,ISIC_0012221_segmentation.png,fede1a13070f219338257d4545d4708db71248619ca41198dc504c6382041b8b,0.436569214,0.999364189
test,240,ISIC_0009504.jpg,ISIC_0009504_segmentation.png,72209faba5b99ee08189a94891f31533841c82aa85842289388a4a547fe72bb7,0.196156820,0.999859302
test,241,ISIC_0012208.jpg,ISIC_0012208_segmentation.png,777a346ba224902a66977a1f8fc56ee98488b94c902cda410d4d91d53d40ae86,0.209447225,0.999740571
test,242,ISIC_0012944.jpg,ISIC_0012944_segmentation.png,7a05e0e7755dac5642d5db255708ea283d8d27786f625ebdbd443fae5425a137,0.197189331,0.999787438
test,243,ISIC_0013474.jpg,ISIC_0013474_segmentation.png,11c3788b064ec2b918972a41b19f9e638a04a9756bf9b5f4ce376ffa71c4b005,0.098286947,0.999923311
test,244,ISIC_0016007.jpg,ISIC_0016007_segmentation.png,b74bec41da2c81dcc406b251e085ad175edeb674643d89837e3cba5c99646e7f,0.236419678,0.999735434
test,245,ISIC_0014623.jpg,ISIC_0014623_segmentation.png,69063948a03c620bec08fc7db567bf9fa97bacab06889ad3c52beed5166b7123,0.120112101,0.999955210
test,246,ISIC_0014983.jpg,ISIC_0014983_segmentation.png,15968c4d4c2754c6f68236e06992ad07bc8e5a9d230818d110bafc3d24d05806,0.480443319,0.999878348
test,247,ISIC_0014795.jpg,ISIC_0014795_segmentation.png,213872c27a58cc41ce95786f597835f92c4feeb076592d841f5fb568a114c97c,0.378285726,0.999932691
test,248,ISIC_0014982.jpg,ISIC_0014982_segmentation.png,1114efbf760a9a0615212da1cd3ac6d7817a65e13c0b9e9449558f3fa646bf43,0.431777954,0.999882036
test,249,ISIC_0013800.jpg,ISIC_0013800_segmentation.png,24aa342b4c0d9f6276e941dbfdd20bddb79c767ce2a33e7b79078cb391e13010,0.212117513,0.999905266
test,250,ISIC_0013173.jpg,ISIC_0013173_segmentation.png,828dddf56c36024fe993c0a1ce3c04cf98cfc6f8a99cc13e3b75d5060858c224,0.119150798,0.999872690
test,251,ISIC_0007557.jpg,ISIC_0007557_segmentation.png,16534dff4c413c397e09bf3c24a6d5f3638b6b0595f07c4f24bf88095a230e66,0.237111410,0.999883683
test,252,ISIC_0013238.jpg,ISIC_0013238_segmentation.png,cc7513b6bf10f11c428f81774166679fec84e17c177981ea2f4cdc44278c0a26,0.127772013,0.999721213
test,253,ISIC_0000246.jpg,ISIC_0000246_segmentation.png,8d11d1195a7e18f6b52d2dd49d99bb2a0d28b0544005312b6c095f926ef4cc40,0.119878133,0.999887437
test,254,ISIC_0000340.jpg,ISIC_0000340_segmentation.png,cae9f13313e2c858ca52e33b68595ebafacdb3bbfaddb92d1fd379ef1329c7eb,0.000000000,1.000000000
test,255,ISIC_0014410.jpg,ISIC_0014410_segmentation.png,ce0df106a0e8db9943d7b40d40b8679e43c743b725a4763dcfc42f7d3b906c53,0.171254476,0.999899754
test,256,ISIC_0015223.jpg,ISIC_0015223_segmentation.png,961bb87f9e5fb6ea01f138a51a8af28b08ceeb10653903d2df8f24053277ff3f,0.458196004,0.999879152
test,257,ISIC_0012271.jpg,ISIC_0012271_segmentation.png,5885b20c52cf91b0f1820b8c7b4713b1d16b014a1b315f81f727ebd03a5b2320,0.256383260,0.999741582
test,258,ISIC_0010013.jpg,ISIC_0010013_segmentation.png,7bac16dd952dcd29a0b2ce9545485f78fd638ad443b1bbcfde09685fe8444c49,0.223892212,0.999906080
test,259,ISIC_0013799.jpg,ISIC_0013799_segmentation.png,b3e9ba6fc042f1b423f62210e2f320fcbe67e9cd97b21feed6424a6ae248a10d,0.237121582,0.999900639
test,260,ISIC_0013191.jpg,ISIC_0013191_segmentation.png,1577197968bc7a28d8ec182135229f6c79619ea54a016be99016fd8125e7c6a1,0.221506755,0.999769545
test,261,ISIC_0009946.jpg,ISIC_0009946_segmentation.png,368733a33b28d5d0a24035d9a6c4db90a9277f4d66966d51817116eefd350ea9,0.225351969,0.999923416
test,262,ISIC_0010461.jpg,ISIC_0010461_segmentation.png,f76dde2f91462ec1448b02654e748bca8e7188b03d8222551c2e4117104c8e7a,0.211619059,0.999897005
test,263,ISIC_0012804.jpg,ISIC_0012804_segmentation.png,f83af56a64a8dd2f69b3b07c07d828e26858040d80fe98fadffccfa58f2b6593,0.118520101,0.999871797
test,264,ISIC_0000042.jpg,ISIC_0000042_segmentation.png,0c6446835a1d47ba1457cdd4ae2fd5161a1d23e777205d43f3ea074b559b13e2,0.200434367,0.999954512
test,265,ISIC_0014090.jpg,ISIC_0014090_segmentation.png,501567763e8de738fdcb008fdf88685ee39e715f5179b187999cb561413e0a2e,0.138478597,0.999676482
test,266,ISIC_0009982.jpg,ISIC_0009982_segmentation.png,69a85142486b794acced8a18ad08562054763a8e17e2472248b402b38acabaaf,0.179977417,0.999953201
test,267,ISIC_0013673.jpg,ISIC_0013673_segmentation.png,2e6c117fb924eb7838fc49a22e4ecfe58b0a0a78bc3b8e897f0b90b197833999,0.215194702,0.999788127
test,268,ISIC_0015233.jpg,ISIC_0015233_segmentation.png,14942fb29d7ea55acefce9f27c332c3b24dc57afd27eee78d4cfded3a6dafead,0.444447835,0.999909939
test,269,ISIC_0013995.jpg,ISIC_0013995_segmentation.png,5b357c1baa05345620f2d5a425a11b6f8ecf03940bb1d57b1a91d1b9d9d89fb9,0.239267985,0.999627053
test,270,ISIC_0013958.jpg,ISIC_0013958_segmentation.png,18a2b5f7e5fa537cbe4183833bd2e1cac5b1257e35992434a58241175a3847be,0.283238729,0.999884308
test,271,ISIC_0014574.jpg,ISIC_0014574_segmentation.png,9146fb6882e272a648941f7271152f715bd655cfe18804f526d5a101a78ec3d5,0.069595337,0.999944480
test,272,ISIC_0011306.jpg,ISIC_0011306_segmentation.png,dacb682331419023a9b344a76020ba0be63aa855ab741f6337956d85f08bae96,0.134821574,0.999865778
test,273,ISIC_0009998.jpg,ISIC_0009998_segmentation.png,56556a7fffb0046fb775a537555817935b3f7bc129e845cb0b1463666859681b,0.144846598,0.999961664
test,274,ISIC_0000539.jpg,ISIC_0000539_segmentation.png,77a0289f4a6bdf568c9cb3d00aac527f9af5566fef1b166c80e2380ef7d33dda,0.128290812,0.999967426
test,275,ISIC_0009954.jpg,ISIC_0009954_segmentation.png,eb21f3e522b785333610cf89cd4f00cebcc9fb5b60266c616d3ef072328f597d,0.201207479,0.999841550
test,276,ISIC_0010362.jpg,ISIC_0010362_segmentation.png,9acc8efb5afdeceea9e34f5231c9d15d8cc09927dc9159b489f56516de3abd19,0.178181966,0.999888340
test,277,ISIC_0010557.jpg,ISIC_0010557_segmentation.png,8b10e4f3b15813896f1c28e86400ce17c104aa83edefc846af7f56f719a3bb98,0.232579549,0.999648886
test,278,ISIC_0013601.jpg,ISIC_0013601_segmentation.png,222134f6ea73590956085af5dde7b7cdca221b14a3a16df33e4c88240c1f859a,0.108235677,0.999852444
test,279,ISIC_0010356.jpg,ISIC_0010356_segmentation.png,f18ed558f410367286369ebaff88eab04c3f5fc82fecb6a6c500a5e08f924347,0.112604777,0.999808528
test,280,ISIC_0013862.jpg,ISIC_0013862_segmentation.png,6186f80ec01c6d366c919a028b41fa4d0719ac590fdcd4ce20f0b6d3a7f17f60,0.206624349,0.999728500
test,281,ISIC_0015443.jpg,ISIC_0015443_segmentation.png,400e0c13cc03162916431841a7fbb1e8ef72541bd36158d4d2bf60ffbdd30b57,0.408030192,0.999829696
test,282,ISIC_0011334.jpg,ISIC_0011334_segmentation.png,967b6a468949a49390a31ab9c3213dc633d97d3e15afdee710dfdd0ceee73efd,0.304972331,0.999844570
test,283,ISIC_0012272.jpg,ISIC_0012272_segmentation.png,e97a0d827e8759cefb14bba5de58ea8e36533fb34dbb7b96be4a439b8fae6cc6,0.178131104,0.999894231
test,284,ISIC_0013048.jpg,ISIC_0013048_segmentation.png,a5360dcd0030d1000177c519165ed5b34fab6c3efecd4a992ff5fda70d2c3f37,0.094665527,0.999798200
test,285,ISIC_0012828.jpg,ISIC_0012828_segmentation.png,edeef72b776ac2d0106472483dd4783ac69d848df1ff6ebd0ca431182edb8261,0.193776449,0.999769801
test,286,ISIC_0014422.jpg,ISIC_0014422_segmentation.png,c0570123a57709f88aa48dea2b0a65090d8fc254f6dcaec60dbc986b95ccc716,0.143122355,0.999830782
test,287,ISIC_0013360.jpg,ISIC_0013360_segmentation.png,f7000eb65c8135dce72bc3125d840315525354bb03687502043cdf6f0d0c560f,0.211344401,0.999833052
test,288,ISIC_0013610.jpg,ISIC_0013610_segmentation.png,a7fa1c74a2dd4c4e6d2080e65620bb581509b80e99317a522acb0f39d4f99720,0.187026978,0.999787356
test,289,ISIC_0013675.jpg,ISIC_0013675_segmentation.png,6a445fc4b4de955e86ad24f26f99683501e409a687720a99f52b5fcdd1783b89,0.172286987,0.999830887
test,290,ISIC_0000131.jpg,ISIC_0000131_segmentation.png,eef09521eeb59d1854f7afb9c5c065ebebbadb22359207af16cc65c8e23819e8,0.212061564,0.999962543
test,291,ISIC_0002251.jpg,ISIC_0002251_segmentation.png,8e57eed95612a3c41b8e7641a5eb3eda005843466e1a39a1e6573f607fb4960f,0.292165120,0.999922638
test,292,ISIC_0016064.jpg,ISIC_0016064_segmentation.png,9062426edaff55ec29d012caf591cc9ecf382b35e0a5e9c4b4179db634229d0c,0.151097616,0.999834652
test,293,ISIC_0014667.jpg,ISIC_0014667_segmentation.png,3c0de6306655d406f01449d6b496806b54eca9ea62f496e56060a497b0eedb7d,0.509760539,0.999889599
test,294,ISIC_0012290.jpg,ISIC_0012290_segmentation.png,4dc9b2f5255530e936dc5e4f7ffe57828e4607d137ee285509a039fe4b4029e2,0.153503418,0.999907082
test,295,ISIC_0012684.jpg,ISIC_0012684_segmentation.png,d4672dac389746e2236961a857ea3312b0548f672645ead4a5f2cb85494ce24c,0.155634562,0.999931336
test,296,ISIC_0013438.jpg,ISIC_0013438_segmentation.png,5a8ba47f3595e371021ea70abc91f999b6d3071184838ef8a192ed83a08e86b9,0.205500285,0.999737912
test,297,ISIC_0001216.jpg,ISIC_0001216_segmentation.png,fb694a2b556749b508ff19ccb334853b954143c6adc7a00a42e90b3e97b23515,0.168141683,0.999967287
test,298,ISIC_0013667.jpg,ISIC_0013667_segmentation.png,9ed62dade0b97493364f4ebaafe3f2f8d338282a41af3e053d7f6d7320d80871,0.126536051,0.999869293
test,299,ISIC_0000339.jpg,ISIC_0000339_segmentation.png,7bc76ab9adea50c739b89c4751ad42f9c0e2980582a4765650fc646cb62f7b90,0.000000000,1.000000000
test,300,ISIC_0015152.jpg,ISIC_0015152_segmentation.png,014fc230a812d4d47e17004cb60f38c53fdabe4fbcd5b14fb0759fd6e49be2ae,0.381408691,0.999881957
test,301,ISIC_0014944.jpg,ISIC_0014944_segmentation.png,149e973f9da04bc9273b0709fe74c3844210d95f42a69391e7f7e94dc3f2107a,0.583140055,0.999867356
test,302,ISIC_0013126.jpg,ISIC_0013126_segmentation.png,19ea7bd739da0e8b1e63eb56e7a2c859710f7749680048a69f6f22974f351fd5,0.206105550,0.999771624
test,303,ISIC_0014863.jpg,ISIC_0014863_segmentation.png,26edcde6d0eabb6290b97746a3b0cf3cd9345ab1b18f87be035c85b9d5853aef,0.438624064,0.999894825
test,304,ISIC_0015062.jpg,ISIC_0015062_segmentation.png,07b66eb86caab19bb2438a770eaeb9ed0d0f24754c76706c039920d28a930c19,0.533793132,0.999868564
test,305,ISIC_0000098.jpg,ISIC_0000098_segmentation.png,9072a662c33e0125df9aeac914670be2a7a3d228d206d2c928a7f901d87fba7f,0.000000000,1.000000000
test,306,ISIC_0012126.jpg,ISIC_0012126_segmentation.png,84fbf12d967b275a7b445bd64fbf8eed06d090cb57b8cc1d594cf6df9ba45053,0.166402181,0.999667269
test,307,ISIC_0015202.jpg,ISIC_0015202_segmentation.png,53c5e52f8964c1b4d7371cb175e8e19d8bd5da0d034e2e705f719281bacfaa7f,0.753738403,0.999549530
test,308,ISIC_0013684.jpg,ISIC_0013684_segmentation.png,df220fbccd0606a452c7d0fc0302bc78e33a9c570d1ebec7491214ef8e149ddb,0.256469727,0.999884422
test,309,ISIC_0006651.jpg,ISIC_0006651_segmentation.png,63fabd875ab9b7ddf76791db4523a8f8f6d20ef96bbb08389e218feecd5b900e,0.293721517,0.999905864
test,310,ISIC_0013980.jpg,ISIC_0013980_segmentation.png,55f8c4d66ecdca4685e4d3d87e0dcd3807f7e7d4b1b0b45ea5c7ef6f1b865ff2,0.196584066,0.999793619
test,311,ISIC_0013935.jpg,ISIC_0013935_segmentation.png,741c08998f1e490c86ea9dd40f896195cd1fc05bc6da117cf1a8de471bae2956,0.221562703,0.999421571
test,312,ISIC_0014044.jpg,ISIC_0014044_segmentation.png,c6c7a1e7e2eef45ff9d6d4bf7bd175e8911f457154244d11a003ddf34bece3e3,0.259155273,0.998801177
test,313,ISIC_0013778.jpg,ISIC_0013778_segmentation.png,868ab4d796ac205066e2782046e1755119568323c0528cc386622d4c32ba0c4d,0.265263875,0.999689749
test,314,ISIC_0000471.jpg,ISIC_0000471_segmentation.png,a0d16a2054c39ee596aca497ec7abaaf15a4902b93c559cfcfcf23c298c40aa3,0.223353068,0.999871165
test,315,ISIC_0012517.jpg,ISIC_0012517_segmentation.png,f31ee1e4bd290eed42a95956861d916ec17e0bbfd73baa56fa650b55800657d4,0.132161458,0.999808347
test,316,ISIC_0009800.jpg,ISIC_0009800_segmentation.png,ce46c6592cec0df76a55e674b7cdb0bace11291c2caa165e745d159f6ba6811c,0.217458089,0.999948721
test,317,ISIC_0000133.jpg,ISIC_0000133_segmentation.png,fbd2c18ea313bdd37188314040e1e2e8291338a12fe5a259b028f1879d7aff2f,0.000000000,1.000000000
test,318,ISIC_0012671.jpg,ISIC_0012671_segmentation.png,4f155bda6f26093e62886e81aabddf694bba3c2dc4a5ea23740a9abb1ca88f2e,0.064997355,0.999934718
test,319,ISIC_0000189.jpg,ISIC_0000189_segmentation.png,8bceb7175f70b4f2cee346d24d27234aefff26849d7f43eff42477e9a59fd811,0.213460286,0.999959859
test,320,ISIC_0000326.jpg,ISIC_0000326_segmentation.png,001a4fd1f7955b937a5d121c7847a4519bbac206886d8b865591d52d722cf503,0.000000000,1.000000000
test,321,ISIC_0000368.jpg,ISIC_0000368_segmentation.png,a5c6662f0368f274a1fc563a31da7b9273daaf5054a9f274606426d1aecc6f22,0.000000000,1.000000000
test,322,ISIC_0013911.jpg,ISIC_0013911_segmentation.png,ff894ac484c454da413895b7b0afdebe1e0443c60d5f8410867222eff16aabfc,0.199915568,0.999829442
test,323,ISIC_0014883.jpg,ISIC_0014883_segmentation.png,7e49d443aa63214decc5467d0e9aef9b45e8d982924698c53e8936707f08beaf,0.551116943,0.999940829
test,324,ISIC_0000141.jpg,ISIC_0000141_segmentation.png,54d1e8e047c3775e5229985878501ae8c76a2e1b5969ed6ccccb676e5c6f66fa,0.192245483,0.999931511
test,325,ISIC_0011150.jpg,ISIC_0011150_segmentation.png,9e71b95582c24bc996559ed7a480fadaa6c7a5eb83f1af0073e0f41c49f16fec,0.557927450,0.999718464
test,326,ISIC_0010071.jpg,ISIC_0010071_segmentation.png,e667cf0fd5d20dbc946b70bfe3ea6d1abb3ebbe64207a1aa5190a24319a4cc4c,0.205281576,0.999929490
test,327,ISIC_0000263.jpg,ISIC_0000263_segmentation.png,abf9cce8502b2b43e4ac52b7cc340ccfce29dcd65959cd7ecd25e77187a8317c,0.186116536,0.999967256
test,328,ISIC_0014089.jpg,ISIC_0014089_segmentation.png,643e3bdc0174d8aad04bb459a352f4604e4421100bdd24b47cadc6f013245dfb,0.145497640,0.999807454
test,329,ISIC_0014715.jpg,ISIC_0014715_segmentation.png,d6ea0fd2ca1f90db2c868847850e0e35c2bed5cc70f142075deba235f9bf3ff4,0.572784424,0.999829618
test,330,ISIC_0002093.jpg,ISIC_0002093_segmentation.png,ff0524cb972fcbb7a4a62f3333ca6cc44c096d783bcee190af791462ac9f163d,0.363357544,0.999870086
test,331,ISIC_0010604.jpg,ISIC_0010604_segmentation.png,0b93df5e7cdc5104cede8975130b4d9ce7f7c261e4983a409cf567f94eb037a5,0.226704915,0.999896211
test,332,ISIC_0012495.jpg,ISIC_0012495_segmentation.png,16a810a294b47cca5ba6fe7cba2be165e2fd810d7c3a5e60b25a18fe7b4e0bff,0.162638346,0.999555933
test,333,ISIC_0009885.jpg,ISIC_0009885_segmentation.png,d0c348baf1726f550cdd486386b1a7286f12f711e6adf5012c8285c112057e69,0.126729329,0.999898816
test,334,ISIC_0002459.jpg,ISIC_0002459_segmentation.png,b1bc710ffa333973dda2231dbed1fbfadb41e4a7847796c1a424313a25f82eb5,0.260976156,0.999876008
test,335,ISIC_0013795.jpg,ISIC_0013795_segmentation.png,87a68040cf9ba8c2613832bac92898e486bd1bf0da214350d15783eac34351be,0.188939412,0.999785325
test,336,ISIC_0000531.jpg,ISIC_0000531_segmentation.png,bd4c7be60438abede5db0c9759cb1b8e8aa1bd74a9464d833989aa4023ffcf3a,0.394215902,0.999762149
test,337,ISIC_0012382.jpg,ISIC_0012382_segmentation.png,84aa06dfa48b270caab55f84ca450eb4dd85dd67844e99740da5d35c6974c77f,0.202738444,0.999925000
test,338,ISIC_0010263.jpg,ISIC_0010263_segmentation.png,f10c05e830a23aa8e5118b5c454b7d4d9160b013608b83ee7d81d503e3578732,0.086563110,0.999914477
test,339,ISIC_0002948.jpg,ISIC_0002948_segmentation.png,18d64c3abbf314c4ea095cb2bae710605a592633b14a2f8c2e2b40e0a74e9ea9,0.206848145,0.999907998
test,340,ISIC_0013073.jpg,ISIC_0013073_segmentation.png,3ace26d21ba8eb6a77061b40c7a06338b699a18dd519d3b7675e116dd925a421,0.198115031,0.999820792
test,341,ISIC_0000480.jpg,ISIC_0000480_segmentation.png,59801580d0ba77b11bf0fd9878602af2d7445067ca791ef653176d21a7adfa91,0.492935181,0.999490315
test,342,ISIC_0000330.jpg,ISIC_0000330_segmentation.png,e2a202428df6531840e569909a68c15212e62feaab99918f39b8d52c5d8533dc,0.000000000,1.000000000
test,343,ISIC_0012810.jpg,ISIC_0012810_segmentation.png,923f99731c8ad8c4ed012d23cddf90cce7dc2b37265a4d5a90cc7104fb36420e,0.088261922,0.999825266
test,344,ISIC_0000259.jpg,ISIC_0000259_segmentation.png,7fd59ce6002ddf40f04867fc7f0c6752f228419eac852887ce24f99b35489be5,0.171452840,0.999926537
test,345,ISIC_0012164.jpg,ISIC_0012164_segmentation.png,23ac6d9cbee1297d6d1b7fd23195e0f32161becc94c43d6da0fd745cbe7e2a1c,0.206166585,0.999530507
test,346,ISIC_0014651.jpg,ISIC_0014651_segmentation.png,821217e71b64d0592d2c65e528f3452ba55adef5783062e51239d5e3a2e3eea3,0.068944295,0.999954009
test,347,ISIC_0014507.jpg,ISIC_0014507_segmentation.png,a71fc68f89dcb599b03954a45b73ae3ce5a0484e267e677d462e4f16e6fd13f5,0.102579753,0.999923749
test,348,ISIC_0015483.jpg,ISIC_0015483_segmentation.png,84f0c136e98010ac7ba8017cb4d3c71f7b2c88d6e410e69e4c94a91f11d86bb4,0.486979167,0.999859604
test,349,ISIC_0000509.jpg,ISIC_0000509_segmentation.png,2029aed393b327098959625f433dffc758a476228275f883de12939f6b08c0c2,0.233566284,0.999873648
test,350,ISIC_0014511.jpg,ISIC_0014511_segmentation.png,c6b908eca76dfa624ee3f8324a8e6cece5aea7409fbb92d33fdde4e5deccbb41,0.095637004,0.999950135
test,351,ISIC_0000486.jpg,ISIC_0000486_segmentation.png,f92f8467ea0cc01e08b9c484451fee85e92a5e940d0e3c057bbd5ca56e259f3c,0.156723022,0.999891199
test,352,ISIC_0012740.jpg,ISIC_0012740_segmentation.png,e21cd084023ba1551696639515563e8965290d6c1023d43b2e42885a13157834,0.170430501,0.999863921
test,353,ISIC_0013558.jpg,ISIC_0013558_segmentation.png,6e57062c01e50302a0f2850c1407595175819295bc7ff6d235150d96bcfc9a4d,0.218688965,0.999782723
test,354,ISIC_0015032.jpg,ISIC_0015032_segmentation.png,296d043aada9404c6230664888080e47a2f6d8aaf5e27f99a378ac6d02b2c56f,0.451507568,0.999924844
test,355,ISIC_0013410.jpg,ISIC_0013410_segmentation.png,f8fb9fb594a2129000734c3ff19be050308b4550e393ff44395cb9d5eb568415,0.221776326,0.999243118
test,356,ISIC_0013988.jpg,ISIC_0013988_segmentation.png,b034c7e5e52b7b03e0e855a20928d9c128efc84349b28c7603168b430568a952,0.215138753,0.999820062
test,357,ISIC_0014131.jpg,ISIC_0014131_segmentation.png,9a51f451561758d3f00954e21134e6e534cd8ef9316c405ee39f7d21c3c977f7,0.158528646,0.999828434
test,358,ISIC_0014642.jpg,ISIC_0014642_segmentation.png,97e54fb97dfe93cc80276fe6ede409945672dfab8fa99395a4975b4a4280d655,0.082463582,0.999947231
test,359,ISIC_0007528.jpg,ISIC_0007528_segmentation.png,a248679c2b7286d6dd6110d85235e903b5aaf21665d531a38a2d10e5fb3e83d2,0.272374471,0.999872778
test,360,ISIC_0010606.jpg,ISIC_0010606_segmentation.png,9f0f82f0e7f4e6880b3f5603f8de1b1975bd36e07f782509c4c30627de124fcd,0.233489990,0.999930062
test,361,ISIC_0015943.jpg,ISIC_0015943_segmentation.png,a8da2959f93fd2ec912de174989d051907e3644b47203a56304c95cbbe15d1f1,0.216272990,0.999733518
test,362,ISIC_0000444.jpg,ISIC_0000444_segmentation.png,2b82fc8bcba3631c4a1b98f91f8486a310a0109fb80fe1d181aa442aeaf2798d,0.124176025,0.999939552
test,363,ISIC_0012213.jpg,ISIC_0012213_segmentation.png,cfbad82814960a1aedc5603fe7f85bf1511a223741575b009376fbdff59f53a3,0.209828695,0.999688259
test,364,ISIC_0014979.jpg,ISIC_0014979_segmentation.png,4e13f6ca0e8666ee1b895144f41590ee498047a9f769883838b2328e7c0c318e,0.385406494,0.999928192
test,365,ISIC_0012324.jpg,ISIC_0012324_segmentation.png,0728a628ec44b1e0e49b8e6d8a847d42eed9b92be7fed21c072fa3bc90fcdda4,0.277440389,0.999857747
test,366,ISIC_0014603.jpg,ISIC_0014603_segmentation.png,db305fe669ff96dca05968f23d15d2028839db682b3bde1a7d75ecda06a046e6,0.112945557,0.999949980
test,367,ISIC_0013552.jpg,ISIC_0013552_segmentation.png,397c2cb497b732a9aedb991a71ccfe15b9ddefdb950a4f5a33852bf8b9759d36,0.294855754,0.999846635
test,368,ISIC_0014806.jpg,ISIC_0014806_segmentation.png,d33d03cbfb0029ea2518bdc9c1473a9c2ba1b159a2a0b02b90f924204d206090,0.423670451,0.999920051
test,369,ISIC_0012136.jpg,ISIC_0012136_segmentation.png,448f223dd2c1d0ba778771c5beb92f53247fc4b8e31b464b8012a5f696439907,0.229482015,0.999850854
test,370,ISIC_0011104.jpg,ISIC_0011104_segmentation.png,26527d6f7959273162f35ededeeb454788d5b22f781f1d57b98cdf847d2ffde5,0.161651611,0.999921348
test,371,ISIC_0015173.jpg,ISIC_0015173_segmentation.png,5da396f4972885b75f135ed1c123606c90ea45b9bad6c0c65cf195bfa1b0f81f,0.437500000,0.999895599
test,372,ISIC_0012205.jpg,ISIC_0012205_segmentation.png,56e8c9e692f8b8faab4ae6f8f13f49750658f5eea10575a3bd0e02419480ad47,0.140884399,0.999851264
test,373,ISIC_0010183.jpg,ISIC_0010183_segmentation.png,297953eb06bed57c7850bddbefccbb1b417d98e77ffabe03517c02de57fbc215,0.126617432,0.999768656
test,374,ISIC_0013918.jpg,ISIC_0013918_segmentation.png,58a120dea0d870b07acf66f406c28921c6c69dad6d7b6262b3d8f54eba80a455,0.196889242,0.999723474
test,375,ISIC_0015180.jpg,ISIC_0015180_segmentation.png,93b08bbee17a3036d20e1ca7f3b1d191d268e24d0f42432e1b9ceed6a3d469f7,0.410344442,0.999806935
test,376,ISIC_0015218.jpg,ISIC_0015218_segmentation.png,f6923fd3dca66ab1ad4ed7f4bca9258282f856e777c3204e72648bfbb123b960,0.501215617,0.999929255
test,377,ISIC_0010178.jpg,ISIC_0010178_segmentation.png,62a74e017e759257ae1cdc66a92f62268df56c2cd2277dc048915e01c7d7315b,0.150497437,0.999888811
test,378,ISIC_0013320.jpg,ISIC_0013320_segmentation.png,c66893a0672cff73623e38f4bc2677b1afc6d8dba8456cee79bb9535cb917225,0.192179362,0.999872270
test,379,ISIC_0010336.jpg,ISIC_0010336_segmentation.png,7ac9a01f184ade536849f33cb4b6123b5162d67d0b61fafe81a98c248c949f4e,0.204147339,0.999914487
test,380,ISIC_0000011.jpg,ISIC_0000011_segmentation.png,9aa386ce4e0b251d9b0323637f1ac851632529a1f1a44635f6df6d4bebd4bf06,0.081136068,0.999981658
test,381,ISIC_0012715.jpg,ISIC_0012715_segmentation.png,b243201905af5f2826507b444d387006b487091931f81ccacca6ad603b3ccd69,0.195643107,0.999739726
test,382,ISIC_0012981.jpg,ISIC_0012981_segmentation.png,984b916caf6c2309cfc811e301ae3af72984eb7d5b42667e91b73e68c105e0ba,0.207931519,0.999854266
test,383,ISIC_0000258.jpg,ISIC_0000258_segmentation.png,5598fe410e6b517c1db24ba0d1ebe6ba65c5679a8e568543ef4a95a3211b814e,0.189046224,0.999935841
test,384,ISIC_0012177.jpg,ISIC_0012177_segmentation.png,a53d2c818d9af0c41e00b962755d67ca5251b5ce117d0fc7f65a636179d54e7b,0.171788534,0.999674159
test,385,ISIC_0000426.jpg,ISIC_0000426_segmentation.png,58ac0e5827cf607b1c6398fd83961f6e74bcb5f6d849aa78d662b2eb7bc84bf7,0.124984741,0.999985920
test,386,ISIC_0011210.jpg,ISIC_0011210_segmentation.png,de4b3cc46c07f4607866e74496cbd70f1ef88efa321b80112d41463211c1e052,0.346466064,0.999678118
test,387,ISIC_0013523.jpg,ISIC_0013523_segmentation.png,1fc5206e8156a8bc162027a4a5a91616424883de0293caca09c76ec70c8a1271,0.257019043,0.999694104
test,388,ISIC_0013837.jpg,ISIC_0013837_segmentation.png,d3b6e5c47a92e56593f7b5a050197cfa6fe152352fceec7e5780bdd129b65d69,0.185953776,0.999622820
test,389,ISIC_0013702.jpg,ISIC_0013702_segmentation.png,4cc638a5011b5043a44ab1cc994ec82baf1e96478929a460a456276dceac2812,0.456298828,0.999549070
test,390,ISIC_0015969.jpg,ISIC_0015969_segmentation.png,f6a2a3b18c9870018224ebea3423bb961077d49f2ad2f90b1013f69bb7992a90,0.287200928,0.999841704
test,391,ISIC_0013865.jpg,ISIC_0013865_segmentation.png,62161257cfb8fb2fd66033175a8319c2bdd963a5e8fe68aa395c165abe18b27c,0.252517700,0.999753915
test,392,ISIC_0010222.jpg,ISIC_0010222_segmentation.png,29a2f49068379b8fb6f4308e01156914a7d302d0eac622c308802d1f0b7a16e8,0.278488159,0.999859439
test,393,ISIC_0000317.jpg,ISIC_0000317_segmentation.png,3575ce5397545b8336ff0824eb254d730e8dc80ea8159ce1452e5d841dbc37e8,0.000000000,1.000000000
test,394,ISIC_0013216.jpg,ISIC_0013216_segmentation.png,d136edee146d7e2f6f996c4901f589161d1b5ac0c68eb9472dc16c12691dacbb,0.130981445,0.999876550
test,395,ISIC_0000134.jpg,ISIC_0000134_segmentation.png,c613d3e2dfc6bd52fc07fee3cb5ddeddd5abe10b467055871de0a0fbcd3c4b33,0.000000000,1.000000000
test,396,ISIC_0011157.jpg,ISIC_0011157_segmentation.png,4e9f8d0fc3b50fc8072a004f47f8dcebc9978db080adbba9d229d09c95102f64,0.146291097,0.999923719
test,397,ISIC_0012278.jpg,ISIC_0012278_segmentation.png,a2dd200b1429e4377df246dc5ff0dad06b2af66ad85c833cfb97303568b191a4,0.273605347,0.999813665
test,398,ISIC_0013031.jpg,ISIC_0013031_segmentation.png,254625f911e30ad29c554a637f32c798f13abcbf381ec56925f1eec6c1b72768,0.219523112,0.999630278
test,399,ISIC_0013330.jpg,ISIC_0013330_segmentation.png,1b9d75b63c1d1e0765d2604e91be6c7975e0b887fb4d9d06e2ad2d7e1e0a0738,0.182078044,0.999870143
test,400,ISIC_0011137.jpg,ISIC_0011137_segmentation.png,41dd7b45e918c834a0e15302cddd6b497c5e94fbc04bbbe21a8cef62bc92f091,0.155543009,0.999943195
test,401,ISIC_0016061.jpg,ISIC_0016061_segmentation.png,6e62968aae3f5ee31d2c048be487a5d108d3b2aea69c1730f32a511497a842d7,0.136754354,0.999708273
test,402,ISIC_0010447.jpg,ISIC_0010447_segmentation.png,f3f46ae7b649a4192aa7170fdfb195cc3295f874f94b8a1f10514a54e5621da2,0.248168945,0.999873274
test,403,ISIC_0014833.jpg,ISIC_0014833_segmentation.png,3175cb162684174bad742a790e077526f990474463efb1165a754b6e978b6f51,0.413625081,0.999906587
test,404,ISIC_0015274.jpg,ISIC_0015274_segmentation.png,16f0d03981302757b250a99b462df8681ddf1488fe0bae0de3f398f9ea31470f,0.377120972,0.999941090
test,405,ISIC_0000205.jpg,ISIC_0000205_segmentation.png,a0ef746ac6f2f7bba08ae34ca9ca0f48de57d11bcbf170f7fed68f6c5e35265b,0.275232951,0.999955616
test,406,ISIC_0010257.jpg,ISIC_0010257_segmentation.png,a1334604e8b150187e55dd3ac2dd32e9e77801595c8486b1a75c0498136f7fb5,0.193929036,0.999796232
test,407,ISIC_0010078.jpg,ISIC_0010078_segmentation.png,a719249a8ba3690776976d136f78dc22301d2064549bbb5c62e66d46178c17a4,0.279739380,0.999916088
test,408,ISIC_0013936.jpg,ISIC_0013936_segmentation.png,3f0af3b2a45045828c16b8400ed3830e87f631c6fd2d866f46529673b66f7a43,0.220860799,0.999648620
test,409,ISIC_0014961.jpg,ISIC_0014961_segmentation.png,934157735a604ff385556b4dd71cb3051d560146222b690f5e85e75301e43a69,0.652552287,0.999812353
test,410,ISIC_0000139.jpg,ISIC_0000139_segmentation.png,beb78885134c907f7e0d2293a81318d1562db0b4cfb119c547d1281cc9106bd2,0.222961426,0.999923837
test,411,ISIC_0013709.jpg,ISIC_0013709_segmentation.png,554d468e2534f509984aa71b191e09bccefe2ff4e06162c65101a0d20b44f7cd,0.243398031,0.999818102
test,412,ISIC_0012512.jpg,ISIC_0012512_segmentation.png,f279fe40e4a3515350d9ed50986a945f8939d98dea9dd4fc76fd48a40e8bed69,0.141082764,0.999809699
test,413,ISIC_0000292.jpg,ISIC_0000292_segmentation.png,1e8e58664366acd0321f19385f7b8284d7c9849571c3950262da9d89ef128551,0.186833700,0.999968720
test,414,ISIC_0014915.jpg,ISIC_0014915_segmentation.png,253af8a91479894c04d01afbdc9ddb2da3e4ebb0bb250620a5d08d99bb27415b,0.645273844,0.999870944
test,415,ISIC_0000066.jpg,ISIC_0000066_segmentation.png,a8fcf07d9a9eb26f2c3637dac1b7d598c541a6f398c06b83d3fbc89cd95ba59b,0.150456746,0.999981826
test,416,ISIC_0015215.jpg,ISIC_0015215_segmentation.png,97fca33c1b14120c186037db3b27430e54eeeeb4ff4cc006bbc6dc14e9433b6c,0.442927043,0.999782072
test,417,ISIC_0010042.jpg,ISIC_0010042_segmentation.png,12609d75ff9b83edcb1aeb2d0c0ae145a25cea05730459dae0d96e6932ff0e12,0.154886882,0.999757772
test,418,ISIC_0012258.jpg,ISIC_0012258_segmentation.png,3db971ae4663e3774a261081a8a66fa5bbac5aa8b92e97a8204789c5ef034fb1,0.229497274,0.999684890
test,419,ISIC_0002616.jpg,ISIC_0002616_segmentation.png,e50c715679bb7fded7efd5ecb52cf1fff73878577b050bafd0b878c49fe99bed,0.192286174,0.999940021
test,420,ISIC_0012211.jpg,ISIC_0012211_segmentation.png,0d641b32ec0e9ea42af01bb19e7a95f1bbefe3a834a7d6bcebf8cd69bda2159d,0.152170817,0.999862267
test,421,ISIC_0000119.jpg,ISIC_0000119_segmentation.png,3e7aab9ff18aee5681d14408acdf12a8117f91dae4439f895abd83fca10e9edb,0.000000000,1.000000000
test,422,ISIC_0014576.jpg,ISIC_0014576_segmentation.png,82ab51cd0edb67f39ab9910fa7cfc3a82ebbe85b407896ea00b5ba90bbbeed31,0.074707031,0.999980469
test,423,ISIC_0015636.jpg,ISIC_0015636_segmentation.png,61217038bb4ea87aaae7ac691bd22542e2a05375404105d44143f4fc8edf197b,0.342870076,0.999945371
test,424,ISIC_0009868.jpg,ISIC_0009868_segmentation.png,efa28d54d48b6d141a66a66090c0696c1bdbb568e3bbc1dbb42d5f69f620fa10,0.207738241,0.999864239
test,425,ISIC_0002975.jpg,ISIC_0002975_segmentation.png,18bab2efd25d2c50e042c9590df70a0b65ac88fe78ec38d9e4122f8b959c7e4c,0.258438110,0.999931119
test,426,ISIC_0013226.jpg,ISIC_0013226_segmentation.png,3c39334ac1e7b23caedec35e69cdac23ed47d45ebc6acb3189c14aa2d33e4a9b,0.187072754,0.999791453
test,427,ISIC_0016058.jpg,ISIC_0016058_segmentation.png,45a612695664f04c8afd87f5f56c76ee8570157bc69ffc17de0e5a8a14263d9a,0.167790731,0.999805370
test,428,ISIC_0014222.jpg,ISIC_0014222_segmentation.png,83929c156044541414823081456829520f698eeebc948a9a72ca8524f0fb51fd,0.117034912,0.999881937
test,429,ISIC_0000370.jpg,ISIC_0000370_segmentation.png,beac33d757fa1953d11e9ce771b5be38a1f2fdcdaa2cd58aceb0e3099904361a,0.000000000,1.000000000
test,430,ISIC_0008396.jpg,ISIC_0008396_segmentation.png,a49a154260f5cabe68684a5e9001804844775de065654284219c5279acf5cdf1,0.160695394,0.999862888
test,431,ISIC_0011352.jpg,ISIC_0011352_segmentation.png,c22deab259c550cef88ba22633f67a7add98519bc334dd5f09031ecc6ad20664,0.169637044,0.999917259
test,432,ISIC_0013663.jpg,ISIC_0013663_segmentation.png,33a63ba4f8baca75955a8ec01d7bf70928329a97f75e148e43e499fcf0dcc00c,0.215881348,0.999936788
test,433,ISIC_0012511.jpg,ISIC_0012511_segmentation.png,cf43f76ec44443e81f5f6db3f3164c74becc539e3e5082baf710321b6715a7db,0.114212036,0.999827850
test,434,ISIC_0012406.jpg,ISIC_0012406_segmentation.png,1c6dc9b972b62748b631559e29f95428a73b51f0df48a7888189b8a54efcde61,0.259297689,0.999334372
test,435,ISIC_0000290.jpg,ISIC_0000290_segmentation.png,a1d7add7fc2d9b060828df98cdc28ec1a4291d9a8cee93d28fb25f1f2527e3e2,0.081614176,0.999993356
test,436,ISIC_0011161.jpg,ISIC_0011161_segmentation.png,84f43e038e28be25ae3793b3e7051101f316082b8ab3673f470394046246adfe,0.236857096,0.999879451
test,437,ISIC_0014092.jpg,ISIC_0014092_segmentation.png,684f7ce3b515ad700d3c373ebb307b7a82c8ddd85c4acb46f2cc148d37adab17,0.135121663,0.999814615
test,438,ISIC_0010473.jpg,ISIC_0010473_segmentation.png,d9ef3edd88adf7fa6ca2b1c6242aa67cdfb37527b1c9779915745413dc41803d,0.204788208,0.999891899
test,439,ISIC_0014253.jpg,ISIC_0014253_segmentation.png,dab766cba13a5b6e5933cfadb2875cd2aafd467048bbed36167e37c44a3165a6,0.174967448,0.999583143
test,440,ISIC_0013071.jpg,ISIC_0013071_segmentation.png,b54b8a3b3cfabe039c5458e5d3aefd36bb458560d7ed318c54dc75184a7a31e4,0.087799072,0.999736427
test,441,ISIC_0015003.jpg,ISIC_0015003_segmentation.png,e89ef5511a2ecf0426aa83e6571c30657f80e593b851feb0e0d0d8262eddacab,0.484100342,0.999883537
test,442,ISIC_0000487.jpg,ISIC_0000487_segmentation.png,275bc07230b0f00c6a46038c4c3e1efbe0d0db9ad2cc2423bbfd4f0d817b3e23,0.321665446,0.999765093
test,443,ISIC_0013678.jpg,ISIC_0013678_segmentation.png,0bc962d194dd40c9212ef761f746eba845597c005d05bcb4442086f8d3c596cb,0.297449748,0.999818232
test,444,ISIC_0014274.jpg,ISIC_0014274_segmentation.png,11248f415d0ad6a72678b83e818ccc1e23e3318046e69a9c47f77c7e072ba3ae,0.160837809,0.999792006
test,445,ISIC_0012719.jpg,ISIC_0012719_segmentation.png,5c720d70596ab81f4f61092eda14df44f93d84e0cbc34201fb56ef49366ae578,0.191324870,0.999818930
test,446,ISIC_0012836.jpg,ISIC_0012836_segmentation.png,5a61088e66fe8c47be1d81415514358b3a2b71c5b55fc547d4325360675be8fb,0.229863485,0.999869969
test,447,ISIC_0000074.jpg,ISIC_0000074_segmentation.png,0f2e99fddc1b3664878f9b375338cae41cd46157bcc644fa825c771552245f03,0.298238118,0.999936147
test,448,ISIC_0010215.jpg,ISIC_0010215_segmentation.png,359457b615b8f679e4ca4c469578a14b65060ae429aef27cf3f5c52c4e914260,0.126063029,0.999855431
test,449,ISIC_0014189.jpg,ISIC_0014189_segmentation.png,3b6f6bc0763375109720e30e9aa44d903d4feab8bfc1c930eb09e8a5df906284,0.139597575,0.999852033
test,450,ISIC_0016029.jpg,ISIC_0016029_segmentation.png,3f7c7daa68e5615741b1a9e99bd0c7292071a1321a0d3a753d32cb933cabceec,0.243041992,0.999405849
test,451,ISIC_0008552.jpg,ISIC_0008552_segmentation.png,bff2c6e4cdde23698d1cd98c30bbbe8948ab372a2a33aa852b966274c18d68f3,0.182454427,0.999949898
test,452,ISIC_0008879.jpg,ISIC_0008879_segmentation.png,b98397e24fc79ba3ef0bad472fa8848b7a8546b128dfa73d132d7f2a736821b0,0.262090047,0.999906650
test,453,ISIC_0014867.jpg,ISIC_0014867_segmentation.png,7716428e6771a14412c0c0624c3cd11045d6f2257fa7557be904033852cfe2e7,0.394144694,0.999898066
test,454,ISIC_0014796.jpg,ISIC_0014796_segmentation.png,291052ed3d48c6beb740c8ffbf369167fea175fc32a4b1e901945abe0b02bf38,0.385920207,0.999932365
test,455,ISIC_0010862.jpg,ISIC_0010862_segmentation.png,700d7b0615225910464d5ef94321185c154263e7e238ea8522affc5d653eb2ba,0.252833049,0.999846704
test,456,ISIC_0012469.jpg,ISIC_0012469_segmentation.png,328d8bc9df851feb894f41abf877365d774d3674196ccabdae54d4e7b6ace550,0.143412272,0.999889615
test,457,ISIC_0015229.jpg,ISIC_0015229_segmentation.png,5eb1a669a667b45c4ef71c98f0f8ab9d9af426d9a35c8dc12343d845fcc7a96c,0.328272502,0.999940099
test,458,ISIC_0000191.jpg,ISIC_0000191_segmentation.png,aa906bb4b1b2daafd2d8e7fcdb8b6422266047a9bbb2f4460846a38293ef2075,0.294235229,0.999950050
test,459,ISIC_0012207.jpg,ISIC_0012207_segmentation.png,e8d1d7e55f95f0d0361e4d99d836092f97f518fec07f20c0e334081873851a59,0.286229451,0.999890778
test,460,ISIC_0000058.jpg,ISIC_0000058_segmentation.png,e4d18cc382e902baf2545e1b042de1dd7808dcafd7ab990dc6d45486c693b7a0,0.095881144,0.999949374
test,461,ISIC_0009947.jpg,ISIC_0009947_segmentation.png,5ac7c421813bf2b3c40bfb4f3597a4e45b6c94b1dbff440a0db97d2b9c4b1fc4,0.268829346,0.999813111
test,462,ISIC_0013390.jpg,ISIC_0013390_segmentation.png,b20ed778ea88a2aabd3748b19474b898bb2c4ade2cd1420eff61ae64db68acee,0.235438029,0.999851665
test,463,ISIC_0014680.jpg,ISIC_0014680_segmentation.png,c118ba84fd8ab3778e47a2f26a8ab9a9aeb42c1a3e7078ea9196b268cc79c9ee,0.374954224,0.999932782
test,464,ISIC_0013695.jpg,ISIC_0013695_segmentation.png,7a34778d0a1437b08434de53fb2ef0add93ac2522dcc53bfd5218010c3a312ce,0.253804525,0.999449905
test,465,ISIC_0001128.jpg,ISIC_0001128_segmentation.png,9cccded44c7d90759d795157ddd9db76da8dfb0c1252f3254ef2916cfb409491,0.102376302,0.999869072
test,466,ISIC_0010216.jpg,ISIC_0010216_segmentation.png,b8fa0f1794ee5f4b9a17d8cdecb8a335819d946ef377d9bdf4b173695a0c1ba0,0.240498861,0.999802611
test,467,ISIC_0002246.jpg,ISIC_0002246_segmentation.png,739b128b31cebd5e17a725846321f47d765efa2bcc10441df7450a8709292eea,0.314529419,0.999905461
test,468,ISIC_0014617.jpg,ISIC_0014617_segmentation.png,579cbcab956f5a8cd2a24c164b3f1d155f361c1791cd25eca992cc4e8803f7e7,0.199930827,0.999905061
test,469,ISIC_0001103.jpg,ISIC_0001103_segmentation.png,f2d2f1bcfb028830f34a5bb8e59e44949e3dac6b57797759e7e0cedb963e0576,0.072926839,0.999920278
test,470,ISIC_0000393.jpg,ISIC_0000393_segmentation.png,f574e4d082035899120d88b110048f7a7ec95806d50202698cdc4d0ec28eeaef,0.094746908,0.999923132
test,471,ISIC_0010379.jpg,ISIC_0010379_segmentation.png,6118d52c11eaf949750ef685d55d2a903fe3de73562935235e44a12fd027651e,0.231679281,0.999899211
test,472,ISIC_0000380.jpg,ISIC_0000380_segmentation.png,a26396c1712d01838a2cbf3a94b1bb4c7ae9ab90b2a3f71f4cad4ea4b30172c0,0.168533325,0.999958142
test,473,ISIC_0014849.jpg,ISIC_0014849_segmentation.png,2a7d2c09e1567a0f68e2ac820bf29071db9fd8205dfdda8650f4ac9355800966,0.300638835,0.999940351
test,474,ISIC_0000331.jpg,ISIC_0000331_segmentation.png,9f053f359323a9a66c4b9dd332ae11c2afcef1687fef32b24682ffbf02024683,0.000000000,1.000000000
test,475,ISIC_0010169.jpg,ISIC_0010169_segmentation.png,cbca758b4f185a08ff60e098fb4d8364c2865863a89f63bf4615da124dd78961,0.194066366,0.999939961
test,476,ISIC_0011124.jpg,ISIC_0011124_segmentation.png,1374bf4833ee6b97312b03f1309a8c228c92418e2ba0a666bd5395096fb994f0,0.165842692,0.999936819
test,477,ISIC_0014581.jpg,ISIC_0014581_segmentation.png,a8987875c1ccf56c6603e6c4fdd5ac48583b3f22c27426ee40f6349072a5cd51,0.228388468,0.999900333
test,478,ISIC_0016053.jpg,ISIC_0016053_segmentation.png,cc71896e1d4b353328eedb7fd18736c1479209d04f611f5f4af04c7cd4dd73e9,0.147343953,0.999790045
test,479,ISIC_0012773.jpg,ISIC_0012773_segmentation.png,22cac9ee9639bb0b785e7a70f8ae4390c4c14de4d00c10c366f40b90032a61e1,0.215652466,0.999894600
test,480,ISIC_0010059.jpg,ISIC_0010059_segmentation.png,3ff66c0f4cb54d0d7402b4f2194b985be6c42b83a656f4b150e24959ab562b6d,0.265106201,0.999720084
test,481,ISIC_0011362.jpg,ISIC_0011362_segmentation.png,1401238ec50c54b8af8ef3835e30ecda7f677c471a538896f83d74d2e8fda59f,0.161687215,0.999847047
test,482,ISIC_0000173.jpg,ISIC_0000173_segmentation.png,d10d088c569251bf52dbe1e6cc8bb29c1799537366b39a965c4bf6b5337703de,0.372904460,0.999914795
test,483,ISIC_0011212.jpg,ISIC_0011212_segmentation.png,a985453756bbf743dca55e5e27b0d476aa9d57e7bf0d7b070bd37b679f93694c,0.128885905,0.999948272
test,484,ISIC_0013274.jpg,ISIC_0013274_segmentation.png,2e6afea44a1e67c08a16c45a9295b42d650c665822d060f2ac1f93a48b44c8f6,0.498906453,0.999213669
test,485,ISIC_0015993.jpg,ISIC_0015993_segmentation.png,9694b3617eac5b083eff2db185169dcb894af11087d9dedfd22290745cdb108b,0.179667155,0.999701874
test,486,ISIC_0013656.jpg,ISIC_0013656_segmentation.png,f909c513daaf9c9f4c53929c763d38e5bc51977e66595cc5c3a97529d434a7dc,0.129053752,0.999805079
test,487,ISIC_0013393.jpg,ISIC_0013393_segmentation.png,b9523c82cfd945a232bb545b1ef02772d028d28c5833fc24961e4dec0f5a8518,0.230784098,0.999851262
test,488,ISIC_0010102.jpg,ISIC_0010102_segmentation.png,c55dce31ca434882cbf07f6d21d90aeb65bfe99424841b44c3a8e2af55ed1c01,0.231363932,0.999815956
test,489,ISIC_0015030.jpg,ISIC_0015030_segmentation.png,0331197770bc675833c983b6914604a001e15ae4d64683ed963f267a794eca2f,0.514312744,0.999900945
test,490,ISIC_0013217.jpg,ISIC_0013217_segmentation.png,2a45688af2729d3495a93fd3f269d40c069639c86084e7e2c928f05848ed0437,0.132136027,0.999801412
test,491,ISIC_0000068.jpg,ISIC_0000068_segmentation.png,2104b91e8d18d2e471d88becdb6f91428ee4d9d8e807f7ebacbe0dc7b8fe0fbc,0.132502238,0.999980639
test,492,ISIC_0000278.jpg,ISIC_0000278_segmentation.png,ec0587dae39bb88820446e3405ee3e0a23f3609eacc7c97582519285f7574dd1,0.185373942,0.999968528
test,493,ISIC_0013275.jpg,ISIC_0013275_segmentation.png,33ac2e45de995bc384b9d277af5fde92fd5e71bb44b54dda13c3db3056461480,0.197224935,0.999771934
test,494,ISIC_0014694.jpg,ISIC_0014694_segmentation.png,82ef89e0760a4ed485b4a86ab788c9136c3bf75783fd1b9ddd254e01f66e1076,0.419535319,0.999938518
test,495,ISIC_0012238.jpg,ISIC_0012238_segmentation.png,1cdc6fa4d5e51db244cfdc6c4dc86338233f1d0877bdd7d1ace47ad9d7b6fa28,0.193700155,0.999826868
test,496,ISIC_0010019.jpg,ISIC_0010019_segmentation.png,4f26d30ef7b6a8e2df122bcb202a3e87cdc2210ca5c84fd9f53c14fe898b6af8,0.186767578,0.999930681
test,497,ISIC_0014876.jpg,ISIC_0014876_segmentation.png,984afea57ffcf42da93547d9afeba4c5dbcc08254cd60c04030c893daeb5e12d,0.332316081,0.999940869
test,498,ISIC_0011330.jpg,ISIC_0011330_segmentation.png,e0444bf57bf67a2188051f33f98d7bf241fa2c25cc074d209ef385d567c1c564,0.213938395,0.999903485
test,499,ISIC_0009940.jpg,ISIC_0009940_segmentation.png,f0722a97aa60f694f70915ef1fe2b14cec80a3fc4e295478d6b6ebf60128672b,0.215459188,0.999930462
test,500,ISIC_0015978.jpg,ISIC_0015978_segmentation.png,50537ed32d2a2b3982073ac4cd9f1b9b79aa06df4e9ba2a6146cb6309e22089d,0.163436890,0.999903289
test,501,ISIC_0000210.jpg,ISIC_0000210_segmentation.png,fccd59b33e6721a2b9ad8e3225a7e31060f58432be79c7e0b7fe2779ca9109be,0.177134196,0.999974159
test,502,ISIC_0012792.jpg,ISIC_0012792_segmentation.png,e8339bfec8be03c9c129c813b6d92ac917a010de0d55ea2de9915fe25cdaed24,0.210016886,0.999890433
test,503,ISIC_0010497.jpg,ISIC_0010497_segmentation.png,1ffd706ab48fa0f547828f9e6fdc164060132ce5785384f820e8eff39702c8a5,0.138331095,0.999863495
test,504,ISIC_0012288.jpg,ISIC_0012288_segmentation.png,e6c7a281e4c3a780a169a422c0416ab735eb638e496766e71695fb1249f5dcca,0.181391398,0.999882267
test,505,ISIC_0014029.jpg,ISIC_0014029_segmentation.png,2292aee50fa49d738e921082fb135c3fc07ee9ac302cbb8cdb24de3b4d18b201,0.165445964,0.999750426
test,506,ISIC_0012749.jpg,ISIC_0012749_segmentation.png,09f82fa65105ac9766925ad94eedb6efcb5ebb5c2da86f332046181d15656e20,0.257385254,0.999922041
test,507,ISIC_0013456.jpg,ISIC_0013456_segmentation.png,6db94997e15f6da3f6f5e82a9fe9a1bcf1543e283f94c2e1311c475d7b0eb398,0.205830892,0.999761642
test,508,ISIC_0013861.jpg,ISIC_0013861_segmentation.png,fb7e3199d9966707bb289dc933dcca1ee6071eac4236905882b58cf991e1b513,0.217890422,0.999776273
test,509,ISIC_0015980.jpg,ISIC_0015980_segmentation.png,11c996e7a2eb274bb3e3229a447cd6545df0a743bce410d6a67d33197da7187e,0.184794108,0.999709196
test,510,ISIC_0013244.jpg,ISIC_0013244_segmentation.png,4a5a673afcb05501a9afe261bcc3c123c8dba34fb613d5d461cc79e9579cb4dc,0.447758993,0.999728458
test,511,ISIC_0009988.jpg,ISIC_0009988_segmentation.png,03fa659b4ce43424a6c19427c63f1f90f8ff833ead7ddfa7c1ec89a88d76c6aa,0.186813354,0.999933352
test,512,ISIC_0011205.jpg,ISIC_0011205_segmentation.png,93b09c31eb88f2da43c82da97fc847f46c044c8aca9ba3533262696e56775695,0.213770549,0.999934987
test,513,ISIC_0012334.jpg,ISIC_0012334_segmentation.png,9aeb693be64b68df14d1fd0f0e1beddc0c40db523e90a0888ea9140baacfb9ca,0.237594604,0.999808591
test,514,ISIC_0015310.jpg,ISIC_0015310_segmentation.png,94f7046c4c9a92ea6735132a91e38c3edae7d3dc1b59bd8ca3b396c5a4fcd7d4,0.487040202,0.999923557
test,515,ISIC_0013910.jpg,ISIC_0013910_segmentation.png,98f5e6cf64da9dbf7b81f191b03fa2812414efa1ca01790f15512d138fd0b1cd,0.235468547,0.999808305
test,516,ISIC_0014928.jpg,ISIC_0014928_segmentation.png,57b570ebf7d14d60c97e3dd5c9a7b3e76cff83e27fe1ca18a28668884d50ff0f,0.617380778,0.999804152
test,517,ISIC_0000999.jpg,ISIC_0000999_segmentation.png,34a4b0e62e07ab1e241a78801314e88c158ab148b0b661b536ceb40969586974,0.311040243,0.999899388
test,518,ISIC_0014428.jpg,ISIC_0014428_segmentation.png,2cc9a8bc6afd2837990e269dfa31de545716c31551438932f3c463b2a06f7ade,0.171346029,0.999756218
test,519,ISIC_0014157.jpg,ISIC_0014157_segmentation.png,778d04a8900a337b7be1e98cbf91150d5398e9bc5ae2a29a2130d576ab46cb2d,0.096232096,0.999916632
